event_id,having_IP_Address,URL_Length,Shortining_Service,having_At_Symbol,double_slash_redirecting,Prefix_Suffix,having_Sub_Domain,SSLfinal_State,Domain_registeration_length,Favicon,port,HTTPS_token,Request_URL,URL_of_Anchor,Links_in_tags,SFH,Submitting_to_email,Abnormal_URL,Redirect,on_mouseover,RightClick,popUpWidnow,Iframe,age_of_domain,DNSRecord,web_traffic,Page_Rank,Google_Index,Links_pointing_to_page,Statistical_report,label
UCI327-00539,-1,-1,-1,1,-1,-1,-1,-1,-1,1,1,-1,1,-1,-1,-1,1,-1,1,1,1,1,1,-1,-1,1,-1,1,1,1,1
UCI327-02086,1,-1,1,1,1,-1,0,0,1,-1,-1,1,-1,-1,0,-1,-1,1,0,-1,1,-1,-1,1,1,0,-1,1,0,-1,1
UCI327-08604,-1,-1,1,1,1,-1,1,-1,-1,1,1,1,1,0,0,-1,1,1,0,1,1,1,1,1,1,-1,-1,-1,1,1,0
UCI327-05934,-1,-1,1,1,1,-1,1,-1,1,1,1,1,1,0,0,-1,1,1,1,1,1,1,1,-1,1,1,1,1,1,1,1
UCI327-07446,1,-1,1,1,1,-1,-1,1,-1,1,1,1,1,0,-1,-1,1,1,1,1,1,1,1,-1,1,0,1,1,0,1,1
UCI327-08305,-1,-1,1,1,1,-1,-1,1,1,1,1,1,-1,1,1,-1,1,1,0,1,1,1,1,1,1,1,-1,1,0,1,1
UCI327-09175,-1,-1,1,1,1,-1,1,1,1,1,1,1,-1,0,-1,0,1,1,0,1,1,1,1,1,1,0,-1,1,1,1,0
UCI327-02271,1,-1,1,1,1,-1,0,-1,-1,1,1,1,1,-1,1,-1,1,1,0,1,1,1,1,-1,-1,-1,-1,1,1,1,1
UCI327-09598,1,-1,1,1,1,-1,1,1,1,1,1,1,-1,1,1,0,1,1,0,1,1,1,1,1,1,1,-1,1,0,-1,0
UCI327-08188,-1,0,-1,-1,-1,-1,-1,1,1,1,-1,1,-1,-1,1,-1,1,-1,0,1,-1,1,-1,1,1,1,-1,-1,1,1,1
UCI327-07621,-1,-1,1,1,1,-1,1,0,1,1,1,1,-1,-1,1,-1,1,1,1,1,1,1,1,-1,1,-1,-1,1,1,1,1
UCI327-00338,1,-1,1,1,1,-1,-1,-1,1,1,1,1,-1,0,0,-1,1,1,0,1,1,1,1,-1,1,-1,1,1,0,1,1
UCI327-06338,1,-1,1,1,1,-1,-1,1,1,1,1,1,-1,-1,-1,-1,1,1,0,1,1,1,1,-1,1,-1,1,1,0,1,1
UCI327-07588,-1,-1,1,-1,1,-1,0,1,1,1,1,1,-1,-1,-1,-1,1,1,1,1,1,1,1,-1,1,0,1,1,1,1,1
UCI327-07856,-1,-1,1,1,1,-1,0,-1,-1,1,1,1,1,-1,1,0,1,1,0,1,1,1,1,-1,1,-1,-1,1,1,1,1
UCI327-10604,1,-1,1,-1,1,-1,0,-1,-1,-1,-1,1,1,-1,-1,0,-1,1,0,-1,1,-1,-1,-1,1,0,-1,1,1,1,1
UCI327-08905,-1,-1,1,1,1,-1,-1,-1,-1,1,1,1,1,0,1,-1,1,1,0,1,1,1,1,1,1,1,-1,1,1,1,0
UCI327-06497,-1,-1,1,-1,1,-1,1,0,1,-1,-1,1,-1,-1,-1,-1,-1,1,1,-1,-1,-1,-1,-1,1,1,-1,1,1,1,1
UCI327-02806,1,-1,1,1,-1,-1,-1,1,-1,1,1,1,1,1,0,-1,1,1,0,1,1,1,1,1,1,1,1,-1,0,-1,0
UCI327-08390,1,-1,1,-1,1,-1,0,1,-1,1,1,1,1,1,-1,1,1,1,0,1,1,1,1,1,1,1,-1,1,0,1,0
UCI327-02532,1,-1,1,1,-1,1,-1,1,-1,1,1,1,1,1,0,-1,1,-1,0,1,1,1,1,1,-1,1,-1,1,0,1,0
UCI327-02562,1,-1,1,1,1,-1,0,0,1,-1,-1,1,1,-1,-1,-1,1,1,0,-1,-1,-1,-1,1,-1,0,-1,1,0,-1,1
UCI327-06459,1,-1,1,1,1,-1,1,1,-1,1,1,1,1,0,-1,0,1,1,0,1,1,1,1,-1,1,1,-1,1,0,1,0
UCI327-05614,1,-1,1,-1,1,-1,1,1,-1,1,1,1,1,0,0,1,1,1,0,1,1,1,1,-1,1,1,-1,1,0,1,0
UCI327-08046,-1,-1,1,1,1,-1,1,1,1,1,1,1,-1,0,0,-1,1,1,0,1,1,1,1,-1,1,0,1,1,1,1,1
UCI327-00570,1,-1,1,-1,1,1,1,1,-1,1,1,1,1,0,1,-1,1,1,0,1,1,1,1,1,1,1,-1,1,0,1,0
UCI327-08908,1,-1,1,1,1,-1,0,1,-1,1,1,1,-1,1,-1,1,1,1,0,1,1,1,1,1,1,1,-1,-1,0,1,0
UCI327-05766,-1,-1,1,1,1,-1,0,0,-1,1,1,1,1,-1,-1,-1,1,1,0,1,1,1,1,-1,1,-1,-1,1,1,-1,1
UCI327-05722,1,-1,1,1,1,1,1,1,-1,1,1,1,1,0,0,1,1,1,0,1,1,1,1,-1,1,1,-1,1,0,1,0
UCI327-00069,1,-1,1,1,-1,-1,-1,-1,1,1,1,1,-1,-1,-1,-1,1,1,0,1,1,1,1,-1,-1,-1,-1,1,-1,1,1
UCI327-00657,1,1,1,1,1,-1,0,1,-1,-1,-1,1,1,0,0,1,-1,1,0,1,1,-1,1,-1,1,1,-1,1,0,-1,0
UCI327-09792,-1,-1,1,1,1,-1,1,-1,1,1,1,1,1,0,-1,-1,1,1,0,1,1,1,1,1,1,1,-1,-1,0,1,1
UCI327-07250,-1,-1,1,1,1,-1,0,1,1,1,1,1,-1,0,0,1,1,1,0,1,1,1,1,-1,1,0,-1,1,1,1,0
UCI327-08857,-1,-1,1,1,1,-1,-1,0,-1,1,1,1,1,0,0,-1,1,1,0,1,1,1,1,1,1,0,-1,1,0,1,1
UCI327-07273,-1,1,1,1,1,-1,1,1,-1,1,1,1,1,0,1,-1,1,1,0,1,1,1,1,1,1,1,-1,1,1,1,0
UCI327-00425,1,-1,1,1,1,-1,-1,-1,-1,1,1,1,1,0,0,-1,1,1,0,1,1,1,1,1,-1,0,-1,1,1,1,1
UCI327-02364,1,-1,1,1,1,-1,0,1,1,1,1,1,-1,0,-1,-1,1,1,0,1,1,1,1,-1,1,0,-1,-1,0,1,1
UCI327-09371,1,-1,1,1,1,-1,-1,-1,-1,1,1,1,1,-1,0,-1,1,1,0,1,1,1,1,1,1,1,-1,1,0,1,1
UCI327-06017,-1,-1,1,1,1,-1,0,-1,1,1,1,1,-1,-1,-1,0,1,1,0,1,1,1,1,-1,1,-1,1,1,0,1,1
UCI327-06267,-1,1,-1,1,-1,-1,1,1,-1,1,1,-1,1,1,-1,1,1,1,0,1,1,1,1,1,-1,1,-1,-1,-1,1,0
UCI327-10518,1,-1,-1,-1,1,-1,1,1,1,1,1,1,1,0,0,0,1,1,0,1,1,1,1,1,1,-1,-1,1,0,1,0
UCI327-02527,-1,-1,1,1,1,-1,-1,-1,1,1,1,1,1,-1,-1,-1,1,1,0,1,1,1,1,1,-1,0,-1,1,1,-1,1
UCI327-06264,-1,-1,1,1,1,-1,0,1,-1,1,1,1,1,0,0,-1,1,1,0,1,1,1,1,-1,1,0,-1,1,1,1,1
UCI327-05879,1,-1,1,1,1,-1,0,0,1,-1,1,-1,-1,-1,0,-1,1,1,0,-1,1,-1,1,-1,1,-1,-1,1,1,-1,1
UCI327-00734,1,1,1,1,1,-1,-1,-1,1,1,1,1,1,0,0,1,1,1,0,1,1,1,1,1,-1,1,-1,-1,1,1,1
UCI327-00220,1,-1,1,1,1,-1,0,-1,1,1,1,1,-1,0,-1,-1,1,1,0,1,1,1,1,-1,-1,1,-1,1,0,1,1
UCI327-05309,1,-1,1,-1,1,-1,1,1,-1,-1,-1,1,1,1,-1,-1,-1,1,0,-1,1,-1,1,-1,1,1,1,1,0,1,0
UCI327-09119,-1,-1,-1,-1,1,-1,0,0,-1,1,1,-1,1,0,-1,-1,-1,-1,0,1,1,1,1,1,1,1,-1,1,1,1,1
UCI327-07318,1,1,1,1,1,1,0,-1,-1,1,1,1,1,0,0,-1,1,1,1,1,1,1,1,1,1,1,-1,1,-1,1,0
UCI327-10359,1,-1,1,1,1,-1,-1,-1,1,1,1,1,-1,-1,0,0,1,1,0,1,1,1,1,1,1,1,-1,1,0,1,1
UCI327-08180,-1,0,1,-1,1,-1,0,1,1,1,-1,1,-1,-1,-1,-1,-1,1,0,1,-1,1,-1,1,1,0,-1,-1,0,1,1
UCI327-07612,1,-1,1,1,1,-1,1,0,-1,1,1,1,1,-1,0,0,1,1,0,1,1,1,1,-1,1,-1,-1,1,0,1,1
UCI327-01112,1,-1,1,1,1,-1,-1,1,-1,-1,-1,1,1,1,0,-1,-1,1,0,-1,-1,-1,-1,-1,1,1,-1,1,0,-1,0
UCI327-05657,1,-1,1,-1,1,-1,1,1,-1,1,1,-1,-1,1,0,-1,-1,-1,0,1,1,1,1,-1,1,-1,1,1,0,1,0
UCI327-01396,1,-1,1,1,1,-1,-1,1,1,1,1,1,-1,-1,-1,-1,1,1,0,1,1,1,1,-1,-1,0,-1,1,1,1,1
UCI327-02912,1,-1,1,1,1,-1,0,1,1,-1,-1,1,1,-1,0,-1,-1,1,0,-1,1,-1,-1,1,1,0,-1,1,0,-1,1
UCI327-00850,1,-1,1,1,1,-1,1,1,1,1,1,1,-1,1,0,-1,1,1,0,1,1,1,1,1,1,-1,-1,1,0,1,0
UCI327-02234,1,-1,1,1,1,-1,-1,-1,-1,-1,-1,1,1,1,0,-1,-1,1,0,-1,-1,-1,-1,-1,1,0,-1,-1,0,-1,1
UCI327-00106,1,-1,1,1,1,-1,-1,-1,-1,1,1,1,1,0,-1,-1,-1,1,0,1,1,1,1,1,-1,1,-1,1,-1,1,1
UCI327-00207,1,-1,1,1,1,-1,1,1,-1,1,1,1,1,0,1,-1,1,1,0,1,1,1,1,1,-1,1,-1,1,0,1,0
UCI327-00371,1,-1,1,1,1,-1,1,-1,-1,1,1,1,1,0,0,-1,1,1,0,1,1,1,1,1,1,0,-1,1,0,1,0
UCI327-02818,1,-1,1,1,1,-1,1,-1,1,1,1,1,-1,-1,0,-1,1,1,0,1,1,1,1,1,-1,-1,-1,1,1,1,1
UCI327-09309,1,-1,1,1,1,1,0,1,-1,1,1,1,1,1,-1,1,1,1,0,1,1,1,1,1,1,1,-1,1,0,1,0
UCI327-00463,1,1,1,1,1,-1,-1,1,-1,1,1,1,1,0,0,1,1,1,0,1,1,1,1,1,-1,1,1,1,0,1,0
UCI327-10307,1,1,1,-1,1,-1,0,0,-1,-1,-1,1,1,-1,-1,-1,-1,1,0,1,1,-1,1,1,1,0,1,1,0,1,1
UCI327-05920,1,-1,1,1,1,-1,1,1,1,1,1,-1,-1,0,1,0,-1,1,0,1,1,1,1,-1,1,1,-1,1,0,1,0
UCI327-08870,-1,0,1,-1,1,-1,1,0,1,1,1,1,-1,-1,-1,-1,-1,-1,0,1,1,1,1,1,1,1,-1,1,1,1,1
UCI327-10490,-1,1,-1,-1,-1,-1,-1,-1,-1,-1,-1,-1,1,-1,1,-1,-1,-1,1,-1,-1,-1,-1,1,-1,0,1,1,1,1,1
UCI327-06344,-1,-1,1,1,1,-1,-1,-1,1,1,1,1,-1,-1,0,-1,1,1,0,1,1,1,1,-1,1,0,1,1,0,1,1
UCI327-09301,-1,-1,1,1,1,-1,0,-1,-1,1,1,1,1,0,0,-1,1,1,0,1,1,1,1,1,1,1,-1,1,1,1,1
UCI327-01363,1,-1,1,1,-1,-1,1,1,-1,1,1,1,1,1,0,-1,1,1,1,1,1,1,1,1,1,1,1,-1,-1,1,0
UCI327-02472,1,-1,1,1,1,-1,0,1,-1,-1,-1,1,1,1,1,-1,1,-1,0,-1,1,-1,1,-1,1,1,-1,1,1,-1,0
UCI327-06783,-1,-1,1,1,1,-1,0,-1,1,1,1,1,1,-1,-1,-1,1,1,1,1,1,1,1,-1,1,0,-1,1,0,1,1
UCI327-08692,1,-1,1,1,1,1,-1,-1,1,1,1,1,-1,0,-1,-1,1,1,0,1,1,1,1,1,1,1,-1,1,1,1,0
UCI327-00300,1,1,1,-1,1,1,-1,1,-1,1,1,1,1,0,1,1,1,1,0,1,1,1,1,-1,1,1,-1,1,0,1,0
UCI327-01777,1,-1,1,1,1,-1,0,0,-1,1,1,1,1,-1,0,-1,1,1,0,1,1,1,1,1,-1,0,-1,1,0,1,1
UCI327-05137,1,-1,-1,-1,1,-1,1,1,-1,1,1,1,1,0,0,0,1,1,0,1,1,1,1,-1,1,1,-1,1,0,1,0
UCI327-05968,-1,-1,1,1,1,-1,0,-1,1,1,1,1,1,-1,0,-1,1,1,0,1,1,1,1,-1,1,0,1,1,0,1,1
UCI327-06227,1,-1,1,1,1,-1,1,1,1,1,1,1,1,1,0,1,1,1,1,1,1,1,1,-1,1,1,-1,1,0,1,0
UCI327-09259,1,1,-1,-1,-1,1,1,-1,-1,1,1,-1,1,1,1,-1,1,-1,1,1,1,1,1,1,-1,0,1,-1,1,1,0
UCI327-05191,1,1,1,-1,1,-1,1,-1,1,1,-1,1,-1,-1,-1,-1,1,1,0,1,1,1,-1,-1,1,-1,1,1,0,1,1
UCI327-09150,-1,-1,1,1,1,-1,1,1,1,1,1,1,-1,0,1,1,1,1,0,1,1,1,1,-1,1,0,-1,1,1,1,0
UCI327-09117,-1,-1,-1,-1,-1,-1,1,1,-1,1,1,-1,1,1,0,-1,-1,-1,1,1,1,1,1,-1,-1,-1,-1,1,-1,1,0
UCI327-05743,1,-1,1,1,1,-1,1,-1,1,1,1,1,-1,-1,-1,-1,1,1,0,1,1,1,1,-1,1,0,1,1,0,-1,1
UCI327-08709,1,1,1,1,1,1,1,1,-1,1,1,1,1,0,0,1,1,1,0,1,1,1,1,1,1,-1,1,1,0,1,0
UCI327-00795,1,1,1,1,1,-1,-1,-1,-1,1,1,1,1,-1,0,1,1,1,0,1,1,1,1,-1,1,-1,-1,1,0,1,1
UCI327-00775,1,-1,1,1,1,-1,0,0,1,1,1,1,-1,1,-1,-1,1,1,0,1,1,1,1,1,-1,-1,-1,-1,1,1,1
UCI327-06869,1,-1,1,1,1,-1,0,-1,-1,1,1,1,1,0,-1,-1,1,1,0,1,1,1,1,-1,1,0,-1,1,0,1,0
UCI327-09763,-1,-1,1,-1,1,-1,1,1,-1,-1,-1,1,1,0,1,-1,-1,1,0,-1,-1,-1,-1,1,1,1,-1,1,1,1,0
UCI327-06740,1,1,1,1,1,-1,1,0,1,1,1,1,-1,-1,-1,-1,1,1,0,1,1,1,1,1,1,0,1,1,0,1,1
UCI327-01724,-1,-1,-1,1,-1,-1,0,1,1,1,1,-1,-1,0,1,-1,1,-1,1,1,1,1,1,1,-1,1,-1,1,1,1,0
UCI327-08973,-1,-1,1,1,1,-1,-1,-1,1,1,1,1,-1,-1,0,-1,1,1,0,1,1,1,1,1,1,1,-1,1,0,1,1
UCI327-00443,1,-1,1,1,1,-1,-1,1,1,1,1,1,1,0,0,-1,1,1,0,1,1,1,1,1,1,-1,1,1,0,1,0
UCI327-09860,-1,1,1,1,1,-1,-1,0,-1,1,1,1,1,-1,-1,-1,1,1,0,1,1,1,1,1,1,0,1,1,0,1,1
UCI327-07474,1,-1,1,-1,1,-1,1,-1,-1,-1,-1,1,1,0,1,-1,-1,1,0,-1,1,-1,-1,-1,1,0,-1,1,1,1,0
UCI327-06914,-1,-1,1,1,1,-1,-1,1,-1,1,1,-1,1,0,1,-1,1,1,0,1,1,1,1,-1,1,-1,-1,1,0,1,0
UCI327-02921,1,-1,1,1,1,-1,-1,-1,-1,1,1,1,-1,0,-1,-1,1,1,0,1,1,1,1,-1,-1,0,-1,-1,0,-1,1
UCI327-09723,1,1,1,1,1,-1,0,1,-1,1,1,1,1,-1,-1,-1,1,1,0,1,1,1,1,1,1,1,1,1,0,1,1
UCI327-10270,1,1,1,1,1,-1,0,-1,-1,1,1,-1,1,0,0,-1,1,1,0,1,1,1,1,1,1,-1,-1,1,-1,1,0
UCI327-01248,1,0,-1,1,1,-1,0,1,-1,1,1,1,1,0,0,-1,-1,-1,0,-1,1,-1,1,-1,-1,1,-1,-1,-1,-1,0
UCI327-08327,-1,-1,1,-1,1,-1,-1,0,1,1,1,1,-1,-1,1,1,1,1,0,1,1,1,1,1,1,1,-1,1,1,-1,1
UCI327-06100,-1,-1,-1,-1,1,-1,0,0,-1,1,1,-1,1,0,-1,-1,-1,-1,0,1,1,1,1,-1,1,0,1,1,1,1,1
UCI327-09983,-1,-1,1,1,1,-1,1,1,-1,-1,1,1,1,0,-1,-1,1,1,0,1,1,-1,1,1,1,1,-1,1,0,1,0
UCI327-05988,1,-1,1,1,1,-1,1,1,-1,1,1,1,1,0,1,-1,1,1,0,1,1,1,1,-1,1,1,-1,1,0,1,0
UCI327-01166,1,-1,1,1,1,-1,0,1,-1,1,1,1,-1,0,0,-1,1,1,0,1,1,1,1,-1,-1,1,-1,1,0,1,0
UCI327-08410,1,-1,1,1,1,1,1,1,-1,1,1,1,1,1,1,1,1,-1,0,1,1,1,1,-1,1,1,-1,1,0,1,0
UCI327-09237,-1,-1,-1,1,-1,-1,-1,0,1,1,1,-1,-1,-1,1,-1,1,1,1,-1,1,-1,1,1,-1,0,-1,1,0,1,1
UCI327-08461,1,1,1,-1,1,1,0,1,-1,1,1,1,1,0,-1,-1,1,1,0,1,1,1,1,1,1,1,1,-1,0,1,0
UCI327-08376,-1,-1,1,1,1,-1,1,1,1,1,1,1,-1,0,0,-1,1,1,0,1,1,1,1,1,1,-1,-1,1,1,1,0
UCI327-08237,-1,-1,-1,-1,-1,-1,-1,1,-1,1,1,1,1,-1,0,-1,1,1,0,1,1,1,1,1,-1,1,-1,-1,0,1,1
UCI327-09159,1,-1,1,1,-1,-1,0,-1,-1,1,1,1,1,0,0,-1,-1,1,1,1,1,1,1,1,1,1,-1,-1,0,1,1
UCI327-10250,1,-1,1,1,1,-1,0,0,1,1,1,1,-1,0,-1,-1,1,1,0,1,1,1,1,1,1,1,-1,-1,0,1,1
UCI327-02777,1,-1,1,1,1,-1,-1,-1,-1,1,1,-1,-1,-1,-1,-1,1,1,0,1,1,1,1,-1,1,0,-1,1,0,1,1
UCI327-09178,1,-1,1,1,1,-1,0,0,-1,-1,1,1,1,-1,0,-1,1,1,0,-1,1,-1,1,1,1,1,-1,1,0,1,1
UCI327-07590,-1,1,-1,1,-1,-1,0,1,1,1,1,-1,-1,-1,1,-1,1,-1,0,1,1,1,1,-1,1,-1,-1,1,0,1,1
UCI327-01101,1,1,1,1,1,-1,0,1,-1,1,1,1,1,1,0,1,1,1,0,1,1,1,1,-1,1,1,1,1,0,1,0
UCI327-07168,-1,1,-1,-1,-1,1,-1,1,-1,1,1,-1,1,0,-1,-1,1,-1,0,1,1,1,1,1,-1,1,-1,-1,1,1,0
UCI327-05495,-1,-1,-1,-1,-1,-1,0,-1,-1,-1,1,-1,-1,-1,1,-1,-1,-1,0,-1,1,-1,1,-1,-1,0,1,-1,0,1,1
UCI327-07283,1,-1,1,1,1,-1,1,1,1,1,1,1,-1,0,-1,1,1,1,0,1,1,1,1,-1,1,-1,1,1,0,1,0
UCI327-00572,1,-1,1,1,1,-1,-1,-1,1,-1,-1,1,-1,-1,0,-1,-1,1,0,1,1,-1,1,-1,-1,-1,-1,-1,0,-1,1
UCI327-07993,-1,-1,1,1,1,-1,-1,1,1,1,1,1,-1,0,0,0,1,1,1,1,1,1,1,-1,1,1,-1,1,1,1,0
UCI327-01973,-1,-1,-1,1,-1,-1,1,1,1,1,1,-1,-1,0,1,-1,1,-1,1,1,1,1,1,1,1,-1,-1,1,0,1,0
UCI327-00067,1,-1,1,1,-1,-1,0,-1,1,1,1,1,-1,0,0,-1,1,1,0,1,1,1,1,1,-1,1,-1,1,0,1,1
UCI327-09215,-1,-1,1,1,1,-1,0,1,-1,1,1,1,1,0,-1,-1,1,1,0,1,1,1,1,1,1,-1,-1,-1,1,1,0
UCI327-01846,1,-1,1,1,1,-1,-1,-1,-1,1,1,1,1,0,-1,-1,1,1,0,1,1,1,1,-1,-1,0,-1,-1,0,1,1
UCI327-06493,-1,-1,1,1,1,-1,1,-1,-1,1,1,1,-1,-1,0,0,1,1,0,1,1,1,1,-1,1,-1,1,1,0,1,1
UCI327-10125,-1,-1,1,-1,1,-1,1,1,-1,-1,-1,1,1,1,1,1,-1,1,0,-1,-1,-1,-1,1,1,1,-1,-1,1,1,0
UCI327-10828,-1,-1,1,1,1,-1,1,-1,1,1,1,1,-1,0,0,-1,1,1,0,1,1,1,1,1,1,0,-1,1,0,-1,1
UCI327-08268,1,-1,1,1,1,-1,0,1,-1,1,1,1,1,1,0,-1,1,1,0,1,1,1,1,1,1,1,-1,1,0,1,0
UCI327-07154,1,1,1,-1,1,-1,1,0,-1,-1,-1,1,1,-1,-1,-1,-1,1,1,-1,1,-1,-1,1,1,-1,-1,1,0,1,1
UCI327-06482,-1,-1,1,1,1,-1,0,-1,-1,1,1,1,1,-1,-1,-1,1,1,0,1,1,1,1,-1,1,1,-1,1,0,1,1
UCI327-00772,1,-1,1,1,1,-1,-1,1,1,1,1,1,-1,0,-1,-1,1,1,0,1,1,1,1,-1,-1,1,-1,1,0,1,1
UCI327-00832,1,-1,1,1,1,-1,-1,1,-1,1,1,1,-1,1,1,-1,1,1,0,1,1,1,1,1,1,1,-1,1,0,1,0
UCI327-08814,-1,-1,1,-1,1,-1,1,1,-1,-1,-1,1,1,-1,1,-1,-1,1,0,-1,1,-1,-1,1,1,-1,-1,1,1,1,0
UCI327-02551,1,1,1,1,1,-1,-1,-1,1,1,1,1,1,-1,-1,-1,1,1,0,1,1,1,1,-1,-1,-1,-1,-1,0,1,1
UCI327-07263,1,-1,1,1,1,-1,0,-1,-1,1,1,1,1,-1,0,-1,1,1,1,1,1,1,1,-1,1,-1,1,1,0,1,1
UCI327-09777,-1,-1,1,1,1,-1,1,1,-1,1,1,1,1,0,-1,-1,1,1,0,1,1,1,1,1,1,1,-1,1,-1,1,0
UCI327-06816,-1,-1,1,1,1,-1,-1,-1,-1,1,1,1,1,1,0,-1,1,1,1,1,1,1,1,-1,1,1,1,1,0,1,1
UCI327-00517,1,1,1,1,1,-1,-1,1,-1,1,1,1,1,1,1,1,1,1,0,1,1,1,1,1,-1,1,-1,1,1,1,0
UCI327-06970,1,-1,1,1,1,-1,0,1,-1,1,1,1,-1,0,-1,1,1,1,0,1,1,1,1,-1,1,1,1,1,0,1,0
UCI327-07242,-1,-1,1,1,1,-1,0,-1,-1,-1,1,1,-1,0,-1,-1,1,1,0,-1,1,-1,-1,-1,1,1,1,1,-1,1,1
UCI327-09011,-1,-1,1,1,1,-1,-1,0,-1,1,1,1,1,-1,-1,-1,1,1,0,1,1,1,1,1,1,0,-1,1,-1,1,1
UCI327-08584,-1,1,1,1,1,-1,0,1,-1,1,1,1,1,0,-1,-1,-1,1,0,1,1,1,1,1,1,1,1,1,0,1,0
UCI327-09945,1,-1,1,1,1,-1,0,1,-1,1,1,1,-1,1,-1,1,1,1,0,1,1,1,1,-1,1,0,-1,-1,0,1,0
UCI327-02222,1,1,1,1,1,-1,0,0,-1,1,1,1,1,-1,0,1,1,1,0,1,1,1,1,1,1,-1,-1,1,0,1,1
UCI327-05978,1,-1,1,-1,1,-1,-1,-1,-1,1,1,1,1,-1,-1,-1,1,1,0,1,1,1,1,-1,1,-1,1,1,0,1,1
UCI327-02763,1,-1,1,-1,1,-1,0,-1,1,1,1,1,-1,-1,-1,-1,1,1,0,1,1,1,1,-1,-1,0,-1,-1,0,1,1
UCI327-08367,-1,-1,1,1,1,-1,-1,1,-1,1,1,1,1,1,0,-1,1,-1,0,1,1,1,1,1,1,-1,-1,1,1,1,0
UCI327-02482,1,-1,1,-1,1,-1,1,-1,1,1,1,1,-1,-1,0,-1,1,1,0,1,1,1,1,-1,1,-1,1,-1,0,1,1
UCI327-00170,-1,-1,-1,1,-1,-1,0,0,-1,-1,1,-1,1,-1,1,-1,1,-1,0,-1,1,-1,1,1,-1,1,-1,1,0,-1,1
UCI327-07054,1,-1,1,1,1,-1,-1,0,-1,1,1,1,1,0,1,-1,1,1,0,1,1,1,1,-1,1,0,1,1,0,1,1
UCI327-02706,1,-1,1,1,1,-1,0,-1,-1,1,1,-1,-1,1,0,-1,1,1,0,1,1,1,1,-1,1,1,-1,1,0,-1,0
UCI327-02659,1,-1,1,1,1,1,-1,1,1,1,1,1,-1,0,1,-1,1,1,0,1,1,1,1,-1,-1,-1,-1,1,1,-1,0
UCI327-02480,1,-1,-1,1,1,-1,-1,1,-1,-1,-1,1,1,1,0,-1,-1,1,0,-1,-1,-1,-1,-1,1,1,-1,1,0,-1,0
UCI327-09461,-1,-1,1,1,1,-1,0,-1,-1,1,1,1,1,0,-1,-1,1,1,0,1,1,1,1,1,1,-1,-1,1,0,1,1
UCI327-06606,1,-1,1,1,1,-1,1,1,-1,1,1,1,1,0,1,1,1,1,0,1,1,1,1,-1,1,1,1,1,0,-1,0
UCI327-07255,-1,-1,1,1,1,-1,0,-1,-1,1,1,1,1,-1,0,-1,1,1,0,1,1,1,1,-1,1,0,-1,1,1,1,1
UCI327-00921,1,-1,1,1,1,-1,0,0,-1,1,1,1,1,-1,0,-1,1,1,0,1,1,1,1,1,1,1,-1,1,0,1,1
UCI327-07862,-1,-1,-1,1,-1,-1,0,-1,1,-1,-1,-1,-1,-1,1,-1,-1,-1,0,1,1,-1,-1,-1,-1,0,1,-1,1,1,1
UCI327-01538,1,-1,1,1,1,-1,1,1,-1,-1,1,1,1,0,-1,-1,1,1,0,-1,1,-1,1,1,-1,1,-1,-1,1,1,0
UCI327-08231,-1,-1,1,1,1,-1,0,1,-1,1,1,1,-1,1,-1,1,1,-1,0,1,1,1,1,-1,1,0,-1,-1,1,1,0
UCI327-05999,-1,1,-1,1,-1,-1,1,1,-1,1,1,-1,1,1,-1,-1,1,-1,0,1,1,1,1,1,-1,1,-1,-1,1,1,0
UCI327-00317,1,-1,1,1,1,-1,1,1,-1,1,1,1,-1,0,0,-1,1,1,0,1,1,1,1,1,1,1,-1,1,0,1,0
UCI327-07485,1,-1,1,1,1,-1,1,-1,-1,1,1,-1,1,0,1,-1,1,1,0,1,1,1,1,-1,1,0,1,1,-1,1,1
UCI327-10284,1,-1,1,1,1,-1,0,-1,-1,1,1,1,-1,0,0,-1,1,1,0,1,1,1,1,1,1,1,-1,-1,0,1,1
UCI327-09730,1,-1,1,-1,1,-1,-1,0,1,-1,-1,1,-1,-1,1,-1,-1,1,0,1,1,-1,1,1,1,1,-1,1,0,1,1
UCI327-00553,1,-1,1,1,1,-1,-1,1,1,-1,-1,1,-1,1,1,-1,-1,1,0,1,1,-1,1,1,-1,1,1,1,1,-1,0
UCI327-07547,1,-1,1,-1,1,1,1,1,-1,-1,-1,1,1,0,1,-1,-1,1,0,1,1,-1,-1,-1,1,1,-1,1,1,1,0
UCI327-10598,-1,-1,1,1,1,-1,0,-1,-1,1,1,-1,1,0,-1,-1,1,1,0,1,1,1,1,-1,1,0,-1,-1,0,1,1
UCI327-00986,1,-1,1,-1,1,-1,1,1,-1,1,1,1,1,1,1,-1,1,1,0,1,1,1,1,1,-1,1,-1,1,0,1,0
UCI327-08465,1,-1,1,1,1,-1,1,1,-1,1,1,1,-1,1,1,1,1,1,0,1,1,1,1,1,1,-1,-1,1,0,-1,0
UCI327-05250,-1,-1,1,-1,1,-1,0,-1,-1,1,-1,-1,1,-1,-1,-1,-1,1,1,1,1,1,1,-1,1,0,1,1,0,-1,1
UCI327-07518,-1,-1,1,1,1,-1,0,-1,1,1,1,1,-1,-1,-1,-1,1,1,1,1,1,1,1,-1,1,-1,-1,1,0,1,1
UCI327-01917,1,-1,1,1,1,-1,0,0,1,-1,-1,1,-1,-1,1,-1,-1,1,0,1,1,-1,1,1,-1,-1,-1,-1,0,-1,1
UCI327-07563,-1,-1,1,1,1,-1,0,0,1,1,1,1,-1,-1,0,-1,1,1,0,1,1,1,1,-1,1,-1,-1,1,1,-1,1
UCI327-01648,-1,-1,-1,1,-1,-1,-1,-1,-1,-1,1,-1,1,-1,1,-1,1,-1,1,-1,1,-1,1,-1,-1,0,-1,-1,1,-1,1
UCI327-01324,1,-1,1,1,1,-1,1,1,-1,1,1,1,1,0,1,-1,1,1,0,1,1,1,1,1,1,0,-1,1,-1,1,1
UCI327-08016,-1,-1,-1,-1,-1,-1,-1,-1,1,-1,-1,-1,-1,-1,1,-1,-1,-1,0,-1,1,-1,-1,-1,-1,-1,-1,-1,1,1,1
UCI327-02129,1,-1,1,1,1,-1,1,-1,1,1,1,1,-1,-1,-1,-1,1,1,0,1,1,1,1,1,1,0,-1,1,0,1,1
UCI327-10200,1,-1,1,1,1,-1,0,-1,-1,1,1,1,-1,0,-1,-1,1,1,0,1,1,1,1,-1,1,1,-1,-1,0,1,1
UCI327-06820,-1,-1,1,1,1,-1,-1,-1,-1,1,1,1,1,0,-1,1,1,1,0,1,1,1,1,-1,1,-1,1,1,1,1,1
UCI327-01211,1,-1,1,1,1,-1,0,0,1,-1,-1,1,-1,-1,-1,-1,-1,1,0,-1,-1,-1,-1,1,-1,1,-1,-1,1,-1,1
UCI327-10474,-1,0,-1,-1,1,-1,1,1,-1,1,1,1,1,0,0,-1,-1,-1,0,-1,1,-1,1,-1,1,0,-1,-1,-1,1,0
UCI327-06769,-1,-1,1,1,1,-1,1,1,-1,1,1,1,1,0,1,-1,1,1,0,1,1,1,1,-1,1,0,1,1,1,1,0
UCI327-05871,-1,-1,-1,1,-1,-1,1,1,-1,1,1,-1,1,0,-1,0,1,-1,0,1,1,1,1,-1,-1,1,-1,-1,1,1,0
UCI327-06276,-1,-1,1,-1,1,-1,0,-1,-1,1,1,1,1,-1,-1,-1,1,1,0,1,1,1,1,-1,1,1,1,1,0,1,1
UCI327-06747,1,-1,1,1,1,-1,1,-1,-1,1,1,1,-1,0,-1,1,1,1,0,1,1,1,1,-1,1,-1,-1,1,0,1,1
UCI327-08483,-1,-1,1,-1,1,-1,1,1,-1,-1,-1,1,1,0,1,1,-1,-1,0,-1,1,-1,1,1,1,1,-1,1,0,1,0
UCI327-07261,-1,-1,-1,-1,-1,-1,0,-1,1,-1,-1,-1,-1,-1,1,-1,-1,-1,0,-1,1,-1,-1,-1,-1,-1,1,-1,1,1,1
UCI327-09251,-1,0,-1,-1,1,-1,-1,-1,1,1,1,1,-1,-1,-1,-1,-1,-1,0,1,1,1,1,1,1,1,-1,1,0,1,1
UCI327-06470,1,-1,1,1,1,-1,1,1,1,1,1,1,1,1,0,1,1,1,0,1,1,1,1,-1,1,1,-1,1,0,1,0
UCI327-00318,1,-1,1,1,1,1,1,1,-1,1,1,1,1,0,0,-1,1,1,0,1,1,1,1,1,1,0,-1,1,0,1,0
UCI327-09017,-1,-1,1,1,1,-1,-1,0,1,1,1,1,-1,0,-1,0,1,1,0,1,1,1,1,1,1,0,-1,1,1,1,1
UCI327-00660,1,1,1,1,1,-1,-1,-1,-1,-1,-1,1,1,-1,0,1,-1,1,0,1,1,-1,1,-1,-1,1,-1,1,1,-1,1
UCI327-07288,1,1,1,1,1,-1,-1,1,-1,1,1,1,1,0,1,-1,1,1,0,1,1,1,1,1,1,1,-1,1,0,1,0
UCI327-09025,1,-1,1,-1,1,1,1,1,1,-1,-1,1,-1,1,0,-1,-1,1,0,-1,1,-1,-1,1,1,1,-1,1,0,1,0
UCI327-00586,1,-1,1,1,1,-1,-1,1,-1,1,1,1,1,1,0,-1,1,1,0,1,1,1,1,-1,1,1,1,-1,0,1,0
UCI327-09384,-1,-1,1,1,1,-1,0,-1,1,1,1,1,-1,0,-1,-1,1,1,0,1,1,1,1,1,1,1,-1,-1,0,1,1
UCI327-05845,-1,1,-1,-1,-1,-1,-1,1,-1,-1,-1,-1,-1,0,1,1,-1,-1,0,-1,1,-1,1,1,-1,-1,-1,-1,1,1,0
UCI327-01140,1,-1,1,1,1,-1,0,1,1,1,1,1,-1,1,1,-1,1,1,0,1,1,1,1,-1,1,1,1,1,0,1,0
UCI327-09540,-1,-1,1,1,1,-1,1,1,-1,-1,-1,1,-1,1,0,-1,-1,1,0,1,1,-1,-1,1,1,1,-1,1,0,1,0
UCI327-01116,1,-1,1,1,1,-1,0,-1,-1,-1,-1,1,1,-1,0,-1,-1,1,0,-1,-1,-1,-1,-1,-1,-1,-1,1,0,-1,1
UCI327-05133,-1,-1,-1,1,1,-1,0,-1,1,1,1,1,-1,-1,-1,-1,1,1,0,1,1,1,1,-1,1,0,1,1,1,-1,1
UCI327-08563,1,1,1,1,1,-1,1,-1,-1,1,1,1,1,0,1,0,1,1,0,1,1,1,1,1,1,-1,1,1,0,-1,0
UCI327-00963,-1,-1,-1,1,-1,1,-1,1,-1,1,1,-1,1,1,-1,-1,1,-1,1,1,1,1,1,1,1,1,-1,1,1,1,0
UCI327-09151,-1,-1,1,1,1,-1,-1,-1,-1,1,1,1,-1,-1,-1,-1,1,1,0,1,1,1,1,1,1,1,-1,-1,0,-1,1
UCI327-07552,-1,1,1,-1,1,-1,-1,1,-1,-1,-1,1,1,0,-1,0,-1,1,0,1,1,-1,1,1,1,1,-1,1,1,1,0
UCI327-01050,1,-1,1,1,1,-1,-1,-1,1,1,1,1,-1,-1,0,-1,1,1,0,1,1,1,1,1,-1,-1,-1,1,0,1,1
UCI327-06005,-1,-1,1,-1,1,-1,0,0,1,1,1,-1,-1,0,-1,-1,1,-1,0,1,1,1,1,-1,1,0,-1,1,1,1,1
UCI327-10491,-1,1,1,1,1,1,1,1,-1,1,1,1,1,1,-1,1,1,1,0,1,1,1,1,-1,1,-1,1,1,-1,1,0
UCI327-05982,1,-1,1,1,1,-1,0,-1,-1,1,1,1,1,-1,-1,-1,1,1,0,1,1,1,1,-1,1,0,1,1,0,1,1
UCI327-02547,1,1,1,1,1,1,0,1,-1,1,1,1,1,0,0,-1,1,1,0,1,1,1,1,1,1,1,1,1,0,1,0
UCI327-00559,1,-1,1,1,1,-1,0,-1,1,1,1,1,-1,-1,-1,-1,1,1,0,1,1,1,1,-1,-1,-1,-1,-1,0,1,1
UCI327-08522,-1,-1,1,1,1,1,1,1,-1,1,1,1,1,0,0,1,1,1,0,1,1,1,1,1,1,-1,-1,1,1,1,0
UCI327-07115,-1,-1,1,1,1,-1,-1,1,1,-1,1,1,-1,1,0,1,1,1,1,1,1,-1,-1,-1,1,1,-1,1,1,1,0
UCI327-09012,1,-1,1,1,1,1,1,1,-1,1,1,1,1,1,1,-1,1,1,0,1,1,1,1,1,1,-1,-1,1,-1,1,0
UCI327-03622,1,-1,1,-1,1,-1,-1,-1,1,-1,-1,1,1,-1,0,-1,-1,1,0,1,1,-1,1,-1,-1,0,-1,1,0,-1,1
UCI327-00295,1,-1,1,1,1,-1,-1,1,-1,1,1,1,1,0,0,-1,-1,1,0,1,1,-1,-1,1,1,1,1,-1,0,1,0
UCI327-06949,-1,-1,-1,1,-1,-1,0,1,-1,1,1,-1,1,1,1,-1,1,-1,0,1,1,1,1,-1,-1,1,-1,-1,1,1,0
UCI327-08273,-1,-1,1,-1,1,-1,-1,0,1,1,-1,1,1,-1,1,-1,-1,1,0,-1,-1,-1,-1,1,1,1,-1,1,0,1,1
UCI327-09735,1,-1,1,1,1,-1,0,-1,1,1,1,1,1,-1,-1,-1,1,1,0,1,1,1,1,1,1,1,-1,1,0,1,1
UCI327-08799,-1,-1,1,1,1,-1,0,0,-1,1,1,1,-1,-1,-1,-1,1,1,0,1,1,1,1,1,1,1,-1,-1,0,1,1
UCI327-00489,1,-1,1,1,1,-1,-1,1,-1,-1,-1,1,1,0,0,-1,-1,1,0,1,1,-1,1,1,-1,1,-1,1,0,1,0
UCI327-02694,-1,1,-1,-1,-1,-1,-1,-1,-1,1,1,-1,1,-1,0,1,1,-1,1,1,1,1,1,-1,-1,-1,-1,-1,1,1,1
UCI327-05835,1,-1,1,-1,1,-1,-1,1,1,1,1,-1,-1,0,0,-1,1,-1,0,1,1,1,1,-1,1,1,-1,1,0,1,0
UCI327-07386,-1,1,1,1,1,-1,-1,-1,-1,1,1,1,1,-1,0,0,1,1,0,1,1,1,1,1,1,-1,-1,1,0,1,1
UCI327-09081,-1,-1,1,-1,1,-1,1,0,-1,-1,-1,1,1,-1,-1,-1,-1,1,0,-1,-1,-1,-1,1,1,0,-1,1,1,1,1
UCI327-09331,1,-1,1,1,1,-1,1,1,1,1,1,1,-1,0,0,0,1,1,0,1,1,1,1,-1,1,-1,-1,-1,0,1,0
UCI327-01721,1,-1,1,1,1,-1,0,-1,1,1,1,1,-1,-1,-1,-1,1,1,0,1,1,1,1,-1,1,-1,-1,1,0,1,1
UCI327-00861,1,-1,1,1,1,-1,1,1,1,1,1,1,-1,1,1,-1,1,1,0,1,1,1,1,1,1,1,-1,1,0,1,0
UCI327-07355,-1,-1,1,1,1,-1,0,1,-1,-1,-1,1,-1,1,1,-1,-1,1,0,1,1,-1,1,-1,1,1,1,1,1,1,0
UCI327-05670,1,-1,1,1,1,-1,1,1,-1,1,1,1,1,1,1,-1,1,1,0,1,1,1,1,-1,1,1,-1,1,0,-1,0
UCI327-10324,-1,-1,1,-1,1,-1,1,1,-1,-1,-1,1,1,0,-1,1,-1,1,0,-1,1,-1,1,-1,1,-1,-1,1,1,1,0
UCI327-07094,-1,-1,1,1,1,-1,1,0,1,1,1,1,-1,-1,-1,-1,1,1,0,1,1,1,1,-1,1,0,-1,1,1,1,1
UCI327-08625,1,-1,1,-1,1,-1,1,0,-1,1,1,1,1,1,-1,-1,1,1,0,1,1,1,1,1,1,1,-1,-1,0,1,1
UCI327-06900,1,-1,1,1,1,-1,1,1,1,1,1,1,-1,1,-1,-1,1,1,0,1,1,1,1,-1,1,-1,-1,1,0,1,0
UCI327-06557,-1,-1,1,1,1,-1,-1,1,-1,1,1,1,-1,0,1,1,1,1,0,1,1,1,1,-1,1,1,-1,1,0,1,0
UCI327-05755,1,-1,1,1,1,-1,0,0,-1,1,1,1,1,-1,-1,-1,1,1,0,1,1,1,1,-1,1,-1,-1,1,0,-1,1
UCI327-09555,-1,-1,1,1,1,-1,1,-1,-1,1,1,-1,1,-1,-1,-1,-1,1,0,1,1,1,1,1,1,1,-1,1,0,1,1
UCI327-05277,1,-1,1,1,1,-1,1,1,-1,1,1,1,-1,0,-1,0,1,1,0,1,1,1,1,-1,-1,1,-1,1,0,1,0
UCI327-05579,-1,-1,-1,1,-1,-1,1,1,1,1,1,-1,1,0,1,-1,1,-1,0,1,1,1,1,-1,-1,1,1,-1,1,1,0
UCI327-05521,1,-1,1,1,1,1,1,1,-1,1,1,1,1,0,0,-1,1,1,0,1,1,1,1,-1,1,1,-1,1,0,1,0
UCI327-06508,-1,-1,1,-1,1,-1,0,-1,-1,-1,-1,1,1,0,-1,-1,-1,1,1,1,1,-1,1,-1,1,0,1,1,0,1,1
UCI327-02343,1,-1,1,1,1,-1,-1,1,-1,1,1,1,-1,-1,-1,-1,1,1,0,1,1,1,1,-1,1,0,-1,1,0,1,1
UCI327-01044,1,-1,1,1,1,-1,1,-1,-1,1,1,1,1,0,1,-1,1,1,0,1,1,1,1,1,1,-1,-1,1,1,1,0
UCI327-06150,-1,1,-1,1,1,-1,0,-1,1,1,1,1,-1,-1,-1,-1,1,1,0,1,1,1,1,-1,1,0,1,1,1,1,1
UCI327-05611,-1,-1,1,1,1,-1,0,-1,1,1,1,1,-1,0,1,-1,1,1,0,1,1,1,1,-1,1,1,1,1,1,1,1
UCI327-05421,-1,-1,1,1,1,-1,0,-1,1,1,1,1,-1,-1,-1,0,1,1,0,1,1,1,1,-1,1,-1,-1,1,0,1,1
UCI327-01219,1,-1,1,1,1,1,1,1,1,1,1,1,-1,1,1,-1,1,1,0,1,1,1,1,1,-1,-1,-1,1,1,1,0
UCI327-08839,-1,-1,1,1,1,-1,0,-1,1,1,1,1,-1,-1,-1,-1,1,1,0,1,1,1,1,1,1,0,-1,-1,0,1,1
UCI327-05451,1,-1,1,1,1,1,1,1,-1,1,1,1,1,0,0,-1,1,1,0,1,1,1,1,-1,1,0,1,1,0,1,0
UCI327-10199,-1,-1,1,1,1,-1,0,-1,1,1,1,1,-1,0,-1,-1,1,1,0,1,1,1,1,-1,1,1,-1,1,0,1,1
UCI327-06803,-1,-1,1,1,1,-1,0,1,1,1,1,1,1,0,-1,0,1,1,0,1,1,1,1,-1,1,1,-1,1,1,1,0
UCI327-05659,-1,-1,1,-1,1,-1,0,-1,-1,-1,-1,1,1,1,-1,-1,-1,1,0,-1,-1,-1,-1,-1,1,0,1,1,0,1,1
UCI327-00673,1,-1,1,1,1,-1,-1,-1,-1,-1,-1,1,1,0,-1,-1,-1,1,0,1,1,-1,1,-1,-1,0,-1,1,0,-1,1
UCI327-09687,-1,1,1,-1,1,-1,1,-1,-1,-1,-1,1,1,1,-1,-1,-1,1,0,-1,1,-1,-1,1,1,0,1,1,1,1,0
UCI327-01619,1,-1,1,1,1,-1,1,1,-1,1,1,1,-1,1,-1,-1,1,1,0,1,1,1,1,1,1,0,1,1,0,1,0
UCI327-07722,-1,-1,1,1,1,-1,0,-1,1,1,1,1,-1,0,0,1,1,1,0,1,1,1,1,-1,1,-1,-1,1,1,-1,1
UCI327-07024,1,-1,1,1,1,-1,0,-1,-1,1,1,1,1,0,-1,-1,1,1,0,1,1,1,1,-1,1,0,1,1,0,1,1
UCI327-01202,1,-1,1,1,1,-1,1,1,1,1,1,1,-1,0,1,-1,1,1,0,1,1,1,1,1,-1,1,1,1,1,1,0
UCI327-08576,-1,0,1,1,1,-1,0,1,-1,-1,1,-1,-1,-1,-1,-1,1,1,0,-1,1,-1,-1,1,1,1,-1,-1,0,-1,1
UCI327-02242,1,-1,1,1,1,-1,0,-1,-1,1,1,1,1,-1,-1,-1,1,1,0,1,1,1,1,-1,1,0,-1,1,0,1,1
UCI327-00885,-1,-1,-1,1,-1,-1,-1,1,-1,1,1,-1,1,1,1,-1,1,-1,1,1,1,1,1,1,-1,1,1,1,1,1,0
UCI327-07322,1,-1,1,1,1,-1,-1,1,1,1,1,1,-1,0,0,0,1,1,0,1,1,1,1,-1,1,1,-1,1,1,1,0
UCI327-10513,-1,-1,1,-1,1,-1,0,1,1,1,1,1,-1,-1,-1,-1,1,1,0,1,1,1,1,1,1,1,-1,-1,1,1,1
UCI327-08389,-1,-1,1,1,1,-1,-1,0,-1,1,1,1,1,-1,-1,-1,1,1,0,1,1,1,1,1,1,1,-1,1,1,1,1
UCI327-00812,1,-1,1,1,1,-1,-1,-1,-1,-1,-1,1,1,0,1,-1,-1,1,0,-1,1,-1,-1,1,1,0,-1,1,1,-1,0
UCI327-07365,-1,1,1,1,1,1,0,1,-1,1,1,-1,1,0,0,1,1,1,0,1,1,1,1,1,1,1,-1,1,-1,1,0
UCI327-02732,1,-1,1,1,1,-1,1,1,-1,-1,-1,1,1,-1,1,-1,-1,1,0,1,1,-1,1,1,-1,0,-1,1,1,1,1
UCI327-05383,-1,-1,1,1,1,-1,0,-1,-1,1,1,1,1,-1,-1,-1,1,1,0,1,1,1,1,-1,1,-1,1,1,0,-1,1
UCI327-05990,1,-1,1,1,1,-1,0,1,1,1,1,1,-1,1,1,1,1,1,0,1,1,1,1,-1,1,1,-1,1,0,1,0
UCI327-08621,-1,-1,-1,-1,-1,-1,1,1,1,1,1,-1,-1,1,-1,1,1,-1,0,1,1,1,1,1,-1,0,-1,-1,1,1,0
UCI327-06887,-1,-1,1,1,1,-1,0,-1,1,1,1,1,-1,-1,-1,-1,1,1,0,1,1,1,1,-1,1,0,-1,1,0,1,1
UCI327-05280,1,-1,1,-1,1,-1,1,1,-1,1,1,1,1,0,1,1,1,1,0,1,1,1,1,-1,1,1,-1,1,0,1,0
UCI327-00392,-1,1,-1,1,-1,-1,0,1,-1,1,1,-1,1,0,0,1,1,-1,1,1,1,1,1,1,-1,1,-1,1,1,-1,0
UCI327-09255,-1,-1,1,1,1,-1,1,1,-1,1,1,1,1,0,-1,0,1,1,0,1,1,1,1,1,1,-1,-1,1,1,1,0
UCI327-01083,1,-1,1,1,1,-1,0,-1,1,1,1,1,-1,-1,-1,-1,1,1,0,1,1,1,1,-1,-1,0,-1,1,0,1,1
UCI327-04008,1,-1,1,-1,1,-1,-1,-1,1,1,1,1,-1,-1,0,-1,1,1,0,1,1,1,1,1,-1,-1,1,1,1,1,1
UCI327-00200,1,-1,1,1,1,-1,0,0,-1,1,1,1,-1,-1,-1,-1,-1,1,0,1,1,1,1,1,-1,-1,-1,1,0,1,1
UCI327-02262,1,-1,1,1,1,-1,0,-1,1,1,1,1,-1,0,1,-1,1,1,0,1,1,1,1,1,-1,1,-1,1,1,1,1
UCI327-07424,1,-1,1,1,1,-1,0,1,-1,1,1,1,-1,-1,-1,-1,1,1,0,1,1,1,1,-1,1,0,1,1,0,1,1
UCI327-07187,1,-1,1,1,1,-1,1,1,1,1,1,1,1,0,0,0,1,1,0,1,1,1,1,-1,1,1,-1,1,0,1,0
UCI327-02935,1,-1,1,-1,1,-1,-1,1,-1,-1,-1,1,-1,0,1,-1,-1,1,0,-1,1,-1,-1,-1,-1,0,-1,1,0,-1,1
UCI327-06216,-1,-1,1,1,1,-1,1,1,1,1,1,1,-1,1,1,1,1,1,0,1,1,1,1,-1,1,-1,1,1,1,1,0
UCI327-00597,1,-1,1,1,1,1,1,1,1,1,1,1,-1,1,0,-1,1,1,0,1,1,1,1,1,1,-1,-1,1,1,1,0
UCI327-00288,1,-1,1,1,1,-1,1,1,-1,1,1,1,1,0,1,-1,1,1,0,1,1,1,1,1,1,1,-1,1,0,1,0
UCI327-09415,-1,-1,1,1,1,-1,1,1,-1,1,1,1,1,0,-1,1,1,1,0,1,1,1,1,1,1,0,-1,1,1,1,0
UCI327-02126,1,-1,1,1,1,-1,-1,-1,1,-1,-1,1,-1,-1,0,-1,-1,1,0,-1,1,-1,-1,-1,1,-1,-1,1,0,-1,1
UCI327-09203,-1,-1,1,1,1,-1,0,1,-1,1,1,1,1,0,0,-1,1,1,0,1,1,1,1,1,1,1,-1,1,-1,1,1
UCI327-10549,1,-1,1,1,1,-1,1,1,1,1,1,1,-1,0,0,0,1,1,0,1,1,1,1,1,1,-1,-1,-1,0,1,0
UCI327-00821,1,-1,1,1,1,1,-1,1,-1,1,1,1,1,0,0,-1,1,1,0,1,1,1,1,1,1,1,-1,1,1,1,0
UCI327-08248,1,-1,1,1,1,-1,-1,-1,1,1,1,1,1,0,-1,1,1,1,0,1,1,1,1,1,1,0,-1,1,0,1,0
UCI327-06234,-1,-1,1,1,1,-1,-1,1,-1,-1,-1,1,-1,1,1,-1,-1,1,0,1,1,-1,1,-1,1,1,1,1,1,1,0
UCI327-10559,1,-1,1,1,1,-1,-1,-1,1,1,1,1,1,0,0,1,1,1,0,1,1,1,1,-1,1,0,-1,-1,0,1,1
UCI327-02203,1,-1,1,1,1,1,0,-1,1,1,1,1,-1,0,0,-1,1,1,0,1,1,1,1,1,-1,1,-1,1,1,1,0
UCI327-06262,-1,-1,1,1,1,-1,1,1,1,1,1,1,-1,0,0,1,1,1,0,1,1,1,1,-1,1,-1,1,1,0,-1,0
UCI327-10280,-1,-1,1,1,1,-1,1,1,-1,-1,-1,1,-1,1,1,-1,-1,1,0,1,1,-1,1,1,1,1,-1,1,1,1,0
UCI327-00634,1,-1,1,1,1,-1,1,1,-1,1,1,1,-1,0,0,-1,1,1,0,1,1,1,1,-1,-1,-1,-1,1,1,1,0
UCI327-07883,1,-1,1,1,1,-1,1,0,1,1,1,1,-1,-1,0,-1,1,1,1,1,1,1,1,-1,1,-1,1,1,0,1,1
UCI327-06203,-1,-1,-1,1,-1,-1,0,0,-1,1,1,-1,-1,-1,-1,-1,1,1,0,-1,1,-1,1,-1,-1,-1,-1,-1,0,1,1
UCI327-05697,1,-1,1,1,1,-1,1,1,-1,-1,-1,1,1,1,0,-1,-1,1,0,1,1,-1,-1,-1,1,1,1,1,1,1,0
UCI327-02463,1,-1,1,1,1,-1,-1,-1,1,1,1,1,-1,-1,-1,-1,1,1,0,1,1,1,1,1,-1,0,-1,1,1,1,1
UCI327-00013,1,1,-1,1,1,-1,0,-1,1,1,1,1,-1,-1,-1,-1,1,1,0,1,1,1,1,-1,-1,0,-1,1,1,1,1
UCI327-00428,1,-1,1,1,1,-1,1,1,1,-1,1,1,-1,0,1,-1,1,1,0,1,1,-1,1,1,-1,1,-1,1,1,1,0
UCI327-08893,-1,-1,1,1,1,-1,1,1,1,1,1,1,-1,1,-1,-1,1,1,0,1,1,1,1,-1,1,0,-1,1,1,1,0
UCI327-08294,-1,-1,1,-1,1,-1,1,-1,1,1,1,1,-1,0,-1,-1,1,1,0,1,1,1,1,-1,1,0,-1,1,1,1,0
UCI327-05890,-1,-1,1,1,1,-1,0,-1,1,1,1,1,-1,-1,0,-1,1,1,0,1,1,1,1,-1,1,0,1,1,0,1,1
UCI327-07210,-1,-1,1,-1,1,-1,-1,-1,-1,-1,-1,1,1,-1,0,0,-1,1,0,-1,1,-1,-1,-1,1,0,-1,1,1,1,1
UCI327-02469,1,1,1,-1,1,-1,0,1,1,-1,-1,1,-1,-1,-1,-1,1,1,0,-1,-1,-1,-1,1,-1,0,-1,1,0,-1,1
UCI327-08319,-1,-1,1,-1,1,-1,1,-1,1,-1,-1,-1,-1,-1,1,-1,-1,1,0,-1,-1,-1,-1,1,1,-1,-1,1,1,-1,1
UCI327-08762,1,-1,1,1,1,-1,0,-1,1,1,1,1,-1,-1,-1,-1,1,1,0,1,1,1,1,1,1,1,-1,1,0,1,1
UCI327-07583,-1,-1,1,-1,1,-1,0,-1,1,1,1,1,-1,0,-1,-1,1,1,0,1,1,1,1,-1,1,1,1,1,1,1,0
UCI327-00193,1,-1,1,1,1,-1,0,0,-1,1,1,1,1,-1,1,-1,1,1,0,1,1,1,1,1,1,1,-1,1,0,1,1
UCI327-05223,-1,1,1,1,1,-1,0,-1,1,1,1,1,-1,0,-1,-1,-1,1,0,1,1,1,1,1,1,-1,1,1,1,-1,1
UCI327-01006,1,-1,1,1,1,-1,-1,-1,-1,-1,-1,1,1,1,0,-1,-1,1,0,-1,-1,-1,-1,-1,-1,0,-1,1,0,-1,1
UCI327-01104,-1,-1,-1,1,-1,-1,0,-1,-1,1,1,-1,1,-1,1,-1,1,-1,1,1,1,1,1,-1,1,-1,-1,1,0,1,1
UCI327-10167,-1,-1,1,1,1,-1,1,-1,-1,-1,1,1,-1,0,-1,-1,1,1,0,-1,1,-1,-1,1,1,1,-1,1,-1,1,1
UCI327-09981,1,-1,1,1,1,-1,1,1,-1,1,1,1,1,0,0,0,1,1,0,1,1,1,1,-1,1,-1,-1,1,0,1,0
UCI327-05728,1,1,1,1,1,-1,1,0,-1,1,1,1,1,1,0,-1,1,1,1,1,1,1,1,1,1,-1,1,1,0,-1,1
UCI327-09801,-1,-1,1,-1,1,-1,0,1,-1,-1,1,1,1,0,0,-1,-1,-1,0,-1,1,-1,1,1,1,0,-1,1,-1,1,0
UCI327-00523,1,-1,1,1,1,1,1,1,-1,1,1,1,1,0,-1,-1,1,1,0,1,1,1,1,1,1,1,-1,1,0,1,0
UCI327-08490,-1,-1,1,1,1,-1,1,1,-1,1,1,1,-1,0,1,1,1,1,0,1,1,1,1,1,1,1,-1,1,1,1,0
UCI327-01872,1,-1,1,1,1,-1,-1,1,-1,1,1,1,1,1,1,-1,1,1,0,1,1,1,1,1,1,1,1,1,0,1,0
UCI327-02093,1,-1,1,1,1,-1,0,1,1,1,1,1,-1,0,0,-1,1,1,0,1,1,1,1,-1,-1,0,1,-1,1,1,0
UCI327-09600,-1,-1,1,1,1,-1,-1,1,-1,1,1,1,1,1,0,-1,1,1,0,1,1,1,1,1,1,1,-1,1,1,1,0
UCI327-06779,-1,-1,1,1,1,-1,1,1,1,-1,1,1,-1,0,1,0,1,1,0,1,1,-1,1,-1,1,1,1,1,1,1,0
UCI327-01699,1,-1,1,1,1,-1,-1,-1,-1,1,1,1,1,-1,-1,-1,1,1,0,1,1,1,1,-1,1,0,-1,-1,0,1,1
UCI327-07961,1,-1,1,1,1,-1,0,1,1,1,1,1,-1,-1,-1,-1,1,1,0,1,1,1,1,-1,1,-1,-1,1,0,1,1
UCI327-02669,1,1,1,-1,1,-1,1,-1,-1,1,1,1,-1,-1,0,1,1,1,0,1,1,1,1,-1,1,-1,-1,1,0,1,1
UCI327-08200,1,-1,1,-1,1,-1,1,1,-1,1,1,1,-1,0,0,-1,1,1,0,1,1,1,1,1,1,-1,-1,1,0,1,0
UCI327-06284,-1,-1,1,1,1,-1,1,0,-1,1,1,1,1,-1,-1,0,1,1,0,1,1,1,1,-1,1,0,-1,1,0,1,1
UCI327-10002,-1,-1,1,1,1,-1,1,1,1,1,1,1,-1,0,0,1,1,1,0,1,1,1,1,1,1,1,-1,-1,0,1,0
UCI327-08056,-1,-1,-1,1,-1,-1,0,1,1,1,1,-1,-1,0,1,-1,1,-1,0,1,1,1,1,-1,-1,1,-1,-1,1,1,0
UCI327-00348,1,-1,1,1,1,1,1,1,-1,-1,1,1,1,0,1,-1,1,1,0,1,1,-1,1,1,-1,1,-1,1,1,1,0
UCI327-01688,1,1,1,1,1,-1,0,0,-1,1,1,1,1,-1,0,1,1,1,0,1,1,1,1,1,-1,1,-1,-1,1,1,1
UCI327-09704,1,-1,1,1,1,-1,1,1,1,1,1,1,1,0,1,1,1,1,0,1,1,1,1,1,1,1,-1,-1,0,1,0
UCI327-02221,1,1,1,1,1,-1,0,1,-1,-1,-1,1,1,0,0,1,-1,1,0,-1,1,-1,-1,-1,-1,1,-1,1,1,-1,0
UCI327-06071,-1,-1,1,1,1,-1,0,-1,1,1,1,1,1,-1,0,-1,1,1,1,1,1,1,1,-1,1,-1,-1,1,1,-1,1
UCI327-00151,1,-1,1,1,1,-1,1,1,-1,1,1,1,1,0,-1,-1,1,1,0,1,1,1,1,1,-1,1,-1,1,0,1,0
UCI327-00453,1,-1,1,1,1,-1,1,1,1,1,1,1,-1,0,-1,-1,1,1,0,1,1,1,1,-1,-1,0,-1,1,0,1,1
UCI327-01401,-1,-1,-1,1,-1,1,-1,1,-1,1,1,-1,-1,0,0,-1,1,-1,0,1,1,1,1,1,1,1,-1,1,0,-1,0
UCI327-08533,-1,-1,1,1,1,1,1,-1,-1,1,1,1,-1,1,1,-1,1,1,0,1,1,1,1,-1,1,0,-1,1,1,1,0
UCI327-05488,-1,-1,1,1,1,-1,1,-1,1,1,1,1,-1,-1,0,-1,1,1,0,1,1,1,1,-1,1,-1,1,1,1,1,1
UCI327-10877,-1,-1,1,1,1,-1,0,-1,1,1,1,1,-1,0,-1,-1,1,1,0,1,1,1,1,1,1,0,-1,-1,0,1,1
UCI327-01428,1,-1,1,1,1,-1,0,0,-1,1,1,1,-1,-1,-1,-1,-1,1,0,1,1,1,1,1,1,-1,-1,-1,0,1,1
UCI327-10148,-1,-1,1,1,1,-1,-1,-1,-1,-1,-1,1,1,-1,0,-1,-1,1,0,1,1,-1,1,1,1,0,-1,-1,0,1,1
UCI327-08343,-1,-1,1,1,1,-1,1,1,-1,1,1,1,1,1,-1,-1,1,1,0,1,1,1,1,1,1,-1,-1,1,1,1,0
UCI327-09952,-1,-1,1,-1,1,-1,0,-1,-1,-1,-1,1,1,-1,0,-1,-1,1,0,-1,1,-1,1,1,1,0,-1,1,0,1,1
UCI327-05804,1,-1,1,1,1,-1,0,-1,-1,1,1,1,1,0,-1,-1,1,1,1,1,1,1,1,-1,1,1,-1,1,0,1,1
UCI327-07842,-1,1,1,1,1,-1,0,0,-1,1,1,1,1,-1,0,-1,1,1,0,1,1,1,1,1,1,-1,1,1,-1,-1,1
UCI327-05773,-1,-1,-1,-1,-1,-1,0,-1,-1,-1,-1,-1,1,-1,1,-1,-1,-1,0,-1,-1,-1,-1,-1,-1,0,-1,-1,1,1,1
UCI327-06544,1,-1,1,1,1,-1,1,1,-1,1,1,1,-1,1,0,1,1,1,0,1,1,1,1,-1,1,1,1,1,0,1,0
UCI327-10466,1,-1,1,1,1,-1,1,1,1,1,1,1,-1,0,1,0,1,1,0,1,1,1,1,1,1,1,-1,1,1,1,0
UCI327-00117,1,-1,1,1,1,-1,0,0,1,1,1,1,-1,-1,-1,-1,1,1,0,1,1,1,1,1,1,1,-1,1,1,1,1
UCI327-00257,1,-1,1,1,1,-1,0,-1,1,1,1,1,-1,-1,1,-1,1,1,0,1,1,1,1,-1,-1,-1,-1,1,1,1,1
UCI327-01036,1,1,1,1,1,-1,-1,-1,-1,-1,-1,1,-1,-1,0,1,-1,1,0,-1,1,-1,-1,-1,1,-1,-1,1,0,-1,1
UCI327-09879,-1,-1,1,1,1,-1,1,1,-1,1,1,1,-1,0,-1,-1,1,1,0,1,1,1,1,1,1,0,-1,1,1,1,0
UCI327-10744,-1,0,-1,-1,1,-1,-1,-1,1,1,1,1,-1,-1,0,-1,-1,-1,0,1,1,1,1,1,1,1,-1,1,0,1,1
UCI327-05466,1,1,1,-1,1,-1,0,-1,-1,1,1,1,1,1,-1,0,1,1,0,1,1,1,1,1,1,-1,-1,1,0,1,1
UCI327-06870,-1,-1,1,-1,1,-1,0,-1,-1,-1,-1,1,1,-1,0,-1,-1,1,0,-1,1,-1,-1,-1,1,0,-1,1,1,1,1
UCI327-05152,1,1,1,1,1,-1,0,-1,1,1,1,1,-1,-1,0,1,1,1,1,1,1,1,1,-1,1,-1,1,1,0,-1,1
UCI327-05578,-1,-1,1,1,-1,-1,1,1,-1,1,1,-1,-1,1,1,-1,1,1,0,1,1,1,1,-1,1,-1,1,1,0,1,1
UCI327-02918,1,-1,1,1,1,-1,1,-1,-1,1,1,1,1,0,0,-1,1,1,0,1,1,1,1,1,1,0,-1,1,0,-1,0
UCI327-08942,1,1,1,1,1,1,0,1,-1,1,1,1,1,0,-1,-1,1,1,0,1,1,1,1,1,1,1,1,1,0,1,0
UCI327-02277,1,-1,1,1,1,-1,0,1,1,1,1,1,1,-1,-1,-1,1,1,0,1,1,1,1,-1,1,0,-1,1,0,1,1
UCI327-09447,-1,-1,-1,1,-1,-1,1,1,-1,1,1,-1,1,0,-1,1,1,-1,1,1,1,1,1,1,-1,1,-1,1,1,1,0
UCI327-09713,-1,-1,1,-1,1,-1,1,-1,1,-1,-1,1,-1,-1,-1,-1,-1,-1,0,-1,1,-1,1,1,1,-1,-1,1,-1,1,1
UCI327-05902,1,-1,1,1,1,-1,-1,1,1,1,1,1,-1,1,1,1,1,1,0,1,1,1,1,-1,1,1,-1,1,0,1,0
UCI327-09270,1,-1,1,1,1,-1,-1,0,1,1,1,1,-1,-1,-1,-1,1,1,0,1,1,1,1,1,1,0,-1,-1,0,1,1
UCI327-05379,-1,1,1,-1,1,1,1,1,-1,-1,-1,1,1,0,-1,-1,-1,1,0,-1,-1,-1,-1,1,1,1,-1,1,1,1,0
UCI327-00969,-1,1,-1,1,-1,1,1,1,-1,1,1,-1,1,0,0,1,1,-1,1,1,1,1,1,1,-1,1,-1,1,1,1,0
UCI327-05500,-1,-1,1,-1,1,-1,0,-1,1,1,1,1,-1,-1,0,-1,1,1,0,1,1,1,1,-1,1,-1,1,1,1,-1,1
UCI327-00239,1,-1,1,-1,1,-1,0,0,-1,1,1,-1,-1,-1,0,-1,1,1,0,1,1,1,1,1,-1,-1,-1,1,1,1,1
UCI327-00361,1,-1,1,1,1,-1,-1,-1,-1,1,1,1,-1,-1,-1,-1,1,1,0,1,1,1,1,-1,-1,-1,-1,1,1,1,1
UCI327-05891,-1,-1,1,1,1,-1,0,-1,1,1,1,1,-1,-1,-1,-1,1,1,0,1,1,1,1,-1,1,0,1,1,1,1,1
UCI327-00582,1,-1,1,1,1,1,-1,1,-1,-1,-1,1,1,0,1,-1,-1,1,0,1,1,-1,-1,1,1,1,-1,1,1,-1,0
UCI327-08596,-1,1,1,-1,1,-1,-1,-1,-1,1,1,1,1,-1,0,-1,1,1,0,1,1,1,1,1,1,1,1,1,0,1,1
UCI327-08208,1,1,1,1,1,-1,1,1,-1,1,1,1,-1,1,1,0,1,1,0,1,1,1,1,1,1,1,-1,1,0,-1,0
UCI327-07481,-1,1,1,1,1,-1,1,0,-1,1,1,1,1,-1,-1,-1,1,1,0,1,1,1,1,1,1,0,-1,1,1,1,1
UCI327-05746,-1,1,1,-1,1,-1,1,0,-1,1,1,1,1,-1,-1,-1,1,1,0,1,1,1,1,1,1,0,-1,1,0,1,1
UCI327-05300,-1,1,1,1,1,-1,1,1,-1,1,1,1,1,1,1,-1,1,1,0,1,1,1,1,1,1,1,-1,1,1,1,0
UCI327-05450,1,-1,1,1,1,-1,0,-1,1,1,1,1,-1,-1,-1,0,1,1,0,1,1,1,1,-1,1,-1,-1,1,0,1,1
UCI327-08357,-1,-1,1,1,1,-1,1,0,-1,1,1,1,1,-1,-1,-1,1,1,0,1,1,1,1,1,1,1,-1,-1,1,1,1
UCI327-01163,-1,-1,-1,1,-1,-1,-1,1,-1,1,1,-1,1,1,1,-1,1,-1,1,1,1,1,1,1,1,1,-1,1,1,1,0
UCI327-03137,1,-1,1,1,1,-1,-1,1,1,1,1,1,-1,-1,-1,-1,1,1,0,1,1,1,1,1,-1,1,-1,1,0,1,1
UCI327-07924,1,-1,1,1,1,-1,0,-1,-1,1,1,1,1,0,-1,1,1,1,0,1,1,1,1,-1,1,0,-1,1,0,1,1
UCI327-08955,1,-1,1,-1,1,-1,0,-1,-1,-1,-1,1,-1,-1,1,-1,-1,1,0,-1,1,-1,-1,1,1,1,-1,1,0,1,1
UCI327-01521,1,-1,1,1,1,-1,-1,-1,-1,1,1,1,-1,0,-1,-1,1,1,0,1,1,1,1,-1,1,0,-1,1,0,1,1
UCI327-08792,-1,-1,-1,-1,-1,-1,0,-1,-1,-1,-1,-1,1,-1,1,-1,-1,-1,1,-1,-1,-1,-1,1,-1,0,-1,1,1,1,1
UCI327-10833,-1,-1,-1,1,-1,-1,1,-1,-1,-1,1,-1,1,-1,1,-1,1,1,1,-1,1,-1,1,1,-1,0,-1,1,-1,1,1
UCI327-00184,1,-1,1,1,1,-1,1,1,1,1,1,1,-1,0,1,-1,1,1,0,1,1,1,1,1,1,1,-1,1,1,1,0
UCI327-09191,-1,-1,-1,1,-1,-1,1,1,-1,1,1,-1,1,0,-1,1,1,-1,1,1,1,1,1,1,-1,-1,-1,1,1,1,0
UCI327-05778,1,-1,1,1,1,-1,1,1,-1,1,1,1,1,0,0,1,-1,1,1,1,1,-1,-1,-1,1,1,-1,1,0,1,0
UCI327-07274,-1,-1,1,1,1,-1,-1,-1,1,1,1,1,-1,0,-1,-1,1,1,0,1,1,1,1,-1,1,0,1,1,0,1,1
UCI327-05800,-1,-1,1,1,1,-1,0,0,1,-1,-1,1,1,-1,1,-1,-1,1,0,1,1,-1,1,-1,1,1,-1,1,1,1,1
UCI327-10891,-1,1,1,1,1,-1,-1,-1,-1,1,1,1,-1,-1,0,-1,1,1,0,1,1,1,1,-1,1,0,1,1,0,1,1
UCI327-06033,-1,-1,1,1,1,-1,0,1,-1,1,1,1,1,-1,-1,-1,1,1,0,1,1,1,1,-1,1,0,1,1,0,1,1
UCI327-08336,-1,-1,1,-1,1,-1,1,1,-1,-1,-1,-1,1,1,1,-1,-1,1,0,-1,1,-1,1,-1,1,1,-1,1,1,1,0
UCI327-06143,1,-1,1,1,1,-1,-1,1,-1,1,1,1,1,0,0,1,1,1,1,1,1,1,1,-1,1,1,1,1,0,1,0
UCI327-07873,-1,-1,1,1,1,-1,0,0,-1,1,1,1,1,-1,0,-1,1,1,0,1,1,1,1,-1,1,-1,-1,1,0,1,1
UCI327-07207,1,1,1,1,1,-1,-1,1,-1,1,1,1,1,0,0,-1,1,1,0,1,1,1,1,1,1,1,1,1,0,1,0
UCI327-05753,-1,-1,1,1,1,-1,-1,-1,-1,1,1,1,1,-1,-1,-1,1,1,0,1,1,1,1,-1,1,0,1,1,1,1,1
UCI327-10592,-1,-1,1,1,1,-1,1,-1,-1,1,1,1,1,1,0,1,1,1,0,1,1,1,1,1,1,0,-1,1,0,1,0
UCI327-00075,1,-1,1,1,-1,-1,1,-1,1,1,1,-1,-1,0,-1,-1,1,1,1,1,1,1,1,-1,-1,1,-1,1,1,1,1
UCI327-08728,1,-1,1,1,1,-1,-1,-1,-1,1,1,1,1,-1,0,-1,1,1,0,1,1,1,1,1,1,1,-1,1,0,-1,1
UCI327-06053,1,-1,1,1,1,-1,0,1,-1,1,1,1,1,0,1,0,1,1,0,1,1,1,1,-1,1,1,1,1,0,1,0
UCI327-01161,1,-1,1,1,1,-1,-1,1,1,1,1,1,-1,0,0,-1,1,1,0,1,1,1,1,1,1,1,1,1,0,1,0
UCI327-00039,1,-1,1,1,1,-1,0,-1,-1,1,1,-1,-1,1,0,-1,1,1,0,1,1,1,1,-1,-1,1,-1,1,0,1,0
UCI327-09102,-1,-1,1,1,1,-1,1,1,-1,-1,1,-1,1,1,-1,-1,1,1,0,-1,1,-1,1,1,1,-1,-1,1,-1,1,0
UCI327-10326,1,1,1,1,1,-1,1,1,-1,1,1,1,1,0,1,-1,1,1,0,1,1,1,1,1,1,-1,1,1,1,1,0
UCI327-06720,-1,-1,1,-1,1,-1,1,1,-1,-1,-1,1,1,0,0,-1,-1,1,0,-1,-1,-1,-1,-1,1,1,-1,1,1,1,0
UCI327-00378,-1,-1,-1,1,-1,1,1,1,-1,1,1,-1,1,0,0,-1,1,-1,1,1,1,1,1,1,-1,1,-1,1,1,-1,0
UCI327-07011,1,-1,1,1,1,-1,0,-1,-1,1,1,1,-1,0,0,0,1,1,1,1,1,1,1,-1,1,0,1,1,0,1,1
UCI327-10735,1,-1,1,1,1,-1,-1,-1,-1,1,1,1,-1,-1,0,-1,1,1,0,1,1,1,1,-1,1,1,-1,1,0,-1,1
UCI327-09153,-1,-1,1,-1,1,1,1,1,1,-1,-1,1,-1,1,-1,-1,-1,1,0,-1,-1,-1,-1,-1,1,1,-1,1,1,1,0
UCI327-00299,1,-1,1,1,1,-1,0,0,1,1,1,1,-1,0,-1,-1,1,1,0,1,1,1,1,1,-1,-1,-1,1,1,1,1
UCI327-10746,-1,-1,1,1,1,-1,1,1,-1,-1,-1,1,-1,1,1,-1,-1,1,0,1,1,-1,1,-1,1,0,-1,1,1,1,0
UCI327-00614,1,-1,1,1,1,-1,-1,-1,1,1,1,1,-1,-1,-1,-1,1,1,0,1,1,1,1,-1,1,-1,-1,1,0,1,1
UCI327-08956,-1,1,-1,1,-1,-1,0,-1,-1,1,1,-1,1,0,-1,-1,1,1,1,1,1,1,1,1,-1,0,1,1,1,1,1
UCI327-09737,1,-1,1,1,1,-1,0,1,-1,-1,1,1,1,0,-1,-1,1,1,0,1,1,-1,1,1,1,1,-1,-1,0,1,1
UCI327-09376,-1,-1,1,1,1,-1,0,1,-1,-1,1,1,-1,0,0,1,1,1,0,1,1,-1,1,1,1,1,-1,1,1,1,0
UCI327-02341,1,-1,1,1,1,-1,0,1,-1,-1,-1,1,1,1,0,-1,-1,1,0,-1,-1,-1,-1,-1,-1,1,-1,1,1,-1,0
UCI327-09120,-1,1,-1,1,-1,-1,1,-1,-1,1,1,-1,1,-1,-1,-1,1,-1,1,1,1,1,1,1,-1,1,1,1,1,1,1
UCI327-06189,-1,-1,1,-1,1,-1,1,1,-1,-1,1,-1,1,0,-1,1,-1,-1,0,-1,1,-1,-1,-1,1,1,-1,1,0,1,0
UCI327-09392,-1,-1,1,1,1,-1,0,1,1,-1,1,1,-1,0,0,1,1,1,0,1,1,-1,1,1,1,1,-1,1,1,1,0
UCI327-06819,-1,-1,-1,1,1,-1,1,1,-1,1,1,-1,-1,0,0,-1,1,1,0,1,1,1,1,-1,1,-1,1,1,0,-1,0
UCI327-05733,-1,-1,1,-1,1,-1,0,-1,-1,-1,-1,-1,1,0,0,-1,-1,-1,0,-1,1,-1,1,-1,1,0,1,1,0,1,1
UCI327-05478,1,-1,1,1,1,-1,1,1,1,1,1,1,-1,0,-1,-1,1,1,0,1,1,1,1,-1,1,1,-1,1,0,1,0
UCI327-06020,-1,-1,1,1,1,-1,0,1,-1,1,1,1,1,0,1,1,1,1,0,1,1,1,1,-1,1,1,-1,1,0,1,0
UCI327-02202,1,1,1,1,1,-1,0,0,-1,-1,-1,1,1,-1,1,1,-1,1,0,-1,1,-1,-1,1,1,-1,-1,1,0,-1,1
UCI327-10291,1,-1,1,1,1,-1,1,-1,-1,1,1,1,1,0,-1,-1,1,1,0,1,1,1,1,1,1,1,-1,-1,0,1,1
UCI327-02641,1,-1,1,1,1,-1,-1,-1,1,1,1,1,-1,-1,-1,-1,1,1,0,1,1,1,1,-1,-1,-1,1,1,0,1,1
UCI327-05361,1,-1,1,1,1,-1,0,1,-1,1,1,1,1,1,1,-1,1,1,0,1,1,1,1,-1,1,1,1,1,0,1,0
UCI327-09462,-1,-1,-1,1,-1,-1,1,1,-1,1,1,-1,1,1,1,-1,1,-1,1,1,1,1,1,1,-1,-1,-1,1,1,1,0
UCI327-09810,1,-1,-1,1,-1,1,1,1,-1,1,1,-1,1,1,1,-1,1,-1,1,1,1,1,1,1,-1,1,-1,1,1,1,0
UCI327-09123,1,-1,1,1,1,1,1,-1,-1,1,1,1,1,0,0,-1,1,1,0,1,1,1,1,1,1,0,-1,1,0,1,0
UCI327-01206,1,1,1,1,1,1,1,1,-1,1,1,1,1,0,1,1,1,1,0,1,1,1,1,1,1,-1,-1,1,1,1,0
UCI327-06807,1,-1,1,1,1,-1,1,0,-1,1,1,1,-1,-1,0,-1,1,1,0,1,1,1,1,-1,1,-1,-1,1,0,1,1
UCI327-00574,1,1,1,1,1,-1,1,1,-1,-1,-1,1,1,1,-1,1,-1,1,0,1,1,-1,1,1,1,1,-1,1,1,-1,0
UCI327-01226,1,-1,1,1,1,-1,0,0,-1,-1,-1,1,1,-1,-1,-1,-1,1,0,-1,-1,-1,-1,1,-1,1,-1,1,0,-1,1
UCI327-00337,1,-1,1,1,1,-1,0,0,1,1,1,1,-1,-1,0,-1,1,1,0,1,1,1,1,1,-1,-1,-1,-1,0,1,1
UCI327-10330,1,-1,1,1,1,-1,0,1,-1,1,1,1,-1,0,0,-1,1,1,0,1,1,1,1,1,1,1,-1,1,0,1,1
UCI327-06445,-1,-1,1,1,1,-1,1,1,-1,1,1,1,1,0,-1,-1,1,1,0,1,1,1,1,-1,1,1,1,1,0,1,0
UCI327-05337,1,-1,1,1,1,-1,0,1,-1,1,1,1,1,0,-1,1,1,1,0,1,1,1,1,-1,1,1,1,1,0,1,0
UCI327-06829,1,-1,1,1,1,-1,0,1,-1,1,1,1,1,0,0,1,1,1,0,1,1,1,1,-1,1,1,-1,1,0,1,0
UCI327-09902,1,1,1,1,1,-1,1,1,-1,1,1,1,1,1,1,-1,1,1,0,1,1,1,1,1,1,1,1,1,0,1,0
UCI327-00984,1,-1,1,1,1,-1,0,-1,-1,1,1,1,1,1,0,-1,1,1,0,1,1,1,1,1,-1,1,1,1,0,1,0
UCI327-05893,-1,-1,1,1,1,-1,0,-1,-1,1,1,1,-1,-1,0,1,1,1,0,1,1,1,1,-1,1,-1,-1,1,1,1,1
UCI327-09283,-1,-1,1,1,1,-1,0,1,-1,1,1,1,1,0,0,-1,1,1,0,1,1,1,1,1,1,0,-1,1,1,1,1
UCI327-05135,1,1,1,1,1,-1,0,1,-1,1,1,1,1,0,1,1,1,-1,0,1,1,1,1,-1,1,1,1,1,0,1,0
UCI327-01945,1,-1,1,1,1,1,1,1,-1,1,1,1,1,0,1,-1,1,1,0,1,1,1,1,1,1,1,-1,1,0,1,0
UCI327-07484,-1,-1,1,1,1,-1,-1,1,-1,1,1,1,1,0,1,1,1,1,0,1,1,1,1,-1,1,1,-1,1,1,1,0
UCI327-06070,1,1,1,-1,1,-1,1,0,-1,-1,-1,1,1,-1,1,-1,-1,1,0,-1,1,-1,-1,1,1,-1,-1,1,0,1,1
UCI327-01916,-1,-1,-1,1,-1,-1,-1,1,1,1,1,-1,-1,0,-1,-1,1,-1,1,1,1,1,1,1,-1,1,1,1,1,1,0
UCI327-08636,1,-1,1,1,1,-1,1,1,-1,1,1,1,1,1,0,0,1,1,0,1,1,1,1,1,1,1,-1,1,0,1,0
UCI327-00816,1,-1,1,1,1,-1,-1,-1,1,-1,-1,1,-1,0,0,-1,-1,1,0,-1,-1,-1,-1,-1,1,-1,-1,1,0,-1,1
UCI327-02052,1,-1,1,1,1,1,-1,1,-1,-1,-1,1,-1,1,1,-1,-1,1,0,-1,-1,-1,-1,1,-1,1,-1,1,1,-1,0
UCI327-02087,1,-1,1,1,1,-1,0,0,-1,1,1,1,1,-1,-1,-1,1,1,0,1,1,1,1,1,1,-1,-1,1,0,1,1
UCI327-06600,-1,-1,-1,-1,-1,1,1,1,-1,1,1,-1,1,0,0,-1,1,-1,0,1,1,1,1,-1,-1,1,1,-1,1,1,0
UCI327-05310,1,-1,1,1,1,-1,-1,1,-1,1,1,1,1,0,1,1,1,1,0,1,1,1,1,-1,1,1,1,1,1,1,0
UCI327-08476,-1,1,-1,-1,-1,-1,-1,-1,-1,1,1,-1,1,-1,-1,-1,1,-1,1,1,1,1,1,1,-1,1,1,1,0,-1,1
UCI327-10243,1,1,1,1,1,1,1,-1,-1,1,1,1,1,0,0,-1,1,1,0,1,1,1,1,1,1,0,1,-1,-1,1,0
UCI327-07602,1,-1,1,1,1,-1,0,1,1,1,1,1,-1,0,0,1,1,1,1,1,1,1,1,-1,1,1,1,1,0,1,0
UCI327-10526,-1,-1,1,1,1,-1,0,-1,1,1,1,1,1,0,-1,-1,1,1,0,1,1,1,1,1,1,0,-1,1,1,1,1
UCI327-09354,1,-1,1,1,1,1,0,-1,-1,1,1,1,1,1,-1,-1,1,1,0,1,1,1,1,-1,1,1,-1,1,0,1,0
UCI327-08406,1,1,1,1,-1,-1,1,1,-1,-1,1,-1,1,0,1,-1,1,1,0,-1,1,-1,1,1,1,-1,1,1,0,1,0
UCI327-00210,1,-1,1,1,1,-1,0,1,1,1,1,-1,-1,0,0,-1,1,-1,0,1,1,1,1,-1,1,1,-1,1,0,-1,0
UCI327-05298,-1,-1,1,-1,1,-1,-1,1,-1,-1,-1,-1,1,0,-1,1,-1,1,0,-1,1,-1,-1,-1,1,1,1,1,1,1,0
UCI327-07420,-1,-1,1,1,1,-1,1,1,1,1,1,1,-1,1,-1,1,1,1,0,1,1,1,1,-1,1,0,1,1,0,1,0
UCI327-09734,-1,-1,1,-1,1,-1,0,1,-1,-1,-1,1,-1,0,-1,-1,-1,1,0,1,1,1,1,1,1,1,-1,1,1,1,1
UCI327-06878,-1,-1,1,1,1,-1,0,1,1,1,1,1,-1,0,1,-1,1,1,0,1,1,1,1,-1,1,1,1,1,1,1,0
UCI327-07596,1,1,1,-1,1,-1,-1,1,-1,1,1,1,1,0,0,-1,1,-1,0,1,1,1,1,-1,1,0,1,1,0,1,0
UCI327-09795,-1,-1,1,1,1,-1,-1,0,-1,1,1,1,1,-1,0,-1,1,1,0,1,1,1,1,1,1,0,-1,-1,0,1,1
UCI327-00715,1,1,1,1,1,1,-1,1,-1,1,1,1,1,0,0,1,1,1,0,1,1,1,1,-1,-1,1,-1,1,1,1,0
UCI327-00024,1,-1,-1,-1,1,-1,1,1,-1,1,1,-1,-1,0,0,-1,1,1,0,1,1,1,1,1,1,-1,-1,1,0,1,0
UCI327-10304,-1,-1,1,1,1,-1,1,1,-1,1,1,1,-1,0,-1,-1,1,1,0,1,1,1,1,1,1,1,-1,1,0,1,1
UCI327-06712,-1,-1,1,1,1,-1,1,-1,-1,1,1,1,-1,0,-1,1,1,1,0,1,1,1,1,-1,1,-1,1,1,0,1,1
UCI327-00037,1,0,1,1,1,-1,-1,-1,1,-1,1,1,-1,-1,0,-1,1,1,0,-1,1,-1,1,-1,-1,0,-1,1,0,1,1
UCI327-11007,1,-1,1,1,1,-1,1,1,-1,1,1,1,1,1,0,-1,1,1,0,1,1,1,1,1,1,1,-1,1,-1,1,0
UCI327-05537,1,1,1,-1,1,-1,0,1,-1,1,1,-1,1,0,0,-1,1,-1,0,1,1,1,1,1,1,1,1,1,0,1,0
UCI327-08853,1,-1,1,1,1,-1,1,1,-1,1,1,1,1,1,0,-1,1,1,0,1,1,1,1,1,1,-1,-1,1,1,1,0
UCI327-00458,1,-1,1,1,1,-1,-1,-1,-1,-1,-1,1,1,-1,0,-1,-1,1,0,1,1,-1,1,-1,1,-1,-1,1,0,1,1
UCI327-09226,1,-1,1,1,1,-1,-1,1,1,1,1,1,-1,0,-1,0,1,1,0,1,1,1,1,1,1,1,-1,1,0,1,0
UCI327-00900,1,-1,1,1,1,-1,1,-1,1,1,1,1,-1,0,1,-1,1,1,0,1,1,1,1,1,-1,1,-1,1,1,1,1
UCI327-06750,1,-1,1,1,1,-1,0,-1,1,1,1,1,1,0,-1,-1,1,1,0,1,1,1,1,-1,1,-1,-1,1,1,1,1
UCI327-01237,1,1,-1,1,1,-1,-1,1,-1,1,1,1,1,0,1,-1,1,1,0,1,1,1,1,1,-1,0,-1,-1,0,1,1
UCI327-06973,-1,-1,1,1,1,-1,0,-1,-1,1,1,1,-1,-1,0,-1,1,1,1,1,1,1,1,-1,1,1,-1,1,0,1,1
UCI327-00073,1,-1,1,1,-1,1,-1,1,-1,1,1,1,1,1,0,-1,1,1,0,1,1,1,1,1,1,1,-1,1,0,1,0
UCI327-00848,1,-1,1,1,1,-1,0,0,1,1,1,1,-1,-1,-1,-1,1,1,0,1,1,1,1,1,1,-1,-1,1,0,1,1
UCI327-06204,1,1,1,1,1,-1,-1,-1,-1,1,1,1,1,0,0,-1,1,1,0,1,1,1,1,1,1,1,-1,1,0,1,0
UCI327-08603,-1,-1,1,1,1,-1,0,0,-1,1,1,1,-1,0,-1,-1,1,1,0,1,1,1,1,1,1,1,-1,1,1,1,1
UCI327-00451,1,-1,1,1,1,-1,0,0,-1,-1,-1,1,-1,-1,-1,-1,-1,1,0,1,1,-1,1,1,-1,1,-1,1,1,1,1
UCI327-06888,-1,1,-1,-1,-1,-1,0,-1,-1,-1,-1,-1,1,-1,1,-1,-1,-1,0,-1,-1,-1,-1,1,-1,1,-1,-1,1,1,1
UCI327-06752,-1,-1,1,1,1,-1,0,1,1,1,1,1,1,0,0,-1,1,1,0,1,1,1,1,-1,1,-1,-1,1,1,1,0
UCI327-09602,-1,-1,1,1,1,-1,0,-1,-1,-1,1,1,1,0,0,1,1,1,0,1,1,-1,1,1,1,1,-1,1,1,1,1
UCI327-01119,1,-1,1,1,1,-1,-1,1,-1,-1,-1,1,1,1,0,-1,-1,1,0,-1,-1,-1,-1,-1,1,1,1,1,0,-1,0
UCI327-00915,1,-1,1,1,1,-1,-1,-1,1,1,1,1,-1,0,-1,-1,1,1,0,1,1,1,1,1,1,0,-1,-1,0,1,1
UCI327-06748,1,-1,1,-1,1,-1,1,0,-1,-1,-1,1,-1,-1,0,-1,-1,1,1,1,1,-1,1,-1,1,0,-1,1,0,1,1
UCI327-06285,1,-1,1,1,1,-1,0,1,-1,1,1,1,1,0,1,1,1,1,0,1,1,1,1,-1,1,1,1,1,0,1,0
UCI327-01509,1,-1,1,1,1,-1,0,-1,-1,1,1,1,-1,-1,0,-1,1,1,0,1,1,-1,1,-1,-1,0,-1,1,1,1,1
UCI327-07820,1,-1,1,1,1,-1,-1,1,-1,1,1,1,1,0,-1,-1,1,1,0,1,1,1,1,-1,1,1,1,1,0,1,1
UCI327-10611,1,-1,1,1,1,-1,1,-1,-1,1,1,1,1,1,-1,-1,1,1,0,1,1,1,1,1,1,0,-1,-1,0,1,1
UCI327-00286,1,-1,1,-1,1,-1,0,0,1,1,1,1,-1,-1,0,-1,1,1,0,1,1,1,1,1,1,-1,-1,1,1,1,1
UCI327-07545,-1,-1,1,1,1,-1,0,-1,-1,1,1,1,-1,-1,0,-1,1,1,0,1,1,1,1,-1,1,1,-1,1,0,1,1
UCI327-01768,1,-1,1,1,1,-1,0,0,1,-1,-1,1,1,-1,0,-1,-1,1,0,1,1,-1,1,1,1,0,-1,1,0,-1,1
UCI327-06113,1,-1,1,1,1,-1,1,0,-1,1,1,1,1,-1,-1,-1,1,1,0,1,1,1,1,-1,1,-1,1,1,0,1,1
UCI327-07935,1,-1,1,1,1,-1,0,1,1,1,1,1,-1,0,0,0,1,1,1,1,1,1,1,-1,1,1,-1,1,0,1,0
UCI327-08932,1,-1,1,-1,1,-1,0,-1,1,-1,-1,1,-1,-1,0,-1,-1,1,0,-1,-1,-1,-1,1,1,0,-1,1,0,1,1
UCI327-00090,1,-1,1,1,1,-1,1,-1,-1,1,1,-1,1,0,1,-1,1,1,0,1,1,1,1,1,1,0,-1,1,-1,1,1
UCI327-10776,-1,-1,1,1,1,-1,0,1,-1,1,1,1,1,0,0,-1,1,1,0,1,1,1,1,1,1,1,-1,1,1,1,1
UCI327-08630,1,-1,1,-1,1,-1,1,1,-1,1,1,1,1,1,0,1,-1,-1,0,1,1,1,1,1,1,1,-1,1,0,1,0
UCI327-10140,-1,-1,1,1,1,-1,1,1,-1,-1,-1,1,1,1,-1,1,-1,1,0,-1,1,-1,1,1,1,1,-1,-1,0,1,0
UCI327-07204,1,-1,1,1,1,-1,1,1,1,1,1,1,-1,0,-1,-1,1,1,0,1,1,1,1,-1,1,1,1,1,0,1,0
UCI327-10923,-1,1,1,1,1,-1,0,-1,1,1,1,1,-1,-1,0,-1,1,1,0,1,1,1,1,1,1,1,1,1,1,1,1
UCI327-08474,-1,-1,1,1,1,-1,0,-1,1,1,1,1,-1,-1,-1,-1,1,1,0,1,1,1,1,1,1,1,-1,-1,0,-1,1
UCI327-09624,1,-1,-1,1,-1,1,1,1,-1,1,1,-1,1,1,-1,-1,1,-1,1,1,1,1,1,-1,-1,0,-1,1,1,1,0
UCI327-09139,-1,-1,1,-1,1,1,1,1,-1,-1,-1,1,1,0,-1,-1,-1,1,0,-1,-1,-1,-1,1,1,1,-1,1,1,1,0
UCI327-07068,1,-1,1,1,1,-1,1,1,1,1,1,1,-1,1,-1,1,1,1,0,1,1,1,1,-1,1,0,1,1,0,1,0
UCI327-01121,1,-1,1,1,1,-1,-1,-1,1,-1,-1,1,-1,-1,0,-1,-1,1,0,-1,-1,-1,-1,-1,1,0,-1,1,0,-1,1
UCI327-03427,1,-1,1,1,1,-1,-1,-1,1,1,1,1,-1,0,-1,-1,1,1,0,1,1,1,1,1,-1,1,-1,-1,1,-1,1
UCI327-01201,1,-1,1,1,1,-1,1,1,-1,1,1,1,1,1,0,-1,1,1,0,1,1,1,1,1,-1,-1,-1,1,1,1,0
UCI327-02495,1,-1,1,1,1,-1,0,0,1,1,1,1,-1,-1,1,-1,1,1,0,1,1,1,1,1,-1,-1,-1,-1,1,1,1
UCI327-03852,1,-1,1,1,1,-1,-1,-1,1,1,1,1,-1,0,-1,-1,1,1,0,1,1,1,1,-1,-1,-1,1,-1,1,1,1
UCI327-00383,1,-1,1,1,1,-1,0,1,1,1,1,1,-1,0,1,-1,1,1,0,1,1,1,1,-1,1,0,-1,1,0,1,1
UCI327-06021,-1,0,1,1,1,-1,0,-1,1,-1,1,1,-1,-1,0,0,1,1,0,-1,1,-1,1,-1,1,0,1,1,0,1,1
UCI327-01762,1,1,1,1,1,-1,0,0,-1,1,1,1,-1,-1,-1,1,1,1,0,1,1,1,1,1,-1,-1,-1,-1,1,1,1
UCI327-00091,-1,-1,-1,1,-1,1,1,1,1,1,1,-1,-1,1,0,-1,-1,-1,0,1,1,1,1,1,1,1,1,1,1,-1,0
UCI327-06517,1,-1,1,1,1,-1,0,-1,-1,1,1,1,1,-1,-1,-1,1,1,0,1,1,1,1,-1,1,1,1,1,0,1,1
UCI327-02251,1,-1,1,1,1,-1,-1,-1,-1,1,1,1,-1,0,-1,-1,1,1,0,1,1,1,1,-1,-1,0,-1,-1,1,1,1
UCI327-06724,1,1,-1,1,-1,1,1,1,-1,1,1,-1,1,1,0,-1,1,-1,0,1,1,1,1,1,-1,1,-1,-1,1,1,0
UCI327-07927,1,-1,1,-1,1,-1,-1,1,-1,-1,-1,1,1,1,-1,1,-1,1,0,-1,1,-1,-1,-1,1,1,-1,1,0,1,0
UCI327-08923,-1,-1,1,1,1,-1,1,1,-1,1,1,1,1,0,1,0,1,1,0,1,1,1,1,-1,1,0,-1,1,1,1,0
UCI327-07437,-1,1,1,1,1,-1,1,0,-1,1,1,1,1,-1,0,-1,1,1,0,1,1,1,1,1,1,0,-1,1,0,1,1
UCI327-02312,1,-1,1,1,1,-1,-1,-1,-1,1,1,1,-1,-1,-1,-1,1,1,0,1,1,1,1,-1,1,-1,-1,1,0,1,1
UCI327-08758,-1,1,1,1,1,-1,-1,-1,-1,-1,1,1,1,-1,1,-1,1,1,0,1,1,-1,1,1,1,1,1,1,0,1,1
UCI327-08017,1,1,1,1,1,1,-1,1,-1,1,1,-1,1,0,0,1,1,1,0,1,1,1,1,1,1,1,-1,1,-1,1,0
UCI327-10288,-1,-1,1,1,1,-1,0,-1,-1,1,1,1,1,-1,0,-1,1,1,0,1,1,1,1,1,1,1,-1,1,1,1,1
UCI327-05324,1,-1,1,-1,1,-1,1,0,-1,1,1,1,1,0,-1,-1,1,1,1,1,1,1,1,-1,1,1,1,1,0,-1,1
UCI327-07887,-1,-1,1,1,1,-1,0,1,-1,1,1,1,1,0,0,-1,1,1,0,1,1,1,1,-1,1,0,1,1,1,1,1
UCI327-01085,1,-1,1,1,1,-1,-1,-1,-1,-1,-1,1,1,1,-1,-1,-1,1,0,-1,-1,-1,-1,-1,-1,1,-1,-1,1,-1,1
UCI327-05342,1,-1,1,1,1,-1,0,1,-1,1,1,1,-1,-1,-1,1,-1,1,1,1,1,1,1,-1,1,-1,1,1,0,1,1
UCI327-06442,-1,-1,1,1,1,-1,0,-1,-1,1,1,1,1,0,-1,-1,1,1,0,1,1,1,1,-1,1,0,-1,1,0,1,1
UCI327-06232,-1,0,-1,-1,1,-1,1,-1,1,1,1,1,-1,-1,-1,-1,-1,-1,0,1,1,1,1,-1,1,-1,1,1,0,1,1
UCI327-01136,1,-1,1,1,1,-1,0,1,1,1,1,1,-1,0,-1,-1,1,1,0,1,1,1,1,-1,-1,0,-1,-1,0,1,1
UCI327-06181,-1,1,1,-1,1,-1,0,0,-1,-1,-1,1,1,-1,0,-1,-1,1,0,1,1,1,1,1,1,0,1,1,1,1,1
UCI327-00588,1,-1,1,1,1,-1,-1,1,-1,1,1,1,1,0,-1,-1,1,1,0,1,1,1,1,1,1,0,-1,-1,0,1,0
UCI327-05643,-1,-1,1,-1,1,-1,0,-1,-1,1,1,1,1,-1,0,-1,1,1,0,1,1,-1,1,-1,1,-1,-1,1,0,1,1
UCI327-09842,-1,-1,1,-1,1,-1,1,1,-1,-1,-1,1,1,0,0,-1,-1,1,0,-1,1,-1,-1,1,1,-1,-1,1,1,1,0
UCI327-05850,1,-1,1,1,1,-1,1,1,-1,1,1,1,1,0,0,1,1,1,0,1,1,1,1,-1,1,1,1,1,0,1,0
UCI327-08907,1,-1,1,1,1,-1,1,-1,-1,1,1,1,1,1,0,-1,1,1,0,1,1,1,1,1,1,0,-1,1,0,1,0
UCI327-10736,-1,-1,1,1,1,-1,1,-1,-1,1,1,1,-1,0,0,0,1,1,0,1,1,1,1,1,1,1,-1,1,1,1,0
UCI327-09772,-1,-1,1,1,1,-1,-1,1,1,1,1,1,1,0,1,-1,1,1,0,1,1,1,1,1,1,-1,-1,1,1,1,0
UCI327-00001,1,1,1,1,1,-1,0,1,-1,1,1,-1,1,0,-1,-1,1,1,0,1,1,1,1,-1,-1,0,-1,1,1,1,1
UCI327-00643,1,-1,1,1,1,-1,0,-1,1,1,1,1,1,-1,-1,-1,1,1,0,1,1,1,1,-1,1,0,-1,-1,0,1,1
UCI327-07085,-1,1,1,1,1,-1,1,1,-1,1,1,1,1,0,-1,-1,1,1,0,1,1,-1,1,1,1,0,1,1,1,1,1
UCI327-06424,-1,-1,-1,-1,1,-1,0,0,-1,1,1,-1,-1,-1,1,-1,-1,-1,0,1,1,1,1,-1,-1,-1,-1,1,0,1,1
UCI327-05929,-1,-1,1,1,1,-1,0,1,-1,1,1,1,1,0,1,-1,1,1,0,1,1,1,1,-1,1,1,1,1,0,1,0
UCI327-01106,-1,-1,-1,1,-1,-1,1,1,-1,1,1,-1,1,1,-1,-1,1,-1,1,1,1,1,1,1,-1,1,-1,1,1,1,0
UCI327-08782,1,-1,1,1,1,1,0,1,1,-1,-1,1,-1,1,0,-1,-1,1,0,1,1,-1,-1,-1,1,-1,-1,1,0,1,0
UCI327-07198,-1,-1,1,1,1,-1,-1,1,-1,1,1,1,1,0,0,1,1,1,0,1,1,1,1,-1,1,1,-1,1,1,1,0
UCI327-01376,1,-1,1,1,1,-1,-1,1,-1,1,1,1,1,0,0,-1,-1,1,0,1,1,1,1,1,1,1,-1,1,-1,1,0
UCI327-00638,1,-1,1,1,1,-1,0,1,1,1,1,1,-1,1,0,-1,1,1,0,1,1,1,1,-1,1,1,-1,1,0,1,0
UCI327-00128,1,-1,1,1,1,1,0,-1,1,1,1,1,-1,0,-1,-1,1,1,0,1,1,1,1,1,1,-1,-1,1,1,1,0
UCI327-00595,1,1,1,-1,1,-1,0,-1,-1,1,1,1,1,-1,0,1,1,1,0,1,1,1,1,-1,-1,-1,-1,-1,1,1,1
UCI327-02803,1,1,1,-1,1,-1,0,0,-1,1,1,1,1,-1,1,1,1,1,0,1,1,1,1,1,-1,-1,-1,1,-1,1,1
UCI327-08281,-1,-1,1,-1,1,1,1,1,-1,-1,-1,-1,1,0,1,-1,-1,1,0,1,1,-1,-1,1,1,-1,-1,1,1,1,0
UCI327-00521,1,-1,1,1,1,-1,1,-1,1,1,1,1,-1,0,0,-1,1,1,0,1,1,1,1,-1,-1,1,-1,1,1,1,0
UCI327-06326,-1,1,-1,1,-1,-1,0,0,-1,1,1,-1,1,-1,1,0,1,-1,0,1,1,1,1,1,-1,1,-1,-1,1,1,1
UCI327-08881,-1,-1,1,1,1,-1,-1,-1,1,-1,1,1,-1,-1,1,-1,1,1,0,-1,1,-1,1,1,1,1,-1,1,1,1,1
UCI327-07092,-1,1,1,1,1,-1,1,1,-1,-1,1,1,1,0,0,-1,1,1,0,-1,1,-1,-1,1,1,0,1,1,0,1,0
UCI327-01336,1,-1,1,1,1,-1,0,1,-1,1,1,1,1,0,1,-1,-1,1,0,1,1,1,1,-1,-1,1,-1,1,-1,1,0
UCI327-01165,-1,-1,-1,1,-1,-1,1,1,-1,1,1,-1,1,1,0,-1,1,-1,1,1,1,1,1,1,-1,1,-1,1,1,1,0
UCI327-08291,-1,-1,1,-1,1,-1,0,-1,-1,1,-1,-1,1,-1,-1,-1,-1,1,0,1,1,1,1,1,1,1,-1,-1,0,1,1
UCI327-08004,-1,1,1,1,1,-1,1,0,-1,1,1,1,1,-1,0,-1,1,1,0,1,1,1,1,1,1,-1,1,1,1,1,1
UCI327-05186,1,1,1,1,1,1,0,-1,-1,1,1,1,1,0,0,0,1,1,0,1,1,1,1,1,1,1,-1,1,-1,1,0
UCI327-00401,1,-1,1,1,1,-1,-1,1,-1,-1,1,1,1,0,0,-1,1,1,0,1,1,-1,1,-1,-1,0,-1,1,0,1,1
UCI327-06984,-1,-1,1,1,1,-1,0,-1,-1,1,1,1,1,1,0,-1,1,1,0,1,1,1,1,-1,1,1,-1,1,0,1,0
UCI327-05237,-1,-1,-1,-1,-1,-1,0,-1,1,1,-1,-1,-1,-1,-1,-1,1,-1,1,-1,1,-1,-1,-1,-1,-1,1,-1,1,-1,1
UCI327-01421,1,-1,1,1,1,-1,0,0,-1,1,1,1,1,-1,1,-1,1,1,0,1,1,1,1,1,1,1,-1,-1,0,1,1
UCI327-02502,1,1,1,1,1,1,-1,1,-1,-1,-1,1,1,0,-1,1,1,1,0,-1,-1,-1,-1,1,-1,1,-1,1,1,-1,0
UCI327-00251,-1,-1,-1,1,-1,-1,0,-1,-1,1,1,-1,1,-1,1,-1,1,-1,1,1,1,-1,1,-1,-1,-1,-1,1,1,-1,1
UCI327-00684,1,-1,1,1,1,-1,1,1,1,1,1,1,-1,0,-1,-1,1,1,0,1,1,1,1,1,1,1,-1,-1,0,1,0
UCI327-07455,-1,-1,1,1,1,-1,1,0,-1,1,1,1,1,-1,0,-1,1,1,0,1,1,1,1,-1,1,-1,-1,1,1,1,1
UCI327-10498,1,-1,1,1,1,-1,-1,-1,-1,1,1,1,-1,0,-1,1,1,1,0,1,1,1,1,1,1,0,-1,1,0,1,1
UCI327-00005,-1,0,-1,1,-1,-1,1,1,-1,1,1,-1,1,0,0,-1,-1,-1,0,1,1,1,1,1,1,1,-1,1,-1,-1,0
UCI327-10080,1,-1,1,-1,1,1,0,1,-1,1,1,-1,-1,1,-1,-1,-1,-1,0,1,1,1,1,1,1,-1,-1,1,0,1,0
UCI327-05590,-1,-1,1,1,1,-1,1,1,1,1,1,1,-1,0,-1,-1,1,1,0,1,1,1,1,-1,1,1,-1,1,1,1,0
UCI327-09539,-1,1,1,1,1,-1,0,0,1,1,1,1,-1,-1,0,-1,1,1,0,1,1,1,1,1,1,1,1,-1,0,1,1
UCI327-05443,-1,1,1,1,-1,1,1,1,-1,-1,1,1,1,1,1,-1,1,1,0,-1,1,-1,1,1,1,1,1,-1,0,1,0
UCI327-06983,-1,-1,1,1,1,-1,0,1,1,1,1,1,-1,0,-1,-1,1,1,0,1,1,1,1,-1,1,0,-1,1,0,1,1
UCI327-05948,1,-1,1,1,1,-1,1,1,-1,1,1,1,-1,1,0,-1,1,1,0,1,1,1,1,-1,1,1,1,1,0,1,0
UCI327-08338,1,-1,1,-1,1,1,1,1,-1,-1,-1,-1,1,0,-1,-1,-1,1,0,-1,-1,-1,-1,1,1,1,-1,1,1,1,0
UCI327-05870,-1,-1,1,1,1,-1,0,0,1,-1,-1,1,1,-1,1,-1,-1,1,0,1,1,-1,1,-1,1,1,1,1,1,-1,1
UCI327-07152,-1,-1,1,1,1,-1,1,1,-1,1,1,1,1,1,1,-1,1,1,0,1,1,1,1,-1,1,1,1,1,0,-1,0
UCI327-00917,-1,-1,-1,1,-1,-1,-1,1,-1,1,1,-1,1,0,0,-1,1,-1,1,1,1,1,1,1,-1,1,1,1,1,1,0
UCI327-06890,1,-1,1,-1,1,-1,0,-1,1,-1,-1,1,-1,0,0,0,-1,1,0,-1,-1,-1,-1,-1,1,-1,-1,1,0,1,1
UCI327-05715,-1,-1,-1,-1,-1,-1,1,1,1,1,1,-1,-1,1,1,-1,1,-1,0,1,1,1,1,-1,-1,1,-1,-1,1,1,0
UCI327-09689,-1,1,-1,1,-1,-1,0,1,-1,1,1,-1,1,0,-1,-1,1,-1,1,1,1,1,1,1,-1,-1,1,1,1,1,0
UCI327-05750,-1,1,1,1,1,1,1,1,-1,1,1,1,1,1,0,-1,1,1,0,1,1,1,1,1,1,-1,1,1,1,1,0
UCI327-05774,-1,-1,1,1,1,-1,0,0,-1,1,1,1,-1,-1,-1,-1,1,1,0,1,1,1,1,-1,1,-1,-1,1,1,1,1
UCI327-08546,-1,-1,1,1,1,-1,-1,0,-1,1,1,1,-1,-1,-1,-1,1,1,0,1,1,1,1,1,1,1,-1,1,0,-1,1
UCI327-09164,1,-1,1,1,1,-1,-1,-1,1,1,1,1,-1,-1,0,-1,1,1,0,1,1,1,1,1,1,1,-1,-1,0,-1,1
UCI327-09475,1,-1,1,1,1,-1,-1,-1,-1,1,1,1,-1,-1,0,-1,1,1,0,1,1,1,1,1,1,1,-1,1,0,1,1
UCI327-06319,-1,-1,1,-1,1,-1,0,-1,-1,-1,-1,1,1,0,-1,-1,-1,1,0,1,1,-1,1,-1,1,0,1,1,0,-1,1
UCI327-00515,1,-1,1,1,1,-1,0,0,-1,1,1,1,-1,-1,-1,-1,1,1,0,1,1,1,1,1,-1,-1,-1,1,1,1,1
UCI327-07113,1,1,1,1,1,-1,0,0,-1,1,1,1,1,1,0,-1,1,1,0,1,1,1,1,1,1,-1,-1,1,0,1,1
UCI327-08976,1,-1,1,1,1,-1,0,-1,-1,1,1,1,1,0,1,-1,1,1,0,1,1,1,1,1,1,0,-1,1,0,1,1
UCI327-08276,1,-1,1,1,1,-1,-1,1,1,1,1,1,-1,-1,-1,-1,1,1,0,1,1,1,1,1,1,1,-1,-1,0,1,1
UCI327-00513,1,-1,1,1,1,-1,1,1,1,1,1,1,-1,0,0,-1,1,1,0,1,1,1,1,1,1,1,-1,1,0,1,0
UCI327-06282,-1,-1,1,1,1,-1,0,-1,-1,1,1,1,1,0,0,-1,1,1,0,1,1,1,1,-1,1,0,1,1,1,1,1
UCI327-09409,1,1,1,1,1,-1,1,1,-1,-1,1,1,1,0,-1,0,1,1,0,-1,1,-1,1,1,1,0,1,1,0,1,0
UCI327-05787,-1,1,1,-1,-1,-1,-1,-1,-1,1,1,-1,1,-1,1,-1,-1,-1,0,1,1,1,1,-1,-1,-1,1,1,1,1,1
UCI327-08567,-1,-1,1,1,1,1,1,1,-1,1,1,1,1,0,-1,1,1,1,0,1,1,1,1,1,1,-1,-1,1,1,1,0
UCI327-07429,-1,-1,1,1,1,-1,1,0,1,1,1,1,-1,-1,1,0,1,1,0,1,1,1,1,-1,1,-1,-1,1,1,1,1
UCI327-08517,1,-1,1,-1,-1,-1,1,1,-1,1,1,1,1,1,0,1,1,1,0,1,1,1,1,1,1,-1,-1,-1,0,1,0
UCI327-09612,1,-1,1,1,1,-1,1,1,1,1,1,1,1,1,1,1,1,1,0,1,1,1,1,1,1,-1,-1,1,0,1,0
UCI327-02611,1,-1,1,1,1,-1,0,-1,-1,-1,-1,-1,-1,-1,0,-1,-1,1,0,-1,1,-1,-1,-1,-1,-1,-1,1,0,-1,1
UCI327-00607,1,-1,1,1,1,1,1,1,-1,1,1,1,1,1,-1,-1,1,1,0,1,1,-1,1,1,1,1,-1,1,0,1,0
UCI327-07985,1,-1,1,1,1,-1,0,1,1,1,1,1,1,0,-1,-1,-1,1,0,1,1,1,1,-1,1,0,-1,1,1,1,1
UCI327-06729,1,-1,1,1,1,-1,0,1,-1,1,1,1,1,0,-1,-1,1,1,0,1,1,1,1,-1,1,0,1,1,0,1,1
UCI327-08659,-1,-1,-1,-1,-1,-1,1,-1,-1,-1,-1,-1,-1,-1,1,1,-1,-1,1,-1,-1,-1,-1,1,-1,1,-1,1,1,1,1
UCI327-00459,1,-1,1,1,1,-1,0,0,-1,1,1,1,1,-1,0,-1,1,1,0,1,1,1,1,1,1,-1,-1,1,0,1,1
UCI327-01695,1,-1,1,-1,1,-1,0,-1,-1,1,1,1,1,-1,0,-1,1,1,0,1,1,1,1,-1,-1,-1,-1,-1,1,1,1
UCI327-07708,1,-1,1,1,1,-1,-1,-1,1,1,1,1,1,0,-1,-1,1,1,0,1,1,1,1,-1,1,1,1,1,0,1,0
UCI327-05341,1,-1,1,1,1,-1,0,-1,1,1,1,1,-1,-1,0,-1,1,-1,0,1,1,1,1,-1,1,-1,1,1,0,1,1
UCI327-05679,-1,-1,1,1,1,1,1,1,1,1,1,1,-1,1,0,-1,1,1,0,1,1,1,1,-1,1,-1,1,1,1,1,0
UCI327-00283,-1,1,-1,1,-1,1,1,1,-1,1,1,-1,-1,0,1,1,1,-1,1,1,1,1,1,1,1,1,-1,1,1,-1,0
UCI327-08951,1,-1,1,-1,1,-1,1,1,-1,-1,-1,1,1,1,0,-1,-1,1,0,-1,-1,-1,-1,1,1,-1,-1,1,0,1,0
UCI327-05601,1,1,-1,-1,-1,1,1,1,-1,1,1,-1,1,0,0,-1,-1,-1,0,1,1,1,1,1,-1,1,-1,1,1,1,0
UCI327-05717,-1,-1,1,1,1,1,1,1,-1,-1,1,1,1,0,1,-1,1,1,0,1,1,-1,1,-1,1,1,1,1,1,1,0
UCI327-06212,1,-1,1,1,1,-1,1,1,1,1,1,1,-1,1,0,1,1,1,0,1,1,1,1,-1,1,1,1,1,0,1,0
UCI327-02326,1,-1,1,1,1,-1,-1,-1,-1,1,1,1,-1,-1,0,-1,1,1,0,1,1,1,1,-1,-1,-1,-1,1,1,1,1
UCI327-03586,1,0,1,-1,1,-1,-1,-1,1,1,1,-1,-1,0,-1,-1,1,1,0,1,1,1,1,-1,1,0,-1,-1,0,1,1
UCI327-06964,-1,-1,1,1,1,-1,1,1,-1,-1,1,1,1,0,-1,-1,1,1,0,1,1,-1,1,-1,1,1,1,1,0,1,0
UCI327-05524,-1,1,1,-1,1,1,1,1,-1,1,1,1,1,1,-1,-1,-1,-1,0,1,1,1,1,1,1,1,-1,1,1,1,0
UCI327-00309,1,-1,1,1,1,-1,-1,1,-1,1,1,1,1,0,0,-1,1,1,0,1,1,1,1,1,-1,1,-1,1,1,1,0
UCI327-00234,-1,1,-1,1,-1,-1,0,1,1,-1,1,-1,-1,1,1,1,1,-1,1,1,1,-1,1,-1,-1,1,1,1,1,-1,0
UCI327-01676,1,-1,1,1,1,-1,-1,1,-1,1,1,1,1,0,0,-1,1,1,0,1,1,1,1,1,-1,0,-1,-1,1,1,1
UCI327-05706,1,-1,1,1,1,1,1,1,1,1,1,1,-1,1,1,-1,1,1,0,1,1,1,1,-1,1,1,1,1,0,1,0
UCI327-05271,-1,-1,-1,-1,-1,-1,0,-1,1,-1,-1,-1,-1,-1,1,-1,-1,-1,0,-1,-1,-1,-1,-1,-1,-1,-1,1,1,1,1
UCI327-10041,1,-1,1,-1,1,-1,0,-1,-1,-1,-1,1,-1,-1,0,-1,-1,1,0,1,1,-1,-1,1,1,1,-1,1,0,1,1
UCI327-06588,1,-1,1,1,1,-1,0,-1,1,1,1,1,-1,-1,-1,-1,1,1,0,1,1,1,1,-1,1,-1,1,1,0,1,1
UCI327-08874,-1,-1,1,-1,1,-1,-1,-1,-1,1,1,1,-1,-1,-1,-1,1,1,0,1,1,1,1,1,1,1,-1,-1,0,1,1
UCI327-02193,1,-1,1,1,1,1,0,1,1,1,1,1,-1,0,-1,-1,1,1,0,1,1,1,1,1,-1,1,1,1,1,1,0
UCI327-01374,1,-1,1,1,1,-1,-1,-1,-1,1,1,1,1,-1,0,-1,-1,1,0,1,1,1,1,-1,1,1,-1,1,-1,1,1
UCI327-07431,1,-1,1,1,1,-1,0,-1,1,1,1,1,-1,-1,0,0,1,1,0,1,1,1,1,-1,1,0,1,1,0,1,1
UCI327-09950,-1,-1,1,1,1,1,1,-1,1,1,1,1,-1,0,0,-1,1,1,0,1,1,1,1,1,1,0,-1,1,1,1,0
UCI327-08812,1,-1,1,1,1,-1,-1,0,1,1,1,1,-1,-1,-1,1,1,1,0,1,1,1,1,1,1,0,-1,1,0,1,1
UCI327-07173,-1,1,-1,1,-1,-1,1,-1,-1,1,1,-1,1,0,-1,-1,1,-1,0,1,1,1,1,1,-1,0,1,-1,1,1,1
UCI327-00367,1,-1,1,1,1,-1,1,1,-1,-1,1,1,1,0,0,-1,1,1,0,1,1,-1,1,1,1,0,-1,-1,0,1,0
UCI327-08977,-1,-1,1,1,1,-1,-1,-1,1,1,1,1,-1,-1,-1,-1,1,1,0,1,1,1,1,1,1,0,-1,1,1,1,1
UCI327-09453,-1,1,1,1,1,-1,1,1,-1,-1,-1,1,1,0,1,0,-1,1,0,1,1,-1,-1,1,1,-1,1,1,1,1,0
UCI327-08374,-1,-1,1,1,1,-1,0,1,-1,-1,1,1,-1,-1,-1,-1,1,1,0,1,1,-1,1,1,1,1,-1,-1,1,1,1
UCI327-06358,1,1,1,1,1,-1,1,1,-1,1,1,1,1,0,0,-1,1,1,0,1,1,1,1,1,1,1,1,1,0,1,0
UCI327-00429,1,-1,1,1,1,-1,0,1,1,1,1,1,-1,0,-1,-1,1,1,0,1,1,1,1,1,-1,1,-1,1,1,1,0
UCI327-00115,1,-1,1,1,1,-1,0,1,-1,-1,1,1,1,0,0,-1,-1,-1,0,-1,1,-1,1,-1,1,0,-1,1,-1,-1,0
UCI327-10137,1,-1,1,1,1,-1,0,-1,1,1,1,1,-1,0,-1,-1,1,1,0,1,1,1,1,1,1,1,-1,1,0,1,1
UCI327-07130,1,-1,1,1,1,-1,-1,1,-1,1,1,1,1,0,1,1,1,1,0,1,1,1,1,-1,1,1,-1,1,0,-1,0
UCI327-02150,1,-1,1,1,1,-1,-1,1,-1,1,1,1,1,1,0,-1,1,1,0,1,1,1,1,1,-1,1,-1,1,1,1,0
UCI327-05200,1,-1,1,-1,1,-1,1,1,-1,-1,-1,1,1,0,0,-1,1,1,1,1,1,-1,1,-1,1,0,1,1,0,1,0
UCI327-02213,1,1,1,1,1,-1,-1,1,-1,1,1,1,1,0,1,1,1,1,0,1,1,1,1,1,-1,0,-1,1,1,1,1
UCI327-06120,-1,-1,1,-1,1,1,1,1,-1,-1,-1,1,1,0,-1,-1,-1,1,0,-1,-1,-1,-1,-1,1,1,1,1,1,1,0
UCI327-05833,1,-1,1,1,1,-1,1,1,-1,1,1,1,1,0,-1,-1,1,1,1,1,1,1,1,-1,1,1,-1,1,0,1,1
UCI327-06739,-1,1,-1,1,-1,1,1,1,-1,1,1,-1,1,0,0,-1,1,-1,0,1,1,1,1,1,-1,1,1,-1,1,1,0
UCI327-07296,1,-1,1,-1,1,-1,-1,-1,-1,-1,-1,1,1,1,0,-1,-1,1,1,-1,-1,-1,-1,-1,1,0,1,1,0,1,1
UCI327-08892,1,-1,1,1,1,1,1,1,-1,1,1,1,1,0,1,-1,1,1,0,1,1,1,1,1,1,1,-1,1,0,-1,0
UCI327-01541,1,-1,1,1,1,-1,-1,1,1,1,1,1,-1,0,0,-1,1,1,0,1,1,1,1,-1,1,1,-1,1,0,1,0
UCI327-06444,1,-1,1,1,1,-1,0,-1,-1,1,1,1,-1,0,-1,-1,1,1,1,1,1,1,1,-1,1,1,-1,1,0,1,1
UCI327-00922,1,-1,1,1,1,-1,-1,1,-1,1,1,1,1,1,0,-1,1,1,0,1,1,1,1,1,1,1,-1,1,1,1,0
UCI327-05598,1,-1,1,1,1,-1,1,1,-1,1,1,1,1,0,1,1,1,1,0,1,1,1,1,-1,1,-1,1,1,-1,1,0
UCI327-00420,-1,-1,-1,1,-1,-1,-1,-1,-1,-1,1,-1,1,-1,1,-1,1,-1,1,-1,1,-1,1,-1,-1,0,-1,1,1,-1,1
UCI327-02672,1,-1,1,1,1,-1,0,1,-1,1,1,1,-1,-1,-1,-1,-1,1,0,1,1,1,1,1,1,-1,1,-1,0,1,1
UCI327-00002,1,0,1,1,1,-1,-1,-1,-1,1,1,-1,1,0,-1,-1,-1,-1,0,1,1,1,1,1,-1,1,-1,1,0,-1,1
UCI327-09961,-1,-1,1,1,1,-1,1,1,-1,1,1,1,1,0,1,-1,1,1,0,1,1,1,1,-1,1,0,-1,1,0,1,0
UCI327-00765,1,-1,1,1,1,-1,1,-1,-1,1,1,1,-1,-1,0,-1,1,1,0,1,1,1,1,1,1,-1,-1,1,0,1,1
UCI327-08811,-1,-1,1,-1,1,-1,0,-1,1,-1,-1,-1,-1,-1,-1,-1,-1,-1,0,-1,1,-1,1,1,1,0,-1,1,0,1,1
UCI327-09083,-1,-1,1,1,-1,-1,1,-1,1,1,1,-1,-1,0,-1,-1,1,1,1,1,1,1,1,1,1,0,-1,1,1,1,1
UCI327-08272,-1,-1,1,1,1,-1,-1,1,-1,1,1,1,1,-1,1,-1,-1,1,0,1,1,1,1,1,1,1,-1,1,0,1,1
UCI327-10133,-1,-1,1,-1,1,-1,0,1,-1,-1,-1,1,1,0,-1,-1,-1,1,0,-1,1,-1,1,-1,1,1,-1,1,0,1,0
UCI327-05496,1,-1,1,1,1,-1,-1,1,1,1,1,1,-1,0,0,0,1,1,0,1,1,1,1,-1,1,-1,-1,1,0,-1,0
UCI327-10449,1,-1,1,1,1,-1,-1,1,1,1,1,1,-1,0,-1,-1,1,1,0,1,1,1,1,1,1,0,-1,1,0,1,0
UCI327-10335,1,-1,1,1,1,-1,0,-1,1,1,1,1,1,-1,0,-1,1,1,0,1,1,1,1,1,1,1,-1,1,0,1,1
UCI327-01871,1,-1,1,1,1,-1,0,-1,1,1,1,1,1,-1,-1,-1,1,1,0,1,1,1,1,-1,-1,0,-1,1,0,1,1
UCI327-00365,-1,-1,-1,1,-1,-1,-1,1,-1,1,1,-1,1,0,-1,-1,1,-1,1,1,1,1,1,1,-1,1,-1,1,1,-1,0
UCI327-00374,1,-1,1,1,1,-1,-1,-1,-1,1,1,1,-1,-1,0,-1,1,1,0,1,1,1,1,-1,-1,1,-1,1,0,1,1
UCI327-06714,1,0,1,-1,1,-1,0,1,1,1,1,-1,-1,0,-1,0,-1,-1,0,1,1,1,1,-1,1,-1,-1,1,0,1,0
UCI327-10651,1,-1,1,1,1,-1,1,-1,-1,1,1,1,1,-1,0,-1,1,1,0,1,1,1,1,1,1,0,-1,1,0,1,1
UCI327-09688,-1,1,1,1,1,-1,-1,-1,-1,1,1,1,1,-1,-1,-1,1,1,0,1,1,1,1,1,1,-1,1,-1,1,1,1
UCI327-05148,1,-1,1,1,-1,-1,0,-1,-1,1,-1,1,1,-1,-1,-1,1,1,0,1,-1,1,1,-1,1,-1,1,1,0,-1,1
UCI327-07691,-1,-1,1,1,1,-1,-1,-1,-1,1,1,-1,1,0,-1,-1,1,1,1,1,1,1,1,-1,1,0,-1,1,0,1,1
UCI327-00471,1,-1,1,1,1,-1,-1,-1,-1,1,1,1,1,-1,-1,-1,1,1,0,1,1,1,1,-1,1,0,-1,1,0,1,1
UCI327-01155,1,-1,1,1,1,-1,1,1,-1,-1,-1,1,-1,0,0,-1,-1,1,0,-1,-1,-1,-1,1,-1,1,-1,1,1,-1,0
UCI327-01924,-1,-1,-1,1,-1,-1,-1,-1,-1,-1,-1,-1,-1,-1,1,-1,-1,-1,1,1,1,-1,1,-1,-1,0,-1,-1,1,-1,1
UCI327-06272,1,1,1,1,1,1,1,1,1,1,1,1,-1,1,1,-1,1,1,0,1,1,1,1,1,1,1,1,1,0,-1,0
UCI327-05413,1,-1,1,-1,1,-1,1,1,-1,1,1,1,1,0,-1,-1,1,1,0,1,1,1,1,-1,1,1,-1,1,0,1,0
UCI327-08521,1,1,1,1,1,-1,1,1,-1,1,1,1,1,0,-1,-1,1,1,0,1,1,1,1,-1,1,0,1,1,0,1,0
UCI327-06860,-1,-1,1,1,1,-1,1,1,-1,1,1,1,-1,0,-1,-1,1,1,0,1,1,1,1,-1,1,1,-1,1,1,1,0
UCI327-05389,1,-1,1,1,1,-1,-1,1,-1,1,1,1,1,0,0,1,1,1,0,1,1,1,1,1,1,1,-1,1,0,1,0
UCI327-05708,-1,-1,1,-1,1,-1,1,0,1,-1,1,-1,-1,-1,0,-1,-1,-1,0,-1,1,-1,1,-1,1,-1,-1,1,0,1,1
UCI327-10465,1,-1,1,1,1,1,0,1,-1,1,1,1,-1,0,-1,-1,-1,1,0,1,1,1,1,1,1,1,-1,1,0,1,0
UCI327-08713,1,-1,1,-1,1,-1,1,0,1,1,1,1,-1,-1,1,-1,1,1,0,1,1,1,1,1,1,0,-1,-1,0,1,1
UCI327-02497,1,1,1,-1,1,-1,1,1,1,1,1,1,-1,1,1,-1,1,1,0,1,1,1,1,1,1,1,-1,1,0,1,0
UCI327-02001,1,-1,1,1,1,-1,0,-1,-1,1,1,1,-1,-1,0,-1,1,1,0,1,1,1,1,-1,1,1,-1,-1,0,1,1
UCI327-05287,-1,-1,1,-1,1,-1,1,0,1,1,1,1,1,0,-1,-1,1,1,1,1,1,1,1,-1,1,0,1,1,1,-1,1
UCI327-01113,1,-1,1,1,1,-1,0,1,-1,-1,-1,1,1,1,0,-1,-1,1,0,-1,-1,-1,-1,-1,1,1,-1,1,1,-1,0
UCI327-09521,-1,-1,1,-1,1,-1,1,0,-1,-1,-1,1,-1,-1,-1,-1,-1,1,0,-1,-1,-1,-1,1,1,0,-1,1,1,1,1
UCI327-05675,-1,-1,1,1,1,-1,0,0,-1,1,1,1,1,-1,1,-1,1,1,1,1,1,1,1,-1,1,-1,-1,1,1,1,1
UCI327-09676,-1,-1,-1,-1,-1,-1,0,-1,-1,-1,1,-1,1,-1,-1,-1,1,-1,1,-1,1,-1,1,1,-1,-1,-1,-1,1,1,1
UCI327-09848,1,-1,1,1,1,-1,1,1,-1,1,1,1,1,0,0,1,1,1,0,1,1,1,1,1,1,0,-1,1,0,1,0
UCI327-00880,1,-1,1,1,1,1,1,1,-1,-1,-1,1,1,1,0,-1,-1,1,0,-1,1,-1,-1,1,-1,1,-1,1,0,-1,0
UCI327-01261,1,0,1,1,1,-1,-1,1,-1,1,1,1,1,0,1,-1,-1,-1,0,1,1,1,1,1,-1,1,-1,-1,0,-1,0
UCI327-05887,1,-1,1,1,1,-1,1,0,1,1,1,1,-1,-1,0,-1,1,1,1,1,1,1,1,-1,1,-1,-1,1,0,1,1
UCI327-08174,1,-1,-1,1,1,-1,0,-1,1,1,1,1,-1,-1,-1,-1,1,1,1,1,1,1,1,1,1,0,-1,1,1,-1,1
UCI327-06355,-1,-1,1,1,1,-1,0,-1,1,1,1,1,-1,-1,-1,-1,1,1,0,1,1,1,1,-1,1,0,1,1,1,-1,1
UCI327-02464,1,1,-1,1,-1,-1,0,1,1,1,1,-1,-1,-1,1,-1,1,-1,0,1,1,1,1,1,-1,-1,-1,1,0,1,1
UCI327-08293,1,1,1,1,1,1,1,1,-1,1,1,1,1,1,-1,1,1,1,0,1,1,1,1,-1,1,0,1,1,1,1,0
UCI327-09383,-1,-1,1,1,1,-1,1,1,-1,1,1,1,1,0,0,1,1,1,0,1,1,1,1,1,1,-1,-1,1,1,1,0
UCI327-01269,-1,-1,-1,1,-1,-1,1,1,-1,1,1,-1,1,0,-1,-1,1,1,1,1,1,1,1,1,1,1,-1,1,-1,1,0
UCI327-05522,1,1,1,1,1,-1,0,-1,-1,1,1,1,1,0,1,0,1,1,0,1,1,1,1,1,1,1,-1,1,0,-1,0
UCI327-02144,1,-1,1,1,1,-1,1,-1,1,1,1,1,-1,-1,-1,-1,1,1,0,1,1,1,1,1,1,-1,-1,1,0,1,1
UCI327-05595,1,-1,1,1,1,-1,1,1,1,1,1,1,1,1,0,0,1,1,0,1,1,1,1,-1,1,1,1,1,0,1,0
UCI327-05409,-1,-1,1,1,1,-1,0,-1,1,1,1,1,-1,-1,0,-1,1,1,0,1,1,1,-1,-1,1,-1,1,1,0,1,1
UCI327-01921,1,-1,1,1,1,-1,-1,-1,-1,1,1,1,-1,0,-1,-1,1,1,0,1,1,1,1,-1,1,1,-1,-1,0,1,1
UCI327-09751,-1,-1,1,1,1,-1,-1,-1,-1,1,1,1,1,-1,-1,-1,1,1,0,1,1,1,1,1,1,1,-1,1,0,-1,1
UCI327-05621,1,-1,-1,1,-1,-1,1,1,-1,1,1,-1,1,1,-1,1,1,-1,0,1,1,1,1,-1,-1,1,-1,-1,1,1,0
UCI327-05564,-1,-1,-1,1,-1,-1,1,1,-1,1,1,-1,1,0,-1,0,1,1,1,1,1,1,1,-1,-1,1,1,-1,-1,1,0
UCI327-06009,1,1,1,-1,1,-1,0,1,-1,-1,-1,1,1,0,0,1,-1,1,0,1,1,1,1,1,1,1,-1,1,0,1,0
UCI327-01491,1,-1,1,1,1,-1,-1,1,1,1,1,-1,-1,0,1,-1,-1,1,0,1,1,1,1,1,1,1,-1,1,0,1,0
UCI327-07304,1,-1,1,1,1,-1,-1,1,1,1,1,1,-1,1,0,0,1,1,0,1,1,1,1,-1,1,1,-1,1,0,1,0
UCI327-00857,1,-1,1,1,1,-1,-1,1,-1,-1,-1,1,1,0,0,-1,-1,1,0,-1,1,-1,-1,1,-1,1,-1,1,1,-1,0
UCI327-02200,-1,-1,-1,1,-1,-1,1,-1,1,-1,-1,-1,-1,-1,1,-1,-1,-1,1,-1,1,-1,-1,-1,-1,-1,-1,1,1,-1,1
UCI327-06142,-1,1,1,1,1,-1,1,1,-1,1,1,1,1,1,1,1,1,1,0,1,1,1,1,1,1,1,-1,1,0,1,0
UCI327-09022,-1,1,1,1,1,-1,0,1,1,1,1,1,1,0,0,-1,1,1,0,1,1,1,1,1,1,-1,1,1,1,1,0
UCI327-09421,1,1,1,-1,1,-1,-1,1,1,1,1,-1,-1,0,-1,1,-1,-1,0,1,1,1,1,1,1,-1,-1,1,-1,1,0
UCI327-00156,-1,-1,-1,1,-1,-1,-1,-1,-1,-1,1,-1,1,-1,1,-1,1,1,1,-1,1,-1,1,-1,-1,1,-1,1,-1,1,1
UCI327-02504,1,-1,-1,1,1,-1,-1,1,-1,1,1,1,1,0,-1,-1,1,1,0,1,1,1,1,-1,1,0,-1,1,0,-1,0
UCI327-08694,-1,1,-1,-1,-1,1,0,-1,-1,-1,-1,-1,1,1,1,-1,-1,-1,1,1,-1,-1,-1,-1,-1,1,1,1,1,1,0
UCI327-09142,1,1,1,1,1,-1,1,1,-1,1,1,1,1,1,0,1,1,1,0,1,1,1,1,-1,1,0,1,-1,0,1,0
UCI327-01105,1,-1,1,1,1,1,-1,1,-1,1,1,1,1,0,0,-1,1,1,0,1,1,1,1,-1,1,1,1,1,0,1,0
UCI327-07375,1,-1,1,1,1,-1,0,-1,-1,1,1,1,1,-1,-1,-1,1,1,0,1,1,1,1,-1,1,-1,-1,1,0,1,1
UCI327-06484,1,-1,1,-1,1,-1,0,-1,1,-1,-1,1,-1,0,0,0,-1,1,1,1,1,-1,1,-1,1,-1,1,1,0,1,1
UCI327-02027,1,-1,1,1,1,1,-1,1,1,-1,-1,1,-1,0,1,-1,-1,1,0,-1,1,-1,-1,1,-1,1,-1,1,1,-1,0
UCI327-02313,1,-1,1,1,1,-1,-1,-1,-1,-1,-1,1,1,1,-1,-1,-1,1,0,-1,-1,-1,-1,-1,-1,1,-1,1,1,-1,1
UCI327-07083,1,-1,1,1,1,-1,1,0,1,1,1,1,-1,-1,0,-1,1,1,0,1,1,1,1,-1,1,0,-1,1,0,1,1
UCI327-00721,1,-1,1,1,1,-1,0,1,-1,1,1,1,-1,0,-1,-1,1,1,0,1,1,1,1,1,-1,1,-1,1,1,1,0
UCI327-08718,-1,-1,1,-1,1,-1,1,0,-1,-1,-1,1,1,-1,-1,-1,-1,1,0,-1,1,-1,1,1,1,0,-1,1,1,1,1
UCI327-01343,1,-1,1,1,1,-1,0,1,-1,-1,1,1,1,0,0,-1,-1,-1,0,-1,1,-1,1,-1,-1,0,-1,1,-1,-1,0
UCI327-02788,1,-1,1,1,1,-1,0,-1,1,1,1,1,-1,0,-1,-1,1,1,0,1,1,1,1,-1,1,0,-1,-1,0,-1,1
UCI327-06049,-1,-1,1,1,1,-1,1,0,1,1,1,1,-1,1,-1,-1,1,1,1,1,1,1,1,-1,1,-1,1,1,1,1,1
UCI327-02761,1,-1,1,1,1,-1,-1,-1,1,1,1,1,-1,1,-1,-1,1,1,0,1,1,1,1,-1,-1,0,-1,1,0,1,1
UCI327-10203,-1,-1,1,-1,1,-1,0,0,1,-1,-1,1,-1,-1,0,-1,-1,1,0,-1,1,-1,-1,1,1,0,-1,1,0,1,1
UCI327-01722,1,-1,1,1,1,-1,0,-1,-1,1,1,1,-1,0,0,-1,1,1,0,1,1,1,1,1,-1,1,-1,1,1,1,0
UCI327-09594,1,-1,1,1,1,-1,1,1,-1,1,1,1,1,0,1,1,1,1,0,1,1,1,1,1,1,-1,-1,1,0,1,0
UCI327-08403,-1,-1,-1,-1,-1,-1,1,1,-1,1,1,-1,1,0,-1,-1,1,-1,1,1,1,1,1,1,-1,0,-1,1,1,1,0
UCI327-01188,1,-1,1,1,1,1,1,1,1,1,1,1,-1,1,-1,-1,1,1,0,1,1,1,1,1,-1,-1,-1,1,1,1,0
UCI327-06985,1,-1,1,-1,1,1,1,1,1,-1,-1,1,-1,0,1,-1,-1,1,0,-1,1,-1,-1,-1,1,1,-1,1,1,1,0
UCI327-08252,1,-1,1,-1,1,-1,1,1,-1,1,1,1,-1,0,0,0,1,1,0,1,1,1,1,1,1,0,-1,1,0,1,0
UCI327-06090,1,-1,-1,1,-1,1,1,1,-1,1,1,-1,1,1,-1,-1,1,-1,0,1,1,1,1,-1,-1,1,-1,-1,1,1,0
UCI327-03683,1,-1,1,-1,1,-1,-1,-1,1,1,1,1,-1,-1,-1,-1,1,1,0,1,1,1,1,1,1,-1,-1,1,0,1,1
UCI327-05273,1,1,1,-1,1,-1,1,1,-1,1,1,1,1,0,0,-1,-1,-1,0,-1,-1,-1,-1,-1,1,0,-1,1,0,1,0
UCI327-05994,-1,-1,1,1,1,-1,0,1,-1,1,1,1,-1,0,0,1,1,1,0,1,1,1,1,-1,1,1,-1,1,1,1,0
UCI327-07409,1,-1,1,1,1,-1,0,-1,-1,-1,-1,1,1,0,-1,0,-1,1,0,1,1,-1,1,-1,1,1,-1,1,0,1,0
UCI327-00755,1,-1,1,1,1,-1,0,1,1,1,1,1,-1,-1,-1,-1,1,1,0,1,1,1,1,-1,-1,0,-1,1,0,1,1
UCI327-06454,1,-1,1,1,1,-1,0,-1,-1,1,1,1,1,1,-1,-1,1,1,1,1,1,1,1,-1,1,-1,1,1,0,1,1
UCI327-00204,1,-1,1,1,1,-1,-1,0,1,1,1,1,1,0,-1,-1,1,1,0,1,1,1,1,-1,1,1,-1,1,0,1,1
UCI327-01571,1,-1,1,1,1,-1,1,1,1,1,1,1,-1,1,-1,-1,1,1,0,1,1,1,1,1,-1,0,1,1,0,1,0
UCI327-01242,1,1,-1,1,1,1,-1,1,-1,1,1,-1,1,0,1,1,1,1,0,1,1,1,1,1,1,1,-1,1,-1,1,0
UCI327-10543,-1,1,1,-1,1,1,1,1,-1,-1,-1,1,1,0,-1,-1,1,1,0,-1,-1,-1,-1,1,1,-1,1,1,1,1,0
UCI327-09900,-1,-1,1,1,1,-1,1,1,-1,1,1,-1,-1,1,1,-1,1,1,0,1,1,1,1,1,1,1,-1,1,0,1,0
UCI327-06581,-1,-1,1,1,1,-1,1,1,-1,1,1,1,1,1,0,-1,1,1,0,1,1,1,1,-1,1,-1,1,1,1,1,0
UCI327-10218,-1,1,1,1,1,1,-1,1,-1,1,1,1,1,0,1,-1,1,1,0,1,1,1,1,1,1,1,1,1,1,1,0
UCI327-01091,-1,-1,-1,1,-1,-1,0,-1,-1,-1,-1,-1,1,-1,1,-1,-1,-1,1,-1,-1,-1,-1,-1,-1,1,-1,1,1,-1,1
UCI327-09646,1,-1,-1,1,-1,-1,1,1,-1,1,1,-1,1,1,0,-1,1,-1,1,1,1,1,1,1,-1,-1,-1,1,1,1,0
UCI327-06431,-1,1,1,1,1,1,1,1,-1,1,1,1,1,-1,0,-1,1,1,0,1,1,1,1,1,1,1,-1,1,1,1,0
UCI327-09285,1,-1,-1,-1,-1,-1,-1,0,-1,1,1,-1,-1,-1,-1,0,1,-1,1,1,1,1,1,1,-1,1,-1,1,0,1,1
UCI327-03076,1,1,1,1,1,-1,0,0,-1,1,1,1,1,-1,-1,1,1,1,0,1,1,1,1,1,-1,0,-1,1,0,-1,1
UCI327-01475,-1,1,-1,1,-1,-1,-1,1,-1,1,1,-1,1,0,-1,1,1,1,1,1,1,1,1,-1,-1,0,-1,-1,1,1,1
UCI327-07053,-1,-1,1,1,1,-1,-1,1,-1,1,1,1,1,1,1,1,1,1,0,1,1,1,1,-1,1,1,-1,1,0,-1,0
UCI327-05302,-1,-1,1,1,1,-1,1,1,-1,1,1,1,1,1,-1,-1,1,1,0,1,1,1,1,-1,1,1,-1,1,1,1,0
UCI327-09330,-1,-1,1,1,1,-1,-1,0,-1,1,1,1,-1,-1,-1,0,-1,1,0,1,1,1,1,1,1,1,-1,1,0,1,1
UCI327-01345,1,-1,1,1,1,-1,0,0,1,1,1,1,-1,-1,-1,-1,1,1,0,1,1,1,1,1,-1,1,-1,1,1,1,1
UCI327-08982,1,-1,1,1,1,-1,1,-1,1,1,1,1,-1,0,0,-1,1,1,0,1,1,1,1,1,1,1,-1,-1,0,1,1
UCI327-07536,-1,1,1,1,1,-1,0,-1,-1,1,1,1,1,-1,0,-1,1,1,0,1,1,1,1,1,1,-1,-1,1,0,1,1
UCI327-03103,-1,-1,-1,1,-1,-1,0,-1,-1,-1,-1,-1,1,-1,1,-1,-1,-1,1,-1,-1,-1,-1,-1,-1,0,-1,1,1,-1,1
UCI327-07026,-1,-1,1,1,1,-1,0,0,1,1,1,1,-1,-1,0,-1,1,1,0,1,1,1,1,-1,1,-1,-1,1,0,-1,1
UCI327-07266,-1,1,1,1,1,-1,1,1,-1,-1,1,1,1,0,-1,0,1,1,0,1,1,-1,1,1,1,1,1,1,1,1,0
UCI327-10680,1,-1,1,1,1,-1,-1,-1,-1,1,1,1,1,-1,1,0,1,1,0,1,1,1,1,1,1,0,-1,1,1,1,1
UCI327-06078,1,-1,1,1,1,-1,1,1,-1,1,1,1,1,1,0,1,1,1,0,1,1,1,1,-1,1,1,1,1,0,1,0
UCI327-10624,-1,1,-1,-1,-1,-1,1,1,-1,1,1,-1,1,0,0,-1,1,-1,1,1,1,1,1,1,-1,1,1,1,1,1,0
UCI327-08256,1,-1,1,1,1,-1,1,1,-1,1,1,1,1,1,1,1,1,1,0,1,1,1,1,1,1,1,-1,1,0,1,0
UCI327-08438,-1,-1,1,1,1,-1,1,1,-1,-1,1,1,1,0,0,1,1,1,0,1,1,-1,1,1,1,-1,-1,1,1,1,0
UCI327-05438,-1,-1,1,1,1,-1,0,-1,1,1,1,1,-1,1,-1,-1,1,1,0,1,1,1,1,-1,1,-1,1,1,1,1,1
UCI327-08555,-1,-1,1,1,1,-1,0,-1,-1,1,1,-1,1,0,-1,-1,1,1,0,1,1,1,1,1,1,1,-1,-1,0,1,1
UCI327-03494,1,-1,1,1,1,-1,-1,-1,1,1,1,-1,-1,-1,-1,-1,1,1,0,1,1,1,1,1,-1,-1,-1,1,1,-1,1
UCI327-05761,-1,-1,1,1,1,-1,0,0,-1,1,1,-1,-1,-1,0,-1,1,1,0,1,1,1,1,-1,1,-1,-1,1,1,-1,1
UCI327-06540,-1,1,1,-1,-1,-1,0,-1,-1,-1,-1,1,1,-1,-1,0,-1,-1,0,-1,1,-1,1,1,1,1,1,-1,-1,1,1
UCI327-03042,1,-1,1,1,1,-1,1,1,-1,1,1,1,1,0,-1,-1,1,1,0,1,1,1,1,-1,-1,0,-1,-1,0,1,1
UCI327-00472,1,-1,1,1,1,-1,1,1,1,1,1,1,1,0,-1,-1,1,1,0,1,1,1,1,1,-1,0,-1,1,1,1,0
UCI327-05631,-1,-1,1,1,1,-1,0,-1,-1,1,1,1,1,-1,0,-1,1,1,0,1,1,1,1,-1,1,-1,1,1,0,-1,1
UCI327-05378,-1,-1,1,1,1,-1,0,-1,-1,1,1,1,-1,0,-1,1,1,1,0,1,1,1,1,-1,1,-1,1,1,1,-1,1
UCI327-03401,1,-1,1,-1,1,-1,0,-1,1,1,1,1,1,-1,0,-1,1,1,0,1,1,1,1,-1,-1,-1,-1,-1,1,1,1
UCI327-01689,1,-1,1,1,1,-1,-1,0,-1,1,1,1,-1,0,-1,-1,1,1,0,1,1,1,1,-1,1,1,-1,-1,0,1,1
UCI327-06643,1,1,1,1,1,-1,1,0,1,1,1,1,-1,-1,0,0,1,1,0,1,1,1,1,1,1,-1,-1,1,0,1,1
UCI327-00279,1,-1,1,1,1,-1,1,1,-1,1,1,1,1,1,1,-1,1,1,0,1,1,1,1,1,-1,1,1,-1,1,1,0
UCI327-09639,1,-1,1,1,1,-1,1,-1,-1,1,1,1,1,0,-1,-1,1,1,0,1,1,1,1,1,1,0,-1,1,0,1,1
UCI327-00031,1,-1,1,1,1,-1,-1,1,-1,-1,1,-1,1,0,-1,-1,-1,-1,0,-1,1,-1,-1,1,-1,1,1,1,0,-1,0
UCI327-06031,-1,-1,1,1,1,-1,1,1,-1,1,1,1,1,0,0,-1,-1,1,0,1,1,1,1,-1,1,1,-1,1,-1,1,0
UCI327-00122,1,1,1,1,1,1,0,-1,-1,1,1,1,1,0,0,1,1,1,0,1,1,1,1,1,1,1,-1,1,-1,1,0
UCI327-00475,-1,1,-1,1,-1,-1,-1,-1,-1,1,1,-1,1,-1,0,1,1,-1,1,1,1,1,1,-1,-1,1,-1,1,1,1,1
UCI327-06475,1,-1,1,1,1,-1,1,1,-1,1,1,1,-1,1,1,1,1,1,0,1,1,1,1,-1,1,1,-1,1,0,1,0
UCI327-06327,-1,1,-1,-1,-1,1,1,1,-1,1,1,-1,-1,0,1,-1,1,-1,0,1,1,1,1,1,-1,1,1,-1,1,1,0
UCI327-06771,-1,-1,1,-1,1,-1,1,1,-1,1,1,-1,-1,1,0,-1,-1,-1,0,1,1,1,1,-1,1,-1,1,1,0,1,0
UCI327-07831,1,-1,-1,1,-1,-1,-1,-1,1,1,1,-1,-1,-1,1,-1,1,-1,1,1,1,1,1,-1,-1,-1,1,-1,0,1,1
UCI327-07095,-1,-1,1,1,1,-1,0,1,-1,1,1,1,1,0,0,-1,1,1,0,1,1,1,1,-1,1,1,1,1,1,1,0
UCI327-07786,1,-1,-1,1,-1,-1,0,0,1,1,1,-1,-1,-1,1,-1,1,-1,0,1,1,1,1,-1,-1,-1,-1,-1,0,1,1
UCI327-06165,-1,-1,1,-1,1,-1,0,-1,1,-1,-1,1,-1,-1,0,-1,-1,1,0,1,1,-1,1,-1,1,-1,1,1,0,1,1
UCI327-10522,1,-1,1,1,1,-1,0,-1,1,1,1,1,-1,-1,-1,1,1,-1,0,1,1,1,1,1,1,0,-1,1,0,-1,1
UCI327-05417,1,-1,1,-1,1,1,-1,1,-1,-1,-1,1,-1,1,0,-1,-1,1,0,1,1,-1,-1,-1,1,0,-1,1,0,1,0
UCI327-05487,1,-1,1,1,1,-1,1,-1,1,1,1,1,-1,-1,-1,-1,1,1,0,1,1,1,1,-1,1,-1,-1,1,0,-1,1
UCI327-07248,1,-1,1,1,1,-1,1,-1,-1,1,1,1,-1,-1,0,0,1,1,0,1,1,1,1,-1,1,-1,1,1,0,1,1
UCI327-09803,-1,-1,-1,1,-1,1,1,1,-1,1,1,-1,1,0,0,-1,1,-1,1,1,1,1,1,1,-1,0,-1,1,1,1,0
UCI327-08878,-1,-1,1,1,1,1,1,1,-1,1,1,1,1,0,0,-1,1,1,0,1,1,1,1,-1,1,-1,-1,1,-1,1,0
UCI327-05896,1,-1,1,-1,1,-1,0,-1,-1,-1,-1,1,1,-1,0,-1,-1,1,0,-1,-1,-1,-1,-1,1,1,-1,1,0,1,1
UCI327-00590,-1,-1,-1,1,-1,-1,1,1,-1,1,1,-1,-1,0,-1,-1,1,-1,1,1,1,1,1,1,1,1,-1,1,1,1,0
UCI327-10468,-1,-1,1,-1,1,-1,0,-1,-1,-1,-1,1,-1,-1,0,0,-1,1,0,1,1,-1,1,1,1,1,-1,1,1,1,1
UCI327-06955,-1,-1,1,1,1,-1,0,0,1,1,1,1,-1,-1,0,-1,1,1,0,1,1,1,1,-1,1,-1,-1,1,0,1,1
UCI327-01093,1,-1,1,-1,1,-1,0,0,-1,1,1,1,1,-1,0,-1,1,1,0,1,1,1,1,1,-1,-1,-1,-1,0,1,1
UCI327-00961,1,-1,1,1,1,-1,-1,-1,-1,1,1,1,1,0,0,-1,1,1,0,1,1,1,1,1,1,0,-1,-1,0,1,1
UCI327-05512,-1,1,-1,1,1,1,1,1,-1,1,1,-1,1,0,1,-1,1,1,0,1,1,1,1,1,1,1,-1,1,-1,1,0
UCI327-03132,1,1,1,1,1,-1,-1,-1,-1,1,1,-1,1,-1,-1,1,1,1,0,1,1,1,1,1,-1,-1,-1,1,-1,1,1
UCI327-09699,-1,-1,-1,1,-1,-1,1,-1,-1,-1,1,-1,1,-1,1,-1,1,1,1,-1,1,-1,1,1,-1,-1,-1,1,-1,1,1
UCI327-07642,1,1,1,1,1,1,0,-1,-1,1,1,1,1,0,0,-1,1,1,0,1,1,1,1,1,1,1,-1,1,-1,1,0
UCI327-10886,-1,-1,1,1,1,-1,1,-1,-1,-1,1,1,-1,-1,-1,-1,1,1,0,1,1,-1,1,-1,1,0,-1,1,1,-1,1
UCI327-05509,1,-1,1,1,1,-1,1,1,-1,1,1,1,1,0,0,1,1,1,1,1,1,1,1,-1,1,1,-1,1,0,1,0
UCI327-00697,1,-1,1,-1,1,1,-1,1,-1,1,1,1,1,1,1,-1,1,1,0,1,1,1,1,1,1,1,-1,1,0,1,0
UCI327-10865,1,-1,1,1,1,-1,-1,-1,1,1,1,1,-1,-1,-1,-1,1,1,0,1,1,1,1,1,1,0,-1,1,0,-1,1
UCI327-03185,1,-1,1,1,1,-1,-1,-1,-1,1,1,1,-1,-1,-1,-1,1,1,0,1,1,1,1,-1,-1,-1,-1,-1,0,-1,1
UCI327-02885,1,1,1,1,1,-1,-1,-1,-1,1,1,1,1,-1,0,1,1,1,0,1,1,1,1,-1,-1,-1,-1,1,0,-1,1
UCI327-09449,1,1,1,1,1,-1,0,1,-1,1,1,1,1,0,-1,-1,-1,1,0,1,1,1,1,1,1,1,1,-1,0,1,0
UCI327-08776,-1,-1,1,1,1,-1,1,1,1,1,1,1,-1,0,0,0,1,1,0,1,1,1,1,1,1,1,-1,1,0,1,0
UCI327-06140,1,-1,1,1,-1,-1,0,-1,-1,1,1,1,1,0,0,-1,-1,1,1,1,1,1,1,-1,1,0,1,-1,0,1,1
UCI327-00040,1,-1,1,1,1,1,1,1,-1,1,1,-1,1,1,0,-1,1,1,0,1,1,1,1,1,-1,1,-1,1,0,1,0
UCI327-02585,1,-1,1,1,1,-1,-1,1,-1,-1,-1,-1,-1,0,0,-1,-1,1,0,1,1,-1,1,1,-1,1,-1,1,1,-1,0
UCI327-00290,1,-1,1,-1,1,-1,-1,1,-1,1,1,1,1,1,1,-1,1,1,0,1,1,1,1,1,1,1,-1,-1,0,1,0
UCI327-05173,-1,0,-1,-1,1,-1,1,1,-1,1,1,1,1,0,1,0,-1,-1,1,1,1,1,1,-1,1,1,-1,1,0,1,0
UCI327-06698,-1,-1,1,-1,1,-1,0,-1,-1,-1,-1,1,-1,-1,0,-1,-1,1,0,1,1,-1,1,-1,1,-1,1,1,0,1,1
UCI327-07099,1,-1,1,1,1,-1,0,-1,-1,1,1,1,1,-1,0,-1,1,1,1,1,1,1,1,-1,1,-1,-1,1,1,1,1
UCI327-09317,1,-1,1,1,1,-1,1,1,-1,-1,-1,1,1,1,-1,1,-1,1,0,-1,1,-1,1,1,1,1,-1,1,0,1,0
UCI327-09242,1,-1,1,1,1,-1,-1,-1,-1,1,1,1,-1,-1,-1,-1,1,1,0,1,1,1,1,-1,1,1,-1,1,0,-1,1
UCI327-05807,-1,-1,1,1,1,-1,0,1,1,1,1,1,-1,-1,-1,-1,1,1,0,1,1,1,1,-1,1,1,1,1,0,1,1
UCI327-07218,1,-1,1,1,1,-1,1,-1,1,1,1,1,-1,-1,-1,-1,1,1,1,1,1,1,1,-1,1,-1,-1,1,0,1,1
UCI327-08793,-1,-1,1,1,1,-1,-1,0,-1,1,1,1,-1,-1,-1,-1,1,1,0,1,1,1,1,1,1,0,-1,1,1,1,1
UCI327-10016,-1,-1,1,1,1,-1,1,1,-1,1,1,1,1,0,-1,-1,1,1,0,1,1,1,1,-1,1,0,-1,1,-1,1,0
UCI327-05731,1,1,1,1,1,-1,-1,1,-1,1,1,1,1,0,1,1,1,1,0,1,1,1,1,1,1,1,-1,1,0,-1,0
UCI327-08590,1,-1,-1,1,-1,1,1,1,-1,1,1,-1,1,1,0,1,1,-1,1,1,1,1,1,1,-1,1,-1,1,1,1,0
UCI327-05734,-1,0,1,1,1,-1,0,-1,1,1,1,-1,-1,0,-1,-1,1,1,0,1,1,1,1,-1,1,1,1,1,-1,1,1
UCI327-02969,-1,-1,-1,1,-1,-1,0,-1,1,-1,1,-1,-1,-1,1,-1,1,-1,0,-1,1,-1,-1,-1,-1,-1,-1,-1,1,-1,1
UCI327-08477,1,-1,1,1,1,-1,1,1,1,1,1,1,1,-1,-1,-1,1,1,0,1,1,1,1,1,1,1,-1,1,0,1,1
UCI327-08225,-1,-1,-1,-1,-1,-1,1,-1,-1,1,1,-1,1,0,0,0,1,-1,0,1,1,1,1,1,-1,0,-1,-1,1,1,0
UCI327-07401,1,1,1,1,1,-1,1,1,-1,1,1,1,1,0,1,-1,1,1,0,1,1,1,1,1,1,1,-1,1,1,1,0
UCI327-08993,-1,-1,1,-1,1,-1,0,-1,1,-1,-1,1,-1,-1,-1,-1,-1,1,0,-1,-1,-1,-1,1,1,1,-1,1,0,1,1
UCI327-01127,-1,1,-1,1,-1,-1,0,1,-1,1,1,-1,1,0,-1,1,1,-1,1,1,1,1,1,-1,1,1,1,-1,1,1,0
UCI327-08995,1,-1,1,1,1,-1,1,-1,-1,1,1,1,-1,0,-1,-1,1,1,0,1,1,1,1,1,1,-1,-1,1,0,1,0
UCI327-05952,1,-1,1,1,1,-1,1,1,1,1,1,1,-1,0,0,1,1,1,0,1,1,1,1,-1,1,1,-1,1,0,1,0
UCI327-07362,1,-1,1,1,1,-1,0,-1,-1,1,1,1,1,-1,0,-1,1,1,0,1,1,1,1,-1,1,0,1,1,0,1,1
UCI327-01299,-1,-1,-1,1,-1,-1,1,1,-1,1,1,-1,1,0,-1,-1,-1,-1,0,1,1,1,1,1,-1,1,1,1,-1,-1,0
UCI327-05503,-1,-1,1,-1,1,-1,0,-1,-1,1,1,1,1,-1,-1,-1,1,1,0,1,1,1,1,-1,1,-1,1,1,0,1,1
UCI327-00966,1,1,1,1,1,1,1,1,-1,-1,-1,1,1,1,1,1,-1,1,0,-1,1,-1,-1,1,-1,1,1,1,1,-1,0
UCI327-08283,-1,-1,-1,-1,-1,-1,1,-1,-1,-1,-1,-1,-1,-1,1,-1,-1,-1,0,1,1,-1,-1,1,-1,1,-1,1,1,-1,1
UCI327-08178,1,-1,-1,-1,1,-1,-1,1,-1,1,1,1,1,0,0,0,1,1,0,1,1,1,1,1,1,-1,-1,1,0,1,0
UCI327-00473,1,-1,1,1,1,-1,1,1,-1,1,1,1,1,0,1,-1,1,1,0,1,1,1,1,1,-1,1,1,1,1,1,0
UCI327-07271,1,-1,1,1,1,-1,-1,-1,1,1,1,1,-1,0,-1,-1,1,1,0,1,1,1,1,-1,1,0,1,1,0,1,1
UCI327-06652,1,-1,1,1,1,-1,-1,1,-1,1,1,1,-1,0,0,0,1,1,0,1,1,1,1,-1,1,1,-1,1,0,1,0
UCI327-10097,-1,-1,1,1,1,-1,-1,0,1,1,1,1,-1,-1,0,0,1,1,0,1,1,1,1,1,1,1,-1,1,1,-1,1
UCI327-05305,-1,-1,1,1,1,-1,-1,1,1,1,1,1,-1,0,-1,1,1,1,0,1,1,1,1,-1,1,1,-1,1,1,1,0
UCI327-02363,1,-1,1,1,1,1,1,1,-1,-1,-1,1,1,0,-1,-1,-1,1,0,-1,-1,-1,-1,1,-1,1,-1,1,1,-1,0
UCI327-05760,-1,-1,1,1,1,-1,1,1,1,1,1,1,1,0,-1,1,1,1,0,1,1,1,1,-1,1,1,1,1,1,1,0
UCI327-06513,-1,1,1,1,1,-1,1,1,1,-1,1,1,-1,0,0,-1,1,1,1,-1,1,-1,1,1,1,1,1,1,0,1,0
UCI327-03588,1,-1,1,-1,1,-1,0,0,1,-1,-1,1,-1,-1,1,-1,-1,1,0,1,1,-1,1,1,-1,-1,-1,1,0,-1,1
UCI327-05682,1,-1,1,1,1,-1,1,1,-1,1,1,1,1,1,1,1,1,1,1,1,1,1,1,-1,1,1,-1,1,0,-1,0
UCI327-00362,1,-1,1,1,1,-1,-1,1,1,-1,1,1,-1,1,0,-1,1,1,0,1,1,-1,1,1,1,0,-1,1,0,1,0
UCI327-09490,1,-1,1,1,1,-1,1,-1,-1,1,1,1,1,-1,0,0,-1,1,0,1,1,1,1,1,1,1,-1,1,-1,1,1
UCI327-01145,1,-1,1,-1,1,-1,0,-1,-1,1,1,1,1,-1,0,-1,1,1,0,1,1,1,1,-1,1,-1,-1,1,0,1,1
UCI327-01817,1,1,1,1,1,1,1,1,-1,1,1,1,1,0,-1,1,1,1,0,1,1,1,1,1,1,0,-1,1,0,1,0
UCI327-07570,-1,-1,1,-1,1,-1,1,-1,1,-1,-1,1,-1,0,-1,-1,-1,1,0,-1,1,-1,-1,-1,1,1,1,1,1,1,1
UCI327-00760,1,-1,1,1,1,-1,-1,-1,-1,-1,-1,1,1,-1,0,-1,-1,1,0,-1,1,-1,-1,-1,-1,0,-1,1,1,-1,1
UCI327-06381,-1,1,1,1,1,-1,1,0,-1,1,1,1,1,-1,0,-1,1,1,0,1,1,1,1,1,1,-1,-1,1,1,1,1
UCI327-01062,1,-1,1,-1,1,-1,-1,-1,1,1,1,1,-1,-1,0,-1,1,1,0,1,1,1,1,-1,-1,-1,-1,-1,1,1,1
UCI327-06953,-1,1,1,1,1,-1,0,1,-1,1,1,1,1,0,1,-1,1,1,0,1,1,-1,1,1,1,0,1,1,1,1,1
UCI327-06736,1,1,1,-1,1,-1,1,1,-1,-1,-1,1,1,1,-1,-1,-1,1,0,1,1,-1,1,1,1,1,1,1,1,1,0
UCI327-06174,1,-1,1,1,-1,-1,0,0,1,1,1,1,-1,0,-1,-1,1,1,1,1,1,1,1,-1,1,-1,1,-1,1,1,1
UCI327-09020,-1,-1,-1,-1,-1,-1,1,1,-1,1,1,-1,1,0,-1,0,1,-1,1,1,1,1,1,1,-1,-1,-1,1,1,1,0
UCI327-10345,-1,-1,1,1,1,-1,0,1,1,1,1,1,-1,1,-1,1,1,1,0,1,1,1,1,1,1,1,-1,1,0,1,0
UCI327-10664,-1,-1,1,1,1,-1,0,0,-1,1,1,1,-1,-1,0,0,1,1,0,1,1,1,1,1,1,0,-1,1,1,1,1
UCI327-10501,1,1,1,1,1,-1,-1,-1,-1,1,1,1,-1,-1,0,-1,1,1,0,1,1,1,1,1,1,1,1,1,0,1,1
UCI327-05700,1,-1,1,1,1,-1,1,0,1,1,1,1,-1,-1,0,-1,1,1,0,1,1,1,1,-1,1,-1,-1,1,0,-1,1
UCI327-03300,1,-1,1,1,1,-1,-1,-1,1,1,1,1,1,-1,-1,-1,1,1,0,1,1,1,1,-1,-1,-1,-1,1,1,1,1
UCI327-05559,1,0,1,-1,1,-1,1,1,-1,1,1,1,1,0,1,0,-1,-1,0,1,1,1,1,-1,1,1,-1,1,0,1,0
UCI327-07138,-1,-1,1,1,1,-1,1,1,-1,1,1,1,1,1,0,0,1,1,0,1,1,1,1,-1,1,1,1,1,0,1,0
UCI327-00503,1,-1,1,1,1,-1,0,0,-1,-1,-1,1,1,-1,-1,-1,-1,1,0,-1,1,-1,1,1,-1,1,-1,1,1,-1,1
UCI327-09145,-1,-1,1,1,1,-1,-1,-1,-1,1,1,1,1,-1,-1,-1,1,1,0,1,1,1,1,1,1,0,-1,1,0,1,1
UCI327-06221,1,1,1,1,1,-1,-1,-1,1,1,1,1,-1,0,-1,-1,1,1,0,1,1,1,1,1,1,0,-1,1,0,1,1
UCI327-06153,1,-1,1,-1,1,-1,1,1,-1,-1,-1,1,1,0,-1,0,-1,1,0,1,-1,-1,-1,-1,1,1,1,1,0,1,0
UCI327-01348,1,-1,1,1,1,-1,-1,-1,1,1,1,-1,-1,0,-1,-1,1,1,0,1,1,1,1,-1,1,0,-1,-1,1,1,0
UCI327-00815,1,-1,1,1,1,-1,1,1,-1,1,1,1,-1,1,-1,-1,1,1,0,1,1,1,1,1,1,1,-1,-1,0,1,0
UCI327-01005,1,-1,1,1,1,-1,-1,1,-1,1,1,1,1,0,0,-1,1,1,0,1,1,1,1,1,-1,0,-1,1,0,1,1
UCI327-08219,1,-1,1,1,1,-1,1,1,-1,1,1,1,-1,0,0,0,1,1,0,1,1,1,1,1,1,-1,-1,-1,0,1,0
UCI327-00872,1,-1,1,1,1,-1,1,1,1,1,1,1,-1,0,0,-1,1,1,0,1,1,1,1,1,1,1,1,-1,0,1,0
UCI327-09075,-1,-1,1,1,1,-1,0,-1,-1,1,1,1,1,0,-1,-1,1,1,0,1,1,1,1,1,1,0,-1,1,0,1,1
UCI327-01801,1,-1,1,1,1,-1,-1,-1,1,-1,-1,1,-1,0,0,-1,-1,1,0,1,1,-1,1,-1,-1,-1,-1,-1,0,-1,1
UCI327-05419,-1,-1,1,-1,1,-1,0,-1,-1,1,1,1,1,0,-1,1,-1,-1,1,1,1,1,1,-1,1,-1,1,1,0,1,1
UCI327-07133,1,-1,1,1,1,-1,0,-1,1,1,1,1,-1,-1,-1,0,1,1,0,1,1,1,1,-1,1,-1,1,1,0,1,1
UCI327-07533,-1,-1,1,1,1,-1,0,-1,-1,1,1,1,1,0,-1,-1,-1,1,1,1,1,1,1,-1,1,1,-1,1,-1,1,1
UCI327-01227,1,-1,1,1,1,-1,1,1,-1,1,1,1,-1,0,-1,-1,1,1,0,1,1,1,1,1,1,1,1,1,0,1,0
UCI327-10204,-1,1,-1,1,1,-1,0,1,-1,1,1,1,1,0,1,-1,1,1,0,1,1,1,1,1,1,1,-1,1,0,1,1
UCI327-06073,-1,1,1,-1,1,-1,-1,1,-1,-1,-1,1,1,0,0,0,-1,1,0,-1,1,-1,-1,1,1,1,-1,1,1,1,0
UCI327-08745,-1,-1,1,1,1,-1,-1,1,1,1,1,1,-1,1,0,1,1,1,0,1,1,1,1,1,1,0,-1,1,1,1,0
UCI327-07952,-1,1,1,1,1,-1,0,1,-1,1,1,1,1,0,0,-1,1,1,0,1,1,1,1,1,1,1,-1,1,0,1,0
UCI327-05126,-1,-1,1,-1,-1,-1,0,-1,1,1,-1,1,-1,1,-1,-1,-1,1,1,1,1,1,1,-1,1,-1,1,1,1,1,1
UCI327-05792,-1,-1,1,-1,1,-1,0,-1,1,-1,-1,-1,-1,-1,-1,-1,-1,-1,0,-1,1,-1,1,-1,1,0,-1,1,0,-1,1
UCI327-05599,-1,-1,1,1,1,-1,1,-1,1,1,1,1,-1,-1,-1,-1,1,1,1,1,1,1,1,-1,1,-1,1,1,1,-1,1
UCI327-02178,1,1,1,1,1,-1,0,-1,-1,-1,-1,1,1,1,-1,1,-1,1,0,-1,1,-1,-1,-1,-1,1,-1,1,1,-1,0
UCI327-06930,-1,-1,1,-1,1,1,1,1,-1,-1,-1,1,1,1,0,-1,-1,1,0,-1,-1,-1,-1,-1,1,1,-1,1,1,1,0
UCI327-08994,1,-1,1,1,1,-1,-1,-1,1,1,1,1,1,-1,-1,-1,1,1,0,1,1,1,1,1,1,1,-1,1,0,1,1
UCI327-01040,-1,-1,-1,1,-1,1,1,1,-1,1,1,-1,1,1,1,-1,1,-1,1,1,1,1,1,1,1,1,-1,1,1,1,0
UCI327-00159,1,-1,1,1,1,-1,0,1,-1,1,1,1,1,0,-1,-1,1,1,0,1,1,1,1,-1,-1,1,-1,1,-1,1,0
UCI327-10541,1,1,1,1,1,1,1,1,-1,1,1,1,1,1,1,-1,1,1,0,1,1,1,1,-1,1,1,-1,1,0,1,0
UCI327-00095,1,-1,1,1,1,-1,-1,-1,1,1,1,1,-1,-1,0,-1,1,1,0,1,1,1,1,-1,1,-1,-1,1,1,1,1
UCI327-05996,-1,-1,1,1,1,-1,0,1,-1,1,1,1,-1,0,0,-1,1,1,0,1,1,1,1,-1,1,-1,1,1,1,1,0
UCI327-09096,1,-1,1,1,1,-1,1,1,-1,1,1,1,1,0,0,-1,-1,1,0,1,1,1,1,1,1,-1,-1,1,-1,1,0
UCI327-02182,1,-1,1,1,1,1,-1,1,1,1,1,1,-1,0,1,-1,1,1,0,1,1,1,1,-1,-1,-1,-1,1,1,1,0
UCI327-10305,-1,1,1,-1,1,-1,0,1,-1,-1,-1,1,1,0,1,-1,-1,1,0,-1,-1,-1,-1,1,1,1,1,1,1,1,0
UCI327-06959,1,-1,1,1,1,-1,1,1,1,1,1,1,-1,1,1,-1,1,1,0,1,1,1,1,-1,1,1,1,1,0,1,0
UCI327-06617,1,-1,1,1,1,-1,1,1,1,1,1,1,-1,0,0,1,1,1,0,1,1,1,1,-1,1,1,1,1,0,1,0
UCI327-06270,1,1,1,1,1,-1,1,1,1,-1,1,1,-1,0,0,-1,1,1,0,-1,1,-1,1,1,1,1,1,1,0,1,0
UCI327-06022,-1,-1,-1,1,-1,-1,0,1,-1,1,1,-1,1,1,-1,-1,1,-1,0,1,1,1,1,-1,-1,1,1,-1,1,1,0
UCI327-01319,-1,-1,-1,1,-1,1,1,1,1,1,1,-1,-1,1,0,-1,-1,-1,0,1,1,1,1,1,-1,1,1,1,1,-1,0
UCI327-01544,1,-1,1,1,1,-1,1,-1,-1,1,1,1,1,-1,0,-1,1,1,0,1,1,1,1,1,-1,-1,-1,1,0,1,1
UCI327-06551,1,-1,1,-1,1,1,1,1,-1,-1,-1,1,-1,1,0,-1,-1,1,0,1,1,1,1,-1,1,1,-1,1,0,1,0
UCI327-10336,1,-1,1,1,1,-1,1,1,1,1,1,1,-1,0,1,-1,1,1,0,1,1,1,1,-1,1,0,-1,1,0,1,0
UCI327-01266,1,1,1,1,1,1,-1,1,-1,1,1,1,1,1,-1,1,-1,-1,0,1,1,1,1,1,-1,1,-1,1,1,-1,0
UCI327-06742,-1,-1,1,1,1,-1,0,1,1,1,1,1,-1,-1,-1,-1,1,1,0,1,1,1,1,-1,1,0,1,1,0,1,1
UCI327-05765,-1,-1,-1,1,1,1,1,1,-1,1,1,-1,1,0,-1,-1,1,1,0,1,1,1,1,-1,-1,1,1,1,-1,1,0
UCI327-10976,-1,-1,1,1,1,-1,-1,0,1,1,1,1,-1,-1,1,-1,1,1,0,1,1,1,1,1,1,1,-1,1,1,1,1
UCI327-06679,1,-1,1,1,1,-1,1,1,-1,1,1,1,1,0,-1,-1,1,1,1,1,1,1,1,-1,1,0,1,1,0,1,1
UCI327-02569,1,-1,1,-1,1,-1,-1,-1,1,1,1,1,-1,1,0,-1,1,1,0,1,1,1,1,1,-1,-1,-1,-1,1,1,1
UCI327-05178,1,-1,1,1,1,-1,1,1,-1,1,1,1,-1,0,0,0,1,1,1,1,1,1,1,-1,1,1,-1,1,0,1,0
UCI327-01147,1,1,1,1,1,-1,0,0,-1,1,1,1,1,-1,0,1,1,1,0,1,1,1,1,1,-1,0,-1,1,1,1,1
UCI327-00215,1,-1,1,-1,1,-1,0,0,-1,1,1,1,-1,-1,1,-1,1,1,0,1,1,1,1,1,1,1,-1,1,0,1,1
UCI327-06986,1,0,-1,-1,-1,-1,0,1,-1,1,1,-1,1,0,0,0,-1,-1,0,1,1,1,1,-1,-1,1,1,1,-1,1,0
UCI327-07103,-1,-1,-1,1,-1,-1,1,1,1,1,1,-1,-1,0,1,-1,1,-1,0,1,1,1,1,-1,-1,-1,1,-1,0,1,0
UCI327-08328,-1,-1,1,-1,1,-1,0,0,1,1,1,1,1,0,-1,-1,1,1,0,1,1,1,1,1,1,1,-1,-1,1,-1,1
UCI327-00213,1,-1,1,1,1,-1,0,1,1,1,1,1,-1,1,0,-1,1,1,0,1,1,1,1,1,-1,-1,1,1,1,1,0
UCI327-06751,-1,-1,-1,1,-1,-1,0,0,1,1,1,-1,-1,-1,-1,-1,1,-1,0,1,1,1,1,-1,-1,-1,-1,-1,0,1,1
UCI327-07297,1,-1,1,1,1,-1,0,-1,-1,1,1,1,-1,0,0,-1,1,1,1,1,1,1,1,-1,1,1,1,1,0,1,1
UCI327-01982,1,-1,1,1,1,-1,-1,1,-1,-1,-1,1,1,1,-1,-1,-1,1,0,-1,1,-1,-1,-1,1,1,1,1,0,-1,0
UCI327-06842,1,-1,1,1,1,-1,1,1,-1,1,1,1,1,1,0,0,1,1,0,1,1,1,1,-1,1,1,1,1,0,1,0
UCI327-01285,1,-1,1,1,1,-1,1,1,-1,-1,-1,1,1,0,1,-1,-1,-1,0,-1,1,-1,1,1,-1,1,1,1,0,-1,0
UCI327-06684,-1,-1,1,1,1,-1,0,-1,1,1,1,1,-1,0,-1,-1,1,1,0,1,1,1,1,-1,1,0,-1,1,1,1,1
UCI327-00280,1,-1,1,1,1,-1,1,1,1,-1,1,1,-1,0,0,-1,1,1,0,1,1,-1,1,1,-1,0,1,1,1,1,0
UCI327-06906,-1,1,-1,1,-1,-1,1,1,-1,1,1,-1,1,0,0,-1,1,-1,0,1,1,1,1,1,-1,0,1,-1,1,1,1
UCI327-10208,1,-1,1,1,1,-1,-1,1,1,1,1,1,-1,0,-1,1,1,1,0,1,1,1,1,1,1,1,-1,1,0,1,0
UCI327-08467,1,-1,1,1,1,-1,0,1,-1,1,1,1,-1,0,-1,-1,1,1,0,1,1,1,1,1,1,0,-1,1,0,1,0
UCI327-00701,1,-1,1,1,1,-1,1,1,-1,1,1,1,1,1,-1,-1,1,1,0,1,1,1,1,1,1,1,1,-1,1,1,0
UCI327-08507,1,1,1,-1,1,-1,-1,0,-1,1,1,1,1,1,-1,0,1,1,0,1,1,1,1,1,1,-1,1,1,0,1,1
UCI327-08028,1,-1,1,1,-1,-1,1,0,-1,1,1,-1,-1,-1,1,-1,1,1,0,1,1,1,1,-1,1,-1,-1,1,0,1,1
UCI327-02517,1,-1,1,1,1,-1,1,-1,-1,1,1,1,-1,-1,-1,-1,1,-1,0,1,1,1,1,-1,-1,0,-1,-1,1,1,1
UCI327-07245,-1,-1,-1,-1,-1,-1,0,1,-1,1,1,-1,1,1,0,-1,-1,-1,0,1,1,1,1,-1,-1,1,-1,-1,-1,1,0
UCI327-08609,-1,-1,1,1,1,-1,-1,0,1,1,1,1,-1,-1,0,-1,1,1,0,1,1,1,1,1,1,1,-1,1,1,1,1
UCI327-08026,-1,-1,-1,-1,-1,-1,-1,-1,-1,1,1,-1,1,-1,1,0,1,-1,0,1,1,-1,1,-1,-1,-1,-1,-1,1,1,1
UCI327-00769,1,-1,1,1,1,-1,-1,-1,1,1,1,1,1,0,-1,-1,1,1,0,1,1,1,1,-1,-1,1,-1,1,0,1,1
UCI327-00072,1,-1,1,1,1,-1,-1,-1,-1,1,1,1,1,0,-1,-1,-1,-1,0,1,1,1,1,-1,1,-1,-1,1,0,-1,1
UCI327-00400,1,-1,1,1,1,-1,0,1,-1,1,1,1,1,0,0,-1,1,1,0,1,1,1,1,-1,-1,1,-1,1,0,1,0
UCI327-06572,-1,-1,1,1,1,-1,1,1,-1,1,1,1,1,0,0,-1,1,1,0,1,1,1,1,-1,1,1,1,1,0,1,0
UCI327-01857,1,-1,1,1,1,-1,-1,-1,1,1,1,1,-1,-1,0,-1,1,1,0,1,1,1,1,-1,-1,-1,-1,1,0,1,1
UCI327-06789,-1,1,1,1,1,1,0,1,-1,1,1,1,1,0,0,-1,1,1,0,1,1,1,1,1,1,1,-1,1,1,1,0
UCI327-05220,1,-1,1,1,1,-1,1,-1,-1,1,1,1,-1,0,-1,-1,-1,1,0,1,1,1,1,-1,1,0,-1,1,0,1,1
UCI327-07330,-1,1,1,1,1,-1,1,-1,1,1,1,1,1,0,0,-1,1,1,1,1,1,1,1,1,1,1,-1,1,1,1,1
UCI327-05198,-1,-1,1,-1,1,-1,-1,1,-1,1,1,1,-1,0,0,-1,1,1,0,1,1,1,1,-1,-1,-1,-1,1,0,1,0
UCI327-06702,1,-1,-1,1,-1,-1,1,1,-1,1,1,-1,1,0,-1,0,1,1,0,1,1,1,1,-1,-1,1,1,-1,-1,1,0
UCI327-07325,1,-1,1,1,1,-1,0,0,1,1,1,1,-1,0,-1,-1,1,1,1,1,1,1,1,-1,1,0,1,1,0,1,1
UCI327-09148,1,1,1,1,1,-1,-1,0,-1,1,1,1,1,-1,-1,-1,1,1,0,1,1,1,1,1,1,0,1,-1,0,1,1
UCI327-06967,-1,-1,1,-1,1,-1,0,1,-1,-1,-1,1,1,1,0,-1,-1,1,0,-1,-1,-1,-1,-1,1,1,-1,1,1,1,0
UCI327-07730,-1,-1,1,-1,1,-1,0,-1,1,1,1,1,-1,-1,-1,-1,1,1,0,1,1,1,1,-1,1,0,-1,1,1,1,1
UCI327-02542,1,1,1,1,1,-1,0,1,-1,1,1,1,1,0,-1,1,1,1,0,1,1,1,1,-1,-1,1,-1,1,1,-1,0
UCI327-06357,-1,-1,1,1,1,-1,1,1,1,-1,1,1,-1,0,0,1,1,1,0,1,1,-1,1,-1,1,0,1,1,1,1,0
UCI327-07400,-1,-1,1,1,1,-1,0,-1,1,1,1,1,-1,-1,0,0,1,1,0,1,1,1,1,-1,1,0,1,1,0,1,1
UCI327-00500,-1,1,-1,1,-1,1,-1,1,-1,1,1,-1,1,1,0,1,1,-1,1,1,1,1,1,1,1,1,-1,1,1,1,0
UCI327-07212,-1,-1,1,1,1,-1,0,-1,1,1,1,1,1,0,0,-1,1,1,0,1,1,1,1,-1,1,1,-1,1,1,1,1
UCI327-00518,1,-1,1,1,1,-1,-1,1,1,1,1,1,1,1,0,-1,1,1,0,1,1,1,1,1,1,1,1,1,0,1,0
UCI327-00993,1,1,1,1,1,-1,0,1,-1,-1,-1,1,1,0,0,1,-1,1,0,-1,1,-1,-1,-1,1,1,-1,1,1,-1,0
UCI327-10213,1,1,1,1,1,-1,1,1,-1,1,1,1,1,0,1,-1,1,1,0,1,1,1,1,-1,1,0,1,1,0,1,0
UCI327-09341,1,1,1,1,1,1,-1,1,-1,1,1,1,1,0,1,-1,1,1,0,1,1,1,1,1,1,1,1,1,1,1,0
UCI327-05204,-1,1,1,1,1,-1,0,-1,-1,1,-1,1,-1,-1,-1,-1,1,-1,0,1,1,-1,1,-1,1,-1,1,1,0,1,1
UCI327-09880,-1,1,1,-1,1,-1,0,0,-1,-1,-1,1,1,-1,0,-1,-1,1,0,1,1,1,1,1,1,0,1,-1,1,1,1
UCI327-06044,1,-1,1,1,1,-1,0,-1,1,1,1,1,-1,-1,0,-1,1,1,0,1,1,1,1,-1,1,-1,1,1,1,1,1
UCI327-05551,-1,-1,1,-1,1,-1,0,-1,1,-1,-1,1,1,-1,1,-1,-1,1,0,-1,-1,-1,-1,-1,1,-1,1,1,0,-1,1
UCI327-01354,1,-1,1,1,1,-1,0,1,-1,1,1,1,1,0,1,-1,1,1,0,1,1,1,1,-1,-1,1,-1,1,0,1,0
UCI327-08865,-1,1,-1,1,1,-1,0,-1,1,1,1,1,-1,-1,-1,-1,1,1,0,1,1,1,1,1,1,0,-1,-1,1,1,1
UCI327-08472,-1,-1,1,1,1,-1,0,-1,1,1,1,1,-1,1,-1,-1,1,1,0,1,1,1,1,1,1,1,-1,1,0,1,1
UCI327-06455,-1,-1,1,1,1,-1,0,-1,-1,1,1,1,1,-1,-1,-1,1,1,0,1,1,1,1,-1,1,0,1,1,0,1,1
UCI327-01249,1,0,1,1,1,-1,0,1,1,1,1,-1,-1,0,-1,-1,-1,-1,0,1,1,1,1,-1,1,-1,-1,-1,0,-1,0
UCI327-00946,-1,-1,-1,1,-1,-1,-1,1,-1,1,1,-1,1,0,-1,-1,1,-1,1,1,1,1,1,1,-1,1,-1,1,1,1,0
UCI327-00350,1,-1,1,1,1,-1,0,0,1,-1,-1,1,1,-1,1,-1,-1,1,0,1,1,-1,1,1,-1,1,-1,1,1,1,1
UCI327-08846,-1,-1,-1,1,-1,-1,1,1,-1,1,1,-1,1,0,1,-1,1,-1,1,1,1,1,1,1,-1,-1,-1,1,1,1,0
UCI327-00874,1,-1,1,1,1,-1,-1,1,1,1,1,1,-1,1,-1,-1,1,1,0,1,1,1,1,1,1,-1,-1,1,0,1,0
UCI327-00196,1,1,1,1,1,-1,0,1,-1,1,1,1,1,0,-1,1,1,1,0,1,1,1,1,-1,-1,1,-1,1,1,1,0
UCI327-05970,-1,-1,1,1,1,-1,0,-1,1,1,1,1,1,-1,-1,-1,1,1,0,1,1,1,1,-1,1,-1,1,1,1,1,1
UCI327-10051,-1,1,1,1,1,-1,-1,-1,-1,1,1,1,1,-1,0,-1,1,1,0,1,1,1,1,-1,1,0,1,-1,1,-1,1
UCI327-10253,-1,1,1,1,1,-1,-1,-1,-1,1,1,1,1,-1,0,0,1,1,0,1,1,1,1,1,1,0,1,1,1,1,1
UCI327-00335,1,-1,1,1,1,-1,1,-1,1,1,1,1,-1,-1,-1,-1,1,1,0,1,1,1,1,-1,-1,-1,-1,-1,1,1,1
UCI327-09157,1,-1,1,1,1,-1,1,1,1,1,1,1,-1,0,1,-1,1,1,0,1,1,1,1,-1,1,1,-1,1,0,1,0
UCI327-02148,1,-1,1,1,1,-1,0,-1,1,1,1,1,-1,-1,0,-1,1,1,0,1,1,1,1,-1,-1,0,-1,1,1,1,1
UCI327-01146,1,-1,1,1,1,-1,1,1,-1,1,1,1,-1,1,0,-1,1,1,0,1,1,1,1,1,1,1,1,1,0,1,0
UCI327-00568,1,-1,1,1,1,-1,-1,1,1,1,1,1,1,0,-1,-1,1,1,0,1,1,1,1,-1,-1,1,-1,1,1,1,0
UCI327-10212,1,-1,1,1,1,-1,1,1,1,1,1,1,-1,0,0,1,1,1,0,1,1,1,1,1,1,1,-1,-1,0,1,0
UCI327-02778,1,-1,1,1,1,-1,1,-1,-1,1,1,1,1,-1,1,-1,1,1,0,1,1,1,1,1,1,0,-1,1,0,1,1
UCI327-06796,1,1,1,-1,1,-1,-1,-1,-1,-1,-1,1,-1,-1,0,-1,-1,1,0,-1,1,-1,-1,1,1,-1,1,1,0,1,1
UCI327-05687,-1,-1,1,1,1,-1,-1,1,-1,1,1,1,1,0,0,-1,1,1,1,1,1,1,1,-1,1,0,1,1,1,1,0
UCI327-08764,-1,-1,1,-1,1,-1,0,1,-1,1,1,1,-1,0,-1,-1,1,1,0,1,1,1,1,1,1,1,-1,1,0,1,1
UCI327-07797,1,-1,1,1,-1,-1,0,0,1,1,1,1,-1,0,-1,-1,1,1,1,1,1,1,1,-1,1,0,1,-1,1,1,1
UCI327-10751,-1,-1,-1,1,-1,-1,0,-1,1,-1,-1,-1,-1,-1,1,-1,-1,-1,1,1,1,-1,-1,1,-1,1,-1,1,1,1,1
UCI327-10036,1,-1,1,-1,1,-1,-1,-1,-1,-1,-1,1,1,-1,1,-1,-1,1,0,-1,-1,-1,-1,1,1,0,-1,1,0,1,1
UCI327-06290,1,-1,1,1,1,1,1,1,-1,1,1,1,1,1,-1,1,1,1,0,1,1,1,1,-1,1,0,1,1,0,1,0
UCI327-05352,-1,1,1,-1,1,1,1,1,-1,-1,-1,1,1,1,1,1,-1,1,0,-1,1,-1,-1,1,1,1,1,1,1,1,0
UCI327-00247,-1,1,-1,1,-1,-1,-1,1,-1,1,1,-1,1,0,-1,1,1,1,1,1,1,1,1,-1,-1,0,-1,1,1,1,1
UCI327-05822,1,-1,1,1,1,-1,0,-1,1,1,1,1,-1,-1,-1,-1,1,1,1,1,1,1,1,-1,1,0,1,1,0,1,1
UCI327-00292,1,-1,1,1,1,-1,1,1,-1,-1,-1,1,1,1,0,-1,-1,1,0,1,1,-1,-1,1,1,1,-1,1,1,1,0
UCI327-05858,1,-1,-1,1,-1,1,1,1,1,1,1,-1,1,0,0,-1,1,1,0,1,1,1,1,-1,-1,1,1,1,1,1,0
UCI327-09229,1,-1,1,1,1,-1,1,0,1,1,1,1,-1,-1,-1,-1,1,1,0,1,1,1,1,1,1,0,-1,1,1,1,1
UCI327-05622,1,1,1,1,1,-1,0,-1,-1,1,1,1,1,-1,-1,-1,1,1,0,1,1,1,1,1,1,-1,1,1,0,-1,1
UCI327-09465,-1,-1,1,1,1,-1,0,-1,-1,1,1,-1,-1,0,-1,-1,1,1,0,1,1,1,1,1,1,1,-1,1,0,1,1
UCI327-06087,1,1,1,1,1,-1,1,1,-1,1,1,1,1,0,0,0,1,1,0,1,1,1,1,1,1,1,1,1,0,1,0
UCI327-10517,1,1,1,1,1,-1,1,1,-1,1,1,1,1,0,0,0,1,-1,0,1,1,1,1,-1,1,-1,-1,-1,0,1,0
UCI327-05480,1,1,1,1,1,-1,-1,1,-1,1,1,1,1,0,-1,-1,1,1,0,1,1,1,1,1,1,1,-1,1,0,1,0
UCI327-01164,-1,1,-1,1,-1,-1,1,1,-1,1,1,-1,1,0,-1,1,1,-1,1,1,1,1,1,1,1,0,-1,1,1,1,0
UCI327-07328,-1,1,1,1,1,-1,0,-1,-1,1,1,1,1,-1,0,0,1,1,0,1,1,1,1,1,1,-1,-1,1,1,1,1
UCI327-06593,1,-1,1,1,1,-1,1,1,1,1,1,1,1,1,1,1,1,1,0,1,1,1,1,-1,1,1,-1,1,0,1,0
UCI327-01262,1,0,1,1,1,-1,0,0,1,1,1,1,-1,-1,-1,-1,-1,-1,0,1,1,1,1,1,1,1,-1,1,1,-1,1
UCI327-09014,1,-1,1,1,1,-1,-1,1,1,1,1,1,-1,1,0,0,1,1,0,1,1,1,1,1,1,1,-1,1,0,1,0
UCI327-07227,-1,-1,-1,-1,-1,-1,0,-1,-1,-1,-1,-1,1,-1,-1,-1,-1,-1,1,-1,-1,-1,-1,-1,-1,-1,-1,-1,1,1,1
UCI327-00020,1,0,-1,1,1,-1,0,1,-1,1,1,1,1,0,0,-1,-1,-1,0,-1,1,-1,1,-1,1,1,-1,1,-1,-1,0
UCI327-09865,1,-1,1,1,1,-1,1,-1,1,1,1,1,-1,-1,-1,-1,1,1,0,1,1,1,1,-1,1,1,-1,1,0,1,1
UCI327-01214,1,-1,1,-1,1,-1,0,0,1,1,1,1,-1,-1,0,-1,1,1,0,1,1,1,1,1,-1,-1,-1,1,1,1,1
UCI327-06764,-1,-1,1,1,1,-1,0,-1,1,1,1,1,-1,1,-1,-1,1,1,1,1,1,1,1,-1,1,-1,1,1,1,1,1
UCI327-03373,1,1,1,1,1,-1,0,0,-1,1,1,1,1,-1,0,1,1,1,0,1,1,1,1,1,-1,-1,-1,1,1,-1,1
UCI327-00347,1,-1,1,1,1,-1,0,-1,-1,1,1,1,1,1,0,-1,1,1,0,1,1,1,1,1,1,1,-1,1,0,1,0
UCI327-10065,1,-1,1,1,1,-1,0,0,-1,1,1,1,1,0,1,-1,1,1,0,1,1,1,1,-1,1,1,-1,1,0,1,1
UCI327-06237,1,-1,1,1,1,1,1,1,1,1,1,1,-1,0,1,-1,1,1,0,1,1,1,1,-1,1,1,-1,1,0,1,0
UCI327-00158,1,-1,1,1,1,-1,0,1,1,-1,1,1,-1,0,-1,-1,-1,1,0,-1,1,-1,1,-1,-1,1,-1,1,1,1,0
UCI327-05325,-1,1,1,-1,1,-1,1,0,-1,1,1,1,-1,-1,-1,-1,1,1,0,1,1,1,1,1,1,-1,1,1,1,1,1
UCI327-00742,1,-1,1,1,1,-1,0,1,-1,-1,-1,1,1,0,-1,-1,-1,1,0,-1,1,-1,-1,-1,-1,1,1,1,1,-1,0
UCI327-00146,1,-1,1,1,1,-1,-1,-1,-1,1,1,1,1,-1,0,-1,-1,1,0,1,1,1,1,-1,-1,1,-1,1,-1,1,1
UCI327-02876,1,-1,1,-1,1,-1,0,0,1,1,1,1,-1,-1,-1,-1,1,1,0,1,1,1,1,1,1,-1,-1,1,0,1,1
UCI327-06200,-1,1,1,1,1,-1,0,0,-1,1,1,1,1,-1,0,-1,1,1,0,1,1,1,1,1,1,1,-1,1,1,1,1
UCI327-09032,-1,-1,1,1,1,-1,0,-1,-1,1,1,1,1,0,0,-1,1,1,0,1,1,-1,1,1,1,1,-1,1,1,1,0
UCI327-08515,-1,-1,1,1,1,-1,0,-1,-1,1,1,1,1,0,-1,-1,1,1,0,1,1,1,1,1,1,1,-1,1,0,1,1
UCI327-06844,1,-1,1,1,1,-1,1,1,-1,-1,-1,1,-1,1,0,-1,-1,1,0,1,1,-1,-1,-1,1,1,1,1,0,1,0
UCI327-09944,-1,-1,1,1,1,-1,-1,-1,1,1,1,1,1,-1,0,-1,1,1,0,1,1,1,1,1,1,0,-1,1,0,1,1
UCI327-02395,1,-1,1,1,1,-1,0,-1,-1,-1,-1,1,1,-1,0,-1,-1,1,0,-1,-1,-1,-1,-1,1,1,-1,1,0,-1,1
UCI327-10278,-1,-1,1,1,1,-1,1,0,1,1,1,1,-1,-1,-1,-1,1,1,0,1,1,1,1,1,1,0,-1,-1,0,1,1
UCI327-06974,1,1,1,1,1,-1,0,-1,-1,1,1,1,1,-1,0,-1,1,1,0,1,1,1,1,1,1,-1,-1,1,0,1,1
UCI327-00534,1,1,1,1,1,-1,0,0,-1,1,1,1,-1,-1,-1,1,1,1,0,1,1,1,1,1,-1,-1,-1,1,1,1,1
UCI327-09036,-1,-1,1,1,1,-1,-1,-1,1,1,1,1,-1,-1,-1,0,1,1,0,1,1,1,1,1,1,1,-1,1,0,1,1
UCI327-03149,1,-1,1,1,-1,-1,-1,1,-1,1,1,1,-1,0,-1,-1,1,1,1,1,1,1,1,-1,-1,1,-1,1,0,-1,1
UCI327-08672,1,-1,1,-1,1,-1,1,1,-1,1,1,1,-1,0,0,0,1,1,0,1,1,1,1,-1,1,-1,-1,1,0,1,0
UCI327-05699,-1,-1,1,-1,1,-1,1,0,-1,-1,-1,1,1,-1,-1,-1,-1,1,0,-1,1,-1,1,-1,1,1,-1,1,1,1,1
UCI327-02525,1,-1,1,1,1,-1,1,1,-1,1,1,1,1,-1,-1,-1,1,1,0,1,1,1,1,-1,1,0,-1,1,0,-1,1
UCI327-09789,1,-1,1,1,1,-1,-1,0,-1,1,1,1,1,0,0,0,1,1,0,1,1,1,1,1,1,0,-1,1,0,1,1
UCI327-06692,-1,-1,1,1,1,-1,0,-1,1,1,1,1,1,0,0,-1,1,1,1,1,1,1,1,-1,1,1,-1,1,1,1,0
UCI327-09808,-1,1,1,1,1,1,1,1,-1,1,1,1,1,0,0,-1,1,1,0,1,1,1,1,1,1,-1,1,1,1,1,0
UCI327-05246,-1,-1,1,-1,1,-1,0,1,-1,1,1,1,-1,1,-1,-1,1,1,0,1,1,1,1,-1,1,1,1,1,0,1,1
UCI327-00439,1,-1,1,1,1,-1,0,1,-1,-1,-1,1,1,1,-1,-1,-1,1,0,-1,1,-1,1,-1,1,1,-1,1,1,-1,0
UCI327-06391,-1,-1,-1,-1,-1,-1,0,1,1,1,1,-1,-1,1,-1,-1,1,-1,0,1,1,1,1,-1,-1,1,-1,-1,1,1,0
UCI327-05339,1,1,1,1,1,-1,0,-1,-1,1,1,1,-1,-1,-1,-1,1,1,0,1,1,1,1,1,1,-1,1,1,0,-1,1
UCI327-02543,1,1,1,1,1,-1,-1,-1,-1,1,1,1,-1,-1,-1,1,1,1,0,1,1,1,1,-1,-1,-1,-1,1,0,1,1
UCI327-07857,-1,-1,1,1,1,-1,-1,1,-1,-1,-1,1,-1,1,1,-1,-1,1,0,1,1,-1,1,-1,1,1,-1,1,1,1,0
UCI327-08887,1,-1,1,1,1,-1,1,-1,-1,1,1,1,1,-1,0,-1,1,1,0,1,1,1,1,1,1,1,-1,1,0,1,1
UCI327-10328,-1,-1,1,1,1,-1,1,1,1,1,1,1,-1,0,0,-1,1,1,0,1,1,1,1,1,1,0,-1,1,1,1,0
UCI327-10417,-1,-1,-1,-1,-1,-1,0,0,1,-1,-1,-1,-1,-1,1,-1,-1,-1,1,-1,-1,-1,-1,1,-1,0,-1,-1,1,1,1
UCI327-08359,-1,1,1,-1,-1,-1,-1,1,-1,1,1,1,1,0,-1,-1,-1,-1,0,1,1,1,1,1,-1,1,-1,-1,1,1,1
UCI327-10170,-1,-1,-1,-1,-1,-1,1,1,-1,1,1,-1,1,1,0,-1,-1,-1,1,1,1,1,1,1,-1,-1,-1,1,-1,1,0
UCI327-05685,-1,-1,1,1,1,-1,0,-1,1,1,1,1,-1,0,-1,-1,1,1,0,1,1,1,1,-1,1,0,1,1,1,-1,1
UCI327-06805,1,-1,1,1,1,-1,1,1,-1,1,1,1,1,1,0,1,1,1,1,1,1,1,1,-1,1,1,-1,1,0,1,0
UCI327-00410,1,-1,1,1,1,-1,1,1,-1,1,1,1,1,0,0,-1,1,1,0,1,1,1,1,1,1,1,-1,1,0,1,0
UCI327-00259,1,-1,1,1,1,-1,0,1,-1,1,1,1,1,0,1,-1,1,1,0,1,1,1,1,-1,-1,1,1,1,0,1,0
UCI327-01216,1,-1,1,1,1,-1,-1,-1,1,1,1,1,1,-1,-1,-1,1,1,0,1,1,1,1,1,1,-1,-1,1,0,1,1
UCI327-00462,1,-1,1,1,1,-1,1,1,-1,-1,-1,1,-1,1,0,-1,-1,1,0,1,1,-1,-1,1,-1,1,-1,1,0,1,0
UCI327-05127,-1,-1,1,-1,1,-1,0,-1,-1,1,1,1,-1,0,-1,0,1,1,0,1,1,1,1,-1,1,1,1,1,1,1,0
UCI327-06962,1,-1,1,1,1,-1,-1,1,-1,1,1,1,1,0,0,0,1,1,0,1,1,1,1,-1,1,1,-1,1,0,1,0
UCI327-01041,1,-1,1,1,1,-1,-1,-1,-1,1,1,1,1,-1,-1,-1,1,1,0,1,1,1,1,-1,1,-1,-1,1,1,1,1
UCI327-10514,-1,-1,1,1,1,-1,0,-1,1,1,1,1,-1,-1,-1,-1,1,1,0,1,1,1,1,1,1,0,-1,1,1,1,1
UCI327-02083,1,-1,1,1,1,-1,1,1,-1,1,1,1,1,1,1,-1,1,1,0,1,1,1,1,1,1,1,1,-1,0,1,0
UCI327-08383,1,-1,1,1,1,-1,-1,1,-1,1,1,1,-1,-1,-1,1,-1,1,0,1,1,1,1,1,1,1,-1,-1,0,1,1
UCI327-05932,1,-1,1,-1,1,-1,0,1,-1,-1,-1,1,1,1,0,-1,-1,1,0,-1,-1,-1,-1,-1,1,1,-1,1,0,1,0
UCI327-05883,-1,1,1,1,1,1,1,1,-1,1,1,1,1,1,0,-1,1,1,0,1,1,1,1,1,1,1,-1,1,1,1,0
UCI327-00033,1,0,1,1,1,-1,-1,1,-1,1,1,1,1,0,1,-1,-1,-1,0,1,1,1,1,1,1,1,-1,1,0,-1,0
UCI327-08271,1,-1,1,-1,1,-1,0,1,-1,1,1,1,-1,1,1,1,1,1,0,1,1,1,1,1,1,1,-1,-1,0,1,0
UCI327-09180,-1,-1,1,1,1,-1,-1,1,1,1,1,1,-1,-1,-1,-1,1,1,0,1,1,1,1,1,1,1,-1,1,1,1,1
UCI327-07581,-1,-1,1,-1,1,-1,1,-1,1,-1,-1,1,-1,-1,0,-1,-1,1,0,-1,1,-1,-1,-1,1,0,-1,1,1,1,1
UCI327-00640,-1,-1,-1,1,-1,-1,0,-1,1,1,1,-1,-1,-1,1,-1,1,-1,1,1,1,1,1,-1,1,-1,-1,1,0,1,1
UCI327-10192,-1,-1,-1,-1,-1,-1,1,1,1,1,1,-1,-1,1,-1,1,1,-1,0,1,1,1,1,-1,-1,0,-1,1,1,1,0
UCI327-05218,-1,-1,1,1,1,-1,1,1,-1,-1,-1,1,-1,0,1,0,1,1,0,1,1,-1,1,-1,1,1,1,1,1,1,0
UCI327-08514,-1,1,1,1,1,-1,-1,0,-1,1,1,1,1,-1,-1,-1,1,1,0,1,1,1,1,1,1,1,1,-1,-1,-1,1
UCI327-01023,1,-1,1,1,1,-1,-1,-1,-1,1,1,1,-1,0,-1,-1,1,1,0,1,1,1,1,-1,-1,0,-1,1,1,1,1
UCI327-02048,1,-1,1,1,1,-1,0,1,-1,1,1,1,1,0,1,-1,1,1,0,1,1,1,1,-1,-1,1,1,1,1,1,0
UCI327-06685,1,-1,1,1,1,-1,1,1,1,1,1,1,1,0,1,1,1,1,1,1,1,1,1,-1,1,1,1,1,0,1,0
UCI327-05940,1,-1,1,1,1,-1,0,1,-1,1,1,1,-1,0,-1,-1,1,1,1,1,1,1,1,-1,1,0,-1,1,0,1,0
UCI327-09765,-1,-1,1,1,-1,-1,-1,1,-1,1,1,1,-1,0,-1,-1,1,1,1,1,1,1,1,1,1,-1,-1,-1,0,1,1
UCI327-08478,1,-1,1,1,1,-1,1,1,-1,1,1,1,-1,1,1,-1,1,1,0,1,1,1,1,1,1,0,-1,1,0,1,0
UCI327-07279,-1,1,-1,1,1,-1,1,1,-1,1,1,1,1,0,1,-1,1,1,0,1,1,1,1,-1,1,0,1,1,0,1,1
UCI327-08262,-1,1,1,1,1,-1,-1,-1,1,1,-1,1,1,-1,1,-1,-1,1,0,1,1,1,1,1,1,1,-1,-1,0,1,1
UCI327-08358,1,1,1,1,1,-1,-1,0,-1,1,1,1,1,-1,-1,-1,1,1,0,1,1,1,1,1,1,1,1,-1,0,1,1
UCI327-09873,-1,-1,1,1,1,-1,1,1,-1,1,1,1,1,1,1,-1,1,1,0,1,1,1,1,1,1,-1,-1,1,1,1,0
UCI327-07076,1,-1,-1,1,-1,-1,1,1,1,1,1,-1,-1,0,-1,1,1,-1,0,1,1,1,1,-1,-1,1,-1,-1,1,1,0
UCI327-05130,1,-1,-1,1,1,-1,0,1,-1,1,1,1,-1,0,0,-1,1,1,0,1,1,1,1,-1,1,0,-1,1,0,1,0
UCI327-01139,1,-1,1,1,1,-1,-1,-1,-1,1,1,1,1,0,-1,-1,1,1,0,1,1,1,1,-1,1,0,-1,1,0,1,0
UCI327-05969,1,-1,1,1,1,-1,0,1,1,1,1,1,-1,0,1,-1,1,1,0,1,1,1,1,-1,1,1,1,1,0,1,0
UCI327-00419,-1,-1,-1,1,-1,-1,0,0,1,1,1,-1,-1,-1,1,-1,1,-1,1,1,1,1,1,1,-1,-1,-1,1,0,1,1
UCI327-09343,-1,-1,1,1,1,-1,1,1,1,1,1,1,-1,0,1,0,1,1,0,1,1,1,1,1,1,1,-1,1,1,1,0
UCI327-08007,1,-1,1,1,1,-1,1,0,-1,1,1,1,-1,-1,0,-1,1,1,0,1,1,1,1,-1,1,0,1,1,0,1,1
UCI327-01018,-1,-1,-1,1,-1,-1,1,1,1,1,1,-1,-1,0,1,-1,1,-1,1,1,1,1,1,1,-1,1,1,1,1,1,0
UCI327-06462,-1,-1,1,1,1,-1,0,-1,1,1,1,1,-1,-1,1,-1,1,1,0,1,1,1,1,-1,1,-1,-1,1,1,1,1
UCI327-07454,-1,1,1,1,1,-1,1,-1,-1,1,1,1,1,-1,-1,-1,1,1,1,1,1,1,1,1,1,-1,1,1,1,1,1
UCI327-05649,-1,1,1,1,1,-1,1,1,-1,-1,1,1,1,1,0,1,1,1,1,-1,1,-1,1,1,1,1,-1,1,1,1,0
UCI327-10882,-1,-1,1,1,1,-1,1,1,1,1,1,1,-1,0,0,0,1,1,0,1,1,1,1,-1,1,0,-1,-1,1,1,0
UCI327-00358,1,-1,1,1,1,-1,1,1,-1,1,1,1,1,1,-1,-1,1,1,0,1,1,1,1,1,-1,1,1,1,1,1,0
UCI327-07260,-1,1,-1,1,-1,-1,1,0,-1,1,1,-1,1,-1,0,-1,1,1,1,1,1,1,1,1,-1,1,-1,1,-1,1,1
UCI327-02462,1,-1,1,1,1,-1,1,1,1,1,1,1,-1,-1,-1,-1,1,1,0,1,1,1,1,-1,-1,0,-1,-1,1,-1,1
UCI327-07160,1,-1,1,1,1,-1,0,-1,1,1,1,1,-1,-1,-1,0,1,1,0,1,1,1,1,-1,1,0,-1,1,0,1,1
UCI327-00743,1,-1,1,1,1,-1,-1,1,-1,-1,-1,1,1,-1,1,-1,-1,1,0,-1,1,-1,-1,1,-1,1,-1,1,1,-1,0
UCI327-10006,1,-1,1,1,1,1,1,1,1,1,1,1,-1,1,0,-1,1,1,0,1,1,1,1,1,1,-1,-1,1,0,1,0
UCI327-06263,-1,1,1,-1,1,-1,0,1,-1,-1,1,1,1,0,1,-1,1,-1,0,-1,1,-1,1,1,1,0,1,1,-1,1,1
UCI327-10992,1,-1,-1,1,-1,-1,-1,-1,1,1,1,-1,-1,-1,1,-1,1,-1,1,1,1,1,1,1,-1,0,-1,1,0,1,1
UCI327-00380,1,-1,1,1,1,-1,0,1,-1,1,1,1,1,1,1,-1,1,1,0,1,1,1,1,-1,1,1,-1,1,0,1,0
UCI327-10205,-1,-1,1,1,1,-1,-1,-1,-1,1,1,1,1,-1,-1,-1,1,1,0,1,1,1,1,-1,1,1,-1,-1,1,1,1
UCI327-00938,1,-1,1,1,1,-1,0,-1,1,-1,-1,1,-1,-1,0,-1,-1,1,0,-1,1,-1,-1,-1,-1,-1,-1,1,0,-1,1
UCI327-10265,-1,-1,1,-1,1,-1,0,0,-1,-1,-1,1,-1,-1,0,0,-1,-1,0,-1,1,-1,1,1,1,0,-1,1,0,1,1
UCI327-08386,1,-1,1,1,1,-1,1,1,-1,1,1,1,-1,0,-1,-1,1,1,0,1,1,1,1,1,1,-1,-1,1,0,1,0
UCI327-05662,-1,-1,1,-1,1,-1,-1,1,-1,-1,-1,1,1,0,0,1,-1,1,1,-1,1,-1,-1,-1,1,1,1,1,1,1,0
UCI327-07560,1,-1,1,1,1,1,0,1,-1,1,1,1,-1,1,0,-1,1,1,0,1,1,1,1,-1,1,1,-1,1,1,1,0
UCI327-08921,1,-1,1,1,1,-1,1,1,1,1,1,1,-1,1,1,1,1,1,0,1,1,1,1,-1,1,0,-1,1,0,1,0
UCI327-06236,-1,-1,1,1,1,-1,1,1,1,1,1,1,1,0,-1,0,1,1,0,1,1,1,1,-1,1,1,-1,1,1,1,0
UCI327-06552,1,-1,1,1,1,-1,0,-1,-1,1,1,1,1,-1,0,-1,1,1,0,1,1,1,1,-1,1,1,1,1,0,1,1
UCI327-10023,1,-1,1,-1,1,-1,-1,-1,-1,-1,-1,1,1,-1,0,-1,-1,1,0,-1,-1,-1,-1,1,1,1,-1,1,0,1,1
UCI327-08615,-1,-1,1,1,1,1,1,1,1,1,1,1,-1,1,1,-1,1,1,0,1,1,1,1,1,1,1,-1,1,0,1,0
UCI327-09424,1,-1,1,1,-1,-1,-1,0,-1,1,1,-1,-1,-1,1,-1,1,1,0,1,1,1,1,1,1,1,-1,1,0,1,1
UCI327-02054,1,-1,1,1,1,1,0,1,-1,1,1,1,1,1,0,-1,1,1,0,1,1,1,1,1,-1,1,-1,1,1,1,0
UCI327-08740,1,-1,1,1,1,-1,1,0,-1,1,1,1,1,-1,0,-1,1,1,0,1,1,1,1,1,1,1,-1,-1,0,1,1
UCI327-09783,-1,-1,1,1,1,-1,-1,-1,1,1,1,1,-1,1,-1,-1,1,1,0,1,1,1,1,1,1,1,-1,-1,1,1,1
UCI327-02658,1,-1,1,-1,1,-1,-1,-1,-1,-1,-1,1,1,-1,-1,-1,-1,1,0,1,1,1,1,-1,-1,0,-1,1,1,-1,1
UCI327-05230,1,-1,1,-1,1,-1,1,1,1,1,1,1,-1,1,1,1,1,1,1,1,1,1,1,-1,1,1,1,1,0,1,0
UCI327-02586,1,1,1,1,1,-1,0,-1,-1,1,1,1,1,0,0,1,1,1,0,1,1,1,1,-1,1,1,-1,1,0,-1,0
UCI327-00221,1,1,1,1,1,-1,1,1,1,-1,1,1,-1,0,0,1,1,1,0,-1,1,-1,1,1,1,1,-1,1,0,1,0
UCI327-01137,1,-1,1,1,1,-1,-1,-1,1,1,1,1,-1,0,-1,-1,1,1,0,1,1,1,1,1,-1,1,-1,-1,1,1,1
UCI327-08891,1,1,1,1,1,-1,1,1,-1,1,1,1,1,1,0,1,1,1,0,1,1,1,1,-1,1,1,1,1,0,1,0
UCI327-01309,1,1,1,1,1,-1,0,1,-1,1,1,1,1,0,1,1,1,1,0,1,1,1,1,-1,1,1,1,-1,-1,1,0
UCI327-07549,-1,0,-1,-1,1,-1,-1,1,-1,1,1,1,1,0,0,-1,-1,-1,1,-1,1,-1,1,-1,1,1,-1,1,-1,1,0
UCI327-05692,1,-1,1,1,1,-1,0,0,-1,1,1,1,1,-1,0,-1,1,1,0,1,1,1,1,-1,1,-1,-1,1,0,1,1
UCI327-05332,-1,-1,1,1,1,-1,0,0,1,1,1,1,1,0,-1,-1,-1,1,0,1,1,1,1,-1,1,0,1,1,1,1,1
UCI327-00750,1,-1,1,1,1,-1,1,1,-1,-1,-1,1,1,1,-1,-1,-1,1,0,-1,1,-1,1,1,1,1,-1,-1,0,-1,0
UCI327-07803,-1,-1,1,-1,1,-1,0,-1,1,-1,-1,1,-1,-1,-1,-1,-1,1,1,1,1,-1,1,-1,1,-1,1,1,0,1,1
UCI327-08992,-1,-1,-1,-1,1,1,0,1,-1,1,1,1,-1,1,0,-1,-1,-1,0,1,1,1,1,1,1,-1,-1,1,0,1,0
UCI327-07405,1,-1,1,1,1,-1,0,1,-1,1,1,1,-1,0,0,-1,1,1,0,1,1,1,1,-1,1,0,1,1,0,1,1
UCI327-05447,1,-1,1,1,1,-1,0,-1,-1,1,1,-1,-1,-1,-1,-1,1,1,0,1,1,1,1,-1,1,0,-1,1,0,-1,1
UCI327-00712,-1,1,-1,1,-1,-1,0,1,-1,-1,-1,-1,-1,0,1,1,-1,-1,1,-1,1,-1,1,-1,-1,-1,1,1,1,-1,0
UCI327-00228,-1,-1,-1,1,-1,-1,1,1,1,-1,1,-1,-1,0,1,-1,1,-1,1,1,1,-1,1,1,1,0,-1,1,1,-1,0
UCI327-00298,1,-1,1,1,1,-1,-1,1,1,-1,1,1,1,0,-1,-1,1,1,0,1,-1,-1,-1,1,-1,0,-1,1,1,1,0
UCI327-09149,-1,-1,1,1,1,-1,-1,-1,-1,1,1,1,1,-1,0,-1,1,1,0,1,1,1,1,1,1,1,-1,1,1,-1,1
UCI327-01923,1,-1,1,1,1,-1,-1,-1,-1,-1,-1,1,-1,-1,0,-1,-1,1,0,1,1,-1,1,-1,-1,0,-1,-1,1,-1,1
UCI327-08744,-1,-1,1,-1,1,-1,1,-1,-1,1,1,1,1,-1,1,-1,-1,-1,0,1,1,1,1,1,1,1,-1,1,1,-1,1
UCI327-05914,-1,-1,1,1,1,1,0,1,-1,1,1,1,-1,1,0,-1,1,1,0,1,1,1,1,-1,1,1,-1,1,1,1,0
UCI327-07109,1,-1,-1,1,-1,-1,0,1,-1,1,1,-1,-1,0,-1,0,1,-1,0,1,1,1,1,-1,-1,1,1,-1,1,1,0
UCI327-00635,1,-1,1,1,1,-1,0,0,1,1,1,1,-1,-1,0,-1,1,1,0,1,1,1,1,1,1,0,-1,1,0,1,1
UCI327-00803,1,-1,1,1,1,-1,1,1,-1,1,1,1,1,1,0,-1,1,1,0,1,1,1,1,1,1,0,-1,1,0,1,0
UCI327-00032,1,-1,1,1,1,1,1,1,-1,1,1,1,1,1,1,1,-1,-1,0,1,1,1,1,1,1,-1,-1,1,-1,-1,0
UCI327-09663,-1,-1,1,1,1,-1,1,1,-1,1,1,1,1,1,0,-1,1,1,0,1,1,1,1,1,1,-1,-1,1,1,1,0
UCI327-02008,1,-1,1,1,1,-1,1,1,-1,1,1,1,1,0,-1,-1,1,1,0,1,1,1,1,1,-1,0,-1,-1,0,1,1
UCI327-10639,-1,1,1,-1,1,-1,0,1,-1,1,1,1,1,-1,-1,-1,1,1,0,1,1,1,1,1,1,0,1,-1,0,1,1
UCI327-09476,-1,-1,1,1,1,-1,1,-1,1,1,1,1,-1,0,-1,-1,1,1,0,1,1,1,1,1,1,1,-1,1,0,1,1
UCI327-09286,-1,1,-1,1,-1,-1,1,1,-1,1,1,-1,1,1,-1,1,1,1,1,1,1,1,1,1,-1,-1,1,1,-1,1,0
UCI327-08777,-1,-1,1,1,1,-1,-1,-1,1,1,1,1,-1,-1,1,-1,1,1,0,1,1,1,1,1,1,0,-1,1,1,1,1
UCI327-00948,1,-1,1,1,1,-1,1,1,-1,-1,-1,1,1,0,-1,-1,-1,1,0,-1,1,-1,-1,1,1,1,1,1,1,-1,0
UCI327-06536,-1,-1,1,1,1,-1,0,-1,-1,1,1,-1,1,-1,-1,-1,-1,1,0,1,1,1,1,-1,1,1,1,1,0,1,1
UCI327-05721,1,-1,1,1,1,-1,0,0,-1,1,1,1,1,-1,0,-1,1,1,0,1,1,1,1,-1,1,1,1,1,0,1,1
UCI327-09044,-1,-1,1,1,1,1,1,1,-1,-1,-1,1,1,0,0,-1,-1,1,0,-1,1,-1,1,1,1,1,-1,-1,1,1,0
UCI327-10083,-1,-1,1,1,1,1,-1,1,-1,1,1,1,1,0,1,-1,1,1,0,1,1,1,1,1,1,1,-1,1,1,1,0
UCI327-07190,1,-1,1,1,1,-1,1,1,-1,1,1,1,-1,1,-1,-1,1,1,1,1,1,1,1,-1,1,1,1,1,0,1,0
UCI327-05917,1,-1,1,1,1,-1,-1,-1,-1,1,1,1,1,0,1,-1,1,1,0,1,1,1,1,-1,1,1,-1,1,0,1,0
UCI327-09100,-1,-1,-1,-1,-1,-1,1,-1,1,-1,-1,-1,-1,-1,1,-1,-1,-1,1,1,1,-1,-1,1,-1,1,-1,1,1,1,1
UCI327-05249,-1,1,1,1,1,-1,-1,1,-1,1,1,1,1,0,1,1,1,1,0,1,1,1,1,1,1,1,-1,1,0,-1,0
UCI327-01317,-1,1,-1,1,-1,-1,0,0,-1,1,1,-1,1,-1,0,1,1,1,0,1,1,1,1,1,-1,1,-1,-1,-1,1,1
UCI327-08754,1,-1,1,-1,1,-1,1,0,-1,-1,-1,1,1,-1,-1,-1,-1,1,0,-1,-1,-1,-1,1,1,1,-1,1,1,1,1
UCI327-07626,-1,1,-1,-1,-1,-1,1,-1,-1,-1,-1,-1,-1,0,-1,-1,1,-1,0,-1,1,-1,1,-1,1,0,1,1,-1,1,1
UCI327-08571,1,-1,1,1,1,-1,-1,1,1,1,1,1,-1,1,-1,-1,1,1,0,1,1,1,1,1,1,1,-1,-1,1,1,1
UCI327-08803,-1,1,1,1,1,-1,0,1,-1,1,1,-1,1,-1,-1,-1,1,1,0,1,1,1,1,-1,1,1,-1,1,1,1,1
UCI327-01035,1,-1,1,1,1,-1,0,1,1,1,1,1,-1,0,1,-1,1,1,0,1,1,1,1,-1,-1,1,1,1,1,1,0
UCI327-07196,1,-1,-1,1,-1,-1,0,1,-1,1,1,-1,1,1,1,-1,1,-1,0,1,1,1,1,-1,-1,1,1,-1,1,1,0
UCI327-05735,1,-1,1,-1,1,-1,0,0,-1,-1,-1,1,1,-1,-1,-1,-1,1,0,-1,-1,-1,-1,-1,1,1,1,1,1,1,1
UCI327-05481,-1,-1,1,1,1,1,1,1,-1,1,1,1,1,0,0,1,1,1,0,1,1,1,1,-1,1,1,-1,1,1,1,0
UCI327-09841,1,-1,1,1,1,-1,-1,-1,-1,1,1,1,-1,-1,-1,0,1,1,0,1,1,1,1,1,1,1,-1,1,0,1,1
UCI327-10804,-1,-1,1,-1,1,-1,0,-1,1,-1,-1,1,1,-1,0,-1,-1,1,0,1,1,-1,1,1,1,0,-1,1,0,-1,1
UCI327-09821,1,-1,1,1,-1,-1,1,1,-1,1,1,1,1,1,0,1,1,1,1,1,1,1,1,1,1,1,-1,1,-1,1,0
UCI327-02986,1,-1,1,1,1,-1,1,-1,1,1,1,1,-1,0,-1,-1,1,1,0,1,1,1,1,1,-1,-1,-1,-1,1,1,1
UCI327-09758,-1,1,-1,1,-1,1,1,1,-1,1,1,-1,1,0,0,-1,1,-1,1,1,1,1,1,1,-1,1,1,1,1,1,0
UCI327-08663,1,1,1,1,1,-1,-1,-1,-1,1,1,1,1,-1,1,-1,1,1,0,1,1,1,1,1,1,1,1,1,0,1,1
UCI327-06489,1,-1,1,1,1,-1,0,-1,1,1,1,1,1,0,0,1,1,1,0,1,1,1,1,-1,1,1,-1,1,1,1,0
UCI327-08495,-1,-1,1,-1,1,1,-1,1,-1,1,1,1,1,1,1,-1,-1,-1,0,1,1,1,1,1,1,1,1,1,-1,1,0
UCI327-06329,-1,1,1,1,1,-1,-1,1,-1,1,1,1,1,0,0,-1,1,1,0,1,1,1,1,1,1,1,1,1,0,1,0
UCI327-07143,-1,-1,1,-1,1,-1,0,-1,1,-1,-1,1,-1,0,0,0,-1,1,1,1,1,-1,1,-1,1,-1,1,1,0,1,1
UCI327-01978,1,-1,1,1,1,-1,1,1,-1,-1,-1,1,1,1,-1,-1,-1,1,0,-1,1,-1,1,1,1,1,-1,1,0,-1,0
UCI327-07183,1,-1,1,-1,1,-1,0,0,1,1,-1,1,1,0,-1,-1,-1,-1,0,1,1,1,1,-1,1,1,-1,1,1,1,1
UCI327-01577,1,-1,1,1,1,-1,0,1,-1,1,1,1,-1,0,-1,-1,1,1,0,1,1,1,1,-1,1,0,-1,1,0,1,0
UCI327-09658,-1,-1,-1,1,-1,-1,1,1,-1,1,1,-1,1,0,0,1,1,-1,1,1,1,1,1,-1,-1,-1,-1,1,1,1,0
UCI327-09335,-1,-1,1,1,1,-1,1,-1,1,1,1,1,-1,0,0,-1,1,1,0,1,1,1,1,1,1,1,-1,1,0,-1,1
UCI327-00652,1,1,1,1,1,-1,0,0,-1,-1,-1,1,1,-1,0,1,-1,1,0,1,1,-1,1,1,1,0,-1,1,0,-1,1
UCI327-00479,-1,1,-1,1,-1,-1,1,1,-1,1,1,-1,1,0,0,1,1,-1,1,1,1,1,1,1,-1,0,-1,1,1,1,1
UCI327-08794,-1,-1,1,1,1,1,-1,1,1,1,1,1,-1,1,0,-1,-1,1,0,1,1,1,1,1,1,-1,-1,1,1,1,0
UCI327-05903,1,-1,1,1,1,-1,-1,-1,1,1,1,1,-1,0,1,0,1,1,0,1,1,1,1,-1,1,1,-1,1,0,1,0
UCI327-09715,1,-1,1,-1,1,1,1,1,-1,-1,-1,1,1,1,-1,-1,-1,1,0,1,1,-1,1,1,1,-1,-1,1,1,1,0
UCI327-00976,1,-1,1,1,1,-1,0,0,1,-1,-1,1,-1,0,0,-1,-1,1,0,-1,-1,-1,-1,1,1,-1,-1,-1,0,-1,1
UCI327-02488,1,1,1,1,1,-1,-1,1,-1,-1,-1,1,1,0,1,1,-1,1,0,1,1,-1,-1,1,-1,1,-1,1,1,-1,0
UCI327-00644,1,-1,1,1,1,-1,-1,1,-1,1,1,1,1,1,1,-1,1,1,0,1,1,1,1,1,1,1,1,-1,0,1,0
UCI327-05886,-1,-1,1,1,1,-1,1,-1,-1,1,1,1,1,0,1,-1,1,1,0,1,1,1,1,-1,1,-1,1,1,1,1,0
UCI327-06023,1,1,1,-1,1,-1,1,0,-1,-1,-1,1,1,-1,0,-1,-1,1,0,1,1,-1,1,1,1,0,-1,1,0,1,1
UCI327-06268,-1,-1,1,-1,1,-1,0,0,1,1,1,1,-1,-1,0,-1,1,1,1,1,1,1,1,-1,1,-1,1,1,0,1,1
UCI327-05574,-1,-1,1,1,1,1,0,1,1,1,1,1,-1,1,1,-1,1,1,0,1,1,1,1,-1,1,1,1,1,0,1,0
UCI327-05604,1,-1,1,1,1,-1,0,-1,-1,1,1,1,-1,0,-1,-1,1,1,1,1,1,1,1,-1,1,1,1,1,0,1,1
UCI327-00261,1,-1,1,1,1,-1,1,1,-1,1,1,1,1,1,0,-1,1,1,0,1,1,1,1,1,-1,1,-1,1,0,1,0
UCI327-06825,-1,-1,1,1,1,-1,0,1,1,1,1,1,1,0,0,-1,1,1,1,1,1,1,1,-1,1,0,1,1,1,1,1
UCI327-05798,-1,-1,1,1,1,-1,0,0,1,1,1,1,-1,-1,-1,0,1,1,0,1,1,1,1,-1,1,-1,-1,1,1,1,1
UCI327-00333,1,-1,1,-1,1,-1,1,1,-1,1,1,1,1,0,1,-1,1,1,0,1,1,1,1,1,1,1,1,1,0,1,0
UCI327-10272,-1,-1,1,1,1,-1,-1,0,1,1,1,1,-1,-1,-1,-1,1,1,0,1,1,1,1,1,1,1,-1,1,0,1,1
UCI327-08523,1,-1,1,-1,1,-1,1,1,-1,-1,-1,1,-1,1,-1,-1,-1,1,0,-1,1,-1,-1,1,1,1,-1,1,0,1,0
UCI327-00739,1,1,1,1,1,-1,0,1,-1,1,1,1,1,1,0,1,1,1,0,1,1,1,1,-1,1,1,-1,1,0,1,0
UCI327-06978,1,1,1,1,1,-1,0,0,1,1,1,1,-1,-1,0,0,1,1,0,1,1,1,1,1,1,-1,-1,1,0,-1,1
UCI327-00988,1,-1,1,1,1,-1,-1,1,-1,-1,-1,1,1,0,0,-1,-1,1,0,-1,-1,-1,-1,1,-1,1,-1,1,1,-1,0
UCI327-06510,1,-1,1,-1,1,-1,0,-1,-1,-1,-1,1,1,-1,0,-1,-1,1,0,-1,-1,-1,-1,-1,1,-1,1,1,0,1,1
UCI327-07468,-1,-1,1,1,1,-1,0,-1,1,1,1,1,-1,0,-1,0,1,1,0,1,1,1,1,-1,1,-1,1,1,0,1,1
UCI327-07240,1,-1,1,1,1,1,1,1,-1,1,1,1,1,1,1,-1,1,1,1,1,1,1,1,-1,1,1,1,1,0,1,0
UCI327-00580,1,-1,1,1,1,-1,-1,1,1,1,1,1,1,1,1,-1,1,1,0,1,1,1,1,1,1,1,1,1,0,1,0
UCI327-06474,1,-1,1,1,1,-1,0,1,1,1,1,1,-1,-1,-1,-1,1,1,0,1,1,1,1,-1,1,1,1,1,0,1,1
UCI327-06091,1,-1,1,1,1,-1,1,1,-1,1,1,1,1,0,0,1,1,1,0,1,1,1,1,-1,1,1,-1,1,0,1,0
UCI327-06353,1,-1,1,1,1,-1,0,-1,1,1,1,1,-1,-1,-1,-1,1,1,0,1,1,1,1,-1,1,-1,-1,1,0,-1,1
UCI327-06138,1,-1,1,1,1,-1,-1,1,1,1,1,1,-1,0,1,-1,1,1,0,1,1,1,1,-1,1,1,1,1,0,1,0
UCI327-09631,-1,-1,1,1,1,-1,1,-1,-1,1,1,1,1,-1,0,0,-1,1,0,1,1,1,1,1,1,1,-1,1,-1,1,1
UCI327-10601,-1,-1,-1,-1,-1,-1,-1,-1,-1,-1,-1,-1,1,-1,1,-1,-1,-1,1,-1,1,-1,-1,-1,-1,0,-1,1,1,1,1
UCI327-05494,-1,-1,1,-1,1,-1,1,1,-1,-1,-1,1,1,0,1,0,-1,1,0,-1,1,-1,-1,-1,1,1,-1,1,1,1,0
UCI327-00598,1,-1,1,1,1,1,1,1,-1,1,1,1,1,0,0,-1,1,1,0,1,1,1,1,1,1,1,-1,1,0,1,0
UCI327-06719,1,-1,-1,1,-1,-1,1,1,-1,1,1,-1,1,1,1,-1,1,-1,0,1,1,1,1,-1,-1,1,-1,-1,1,1,0
UCI327-07685,-1,-1,1,1,1,-1,0,-1,-1,1,1,1,1,1,0,1,1,1,0,1,1,1,1,-1,1,1,-1,1,0,1,0
UCI327-00989,1,-1,1,1,1,-1,0,1,-1,1,1,1,1,0,-1,-1,1,1,0,1,1,1,1,1,-1,0,-1,1,0,1,1
UCI327-07030,1,-1,1,-1,1,-1,0,-1,-1,-1,-1,1,-1,-1,0,-1,-1,1,0,1,1,-1,-1,-1,1,0,1,1,0,1,1
UCI327-07728,-1,-1,1,1,1,-1,0,-1,1,1,1,1,-1,-1,0,-1,1,1,0,1,1,1,1,-1,1,-1,-1,1,1,1,1
UCI327-05847,1,1,1,1,1,-1,0,-1,-1,1,1,1,1,-1,-1,-1,1,1,0,1,1,1,1,1,1,-1,-1,1,0,1,1
UCI327-05465,1,-1,1,1,1,1,1,1,-1,1,1,1,1,1,1,-1,1,1,0,1,1,1,1,-1,1,1,-1,1,0,-1,0
UCI327-05790,-1,-1,1,1,1,-1,0,1,1,1,1,1,-1,0,-1,-1,1,1,0,1,1,1,1,-1,1,1,1,1,0,1,1
UCI327-09593,-1,-1,1,1,1,-1,1,1,-1,1,1,1,-1,0,0,1,1,1,0,1,1,1,1,1,1,0,-1,-1,1,1,0
UCI327-07235,1,-1,1,1,1,-1,0,1,-1,1,1,1,-1,1,-1,1,1,1,0,1,1,1,1,-1,1,0,-1,1,0,1,0
UCI327-00066,1,1,1,1,-1,-1,-1,-1,-1,-1,-1,1,1,-1,-1,1,-1,-1,1,-1,1,-1,1,-1,-1,1,-1,1,-1,-1,1
UCI327-10072,-1,-1,1,-1,1,-1,0,-1,1,1,1,-1,-1,-1,-1,-1,-1,-1,0,1,1,1,1,1,1,0,-1,1,-1,1,1
UCI327-00683,1,-1,1,1,1,-1,0,0,-1,-1,-1,1,-1,-1,0,-1,-1,1,0,1,1,-1,1,1,-1,0,-1,1,0,-1,1
UCI327-10534,-1,1,1,-1,1,-1,1,1,-1,-1,-1,1,1,0,1,0,-1,1,0,1,1,-1,-1,1,1,-1,1,1,1,1,0
UCI327-10310,-1,-1,1,1,1,-1,1,-1,1,1,1,1,-1,0,1,-1,1,1,0,1,1,1,1,1,1,1,-1,-1,1,1,1
UCI327-05923,1,1,1,1,1,1,1,1,-1,1,1,1,1,0,-1,-1,1,1,0,1,1,1,1,1,1,0,1,1,0,1,0
UCI327-07156,-1,-1,1,-1,1,-1,0,-1,1,1,1,-1,-1,-1,0,-1,1,-1,0,1,1,1,1,-1,1,-1,1,1,1,1,1
UCI327-01903,1,-1,1,1,1,1,-1,1,-1,-1,-1,1,1,1,-1,-1,-1,1,0,1,1,-1,1,1,-1,1,-1,1,1,-1,0
UCI327-00029,1,-1,1,1,1,-1,-1,1,-1,1,1,1,1,1,0,-1,1,1,0,1,1,1,1,-1,1,1,1,1,0,1,0
UCI327-05474,-1,-1,1,1,1,-1,1,-1,-1,1,1,1,1,0,-1,-1,1,1,0,1,1,1,1,-1,1,0,1,1,0,1,1
UCI327-05577,-1,-1,1,1,1,-1,1,1,-1,1,1,1,1,0,1,1,1,1,0,1,1,1,1,-1,1,-1,1,1,-1,1,0
UCI327-02244,1,-1,1,1,1,-1,-1,-1,1,1,1,1,1,-1,0,-1,1,1,0,1,1,1,1,-1,1,0,-1,1,0,1,1
UCI327-08701,1,-1,1,1,1,-1,1,1,-1,1,1,1,1,1,1,1,1,1,0,1,1,1,1,1,1,-1,-1,-1,0,-1,0
UCI327-00187,1,-1,1,1,1,-1,1,1,1,1,1,1,1,0,0,-1,1,1,0,1,1,1,1,1,-1,0,-1,-1,1,1,1
UCI327-05625,-1,-1,1,1,1,1,1,1,-1,1,1,1,1,0,1,-1,1,1,0,1,1,1,1,-1,1,1,-1,1,1,1,0
UCI327-08632,-1,-1,1,-1,1,-1,0,-1,-1,1,1,1,-1,0,-1,-1,1,1,0,1,1,1,1,1,1,1,-1,-1,0,1,1
UCI327-01929,1,-1,1,1,1,-1,1,1,-1,1,1,1,1,1,-1,-1,1,1,0,1,1,1,1,1,-1,1,1,-1,1,1,0
UCI327-08513,-1,-1,-1,-1,1,-1,-1,0,-1,1,1,-1,-1,-1,-1,-1,-1,-1,0,1,1,1,1,1,-1,1,-1,-1,0,1,1
UCI327-10389,1,-1,1,1,1,-1,0,-1,1,1,1,1,-1,-1,-1,0,1,1,0,1,1,1,1,1,1,1,-1,1,0,1,1
UCI327-02762,1,1,1,-1,1,-1,-1,-1,-1,-1,1,1,1,-1,1,1,1,1,0,1,1,-1,1,1,-1,-1,-1,1,0,-1,1
UCI327-05827,-1,-1,-1,1,-1,-1,1,1,-1,1,1,-1,1,0,1,-1,1,-1,0,1,1,1,1,-1,-1,1,-1,-1,1,1,0
UCI327-10122,-1,1,1,1,1,1,1,1,-1,1,1,1,1,1,0,-1,1,1,0,1,1,1,1,-1,1,-1,1,1,1,1,0
UCI327-00321,-1,1,-1,1,-1,1,0,1,-1,-1,1,-1,1,1,1,1,-1,-1,1,1,1,-1,1,-1,-1,0,-1,1,1,-1,0
UCI327-09672,-1,-1,1,-1,1,-1,1,1,-1,-1,-1,1,1,1,1,-1,-1,1,0,-1,1,-1,-1,1,1,1,-1,1,1,1,0
UCI327-10175,-1,-1,1,1,1,-1,0,1,1,1,1,1,-1,0,0,1,1,1,0,1,1,1,1,1,1,0,-1,1,1,1,0
UCI327-02422,1,1,1,-1,1,-1,0,1,-1,1,1,1,1,0,1,1,1,1,0,1,1,1,1,-1,1,1,1,1,0,1,0
UCI327-10229,1,-1,1,1,1,-1,1,1,1,1,1,1,-1,1,0,0,1,1,0,1,1,1,1,-1,1,0,-1,1,0,1,0
UCI327-08260,1,1,1,1,1,1,0,1,-1,1,1,1,1,0,1,-1,1,1,0,1,1,1,1,1,1,-1,1,1,0,-1,0
UCI327-07896,-1,-1,1,-1,1,-1,1,0,1,-1,-1,1,1,-1,0,-1,-1,1,0,1,1,-1,1,-1,1,0,1,1,0,1,1
UCI327-00737,1,-1,1,1,1,-1,-1,1,-1,1,1,1,1,0,0,-1,1,1,0,1,1,1,1,-1,-1,1,1,1,1,1,0
UCI327-10255,-1,1,1,1,1,-1,1,-1,1,1,1,1,1,0,0,-1,1,1,0,1,1,1,1,1,1,0,1,-1,1,1,1
UCI327-05295,-1,-1,1,-1,1,-1,-1,1,-1,-1,-1,-1,1,1,1,-1,-1,1,0,-1,1,-1,1,-1,1,1,1,1,1,1,0
UCI327-02265,1,1,1,-1,1,-1,0,0,-1,1,1,1,1,-1,0,1,1,1,0,1,1,1,1,1,1,-1,-1,1,0,1,1
UCI327-08346,-1,-1,1,1,1,-1,1,1,-1,1,1,1,-1,0,-1,1,1,1,0,1,1,1,1,-1,1,0,-1,1,1,1,0
UCI327-00793,1,-1,1,1,1,-1,-1,-1,1,1,1,1,-1,-1,-1,-1,1,1,0,1,1,1,1,-1,-1,0,-1,1,1,1,1
UCI327-02519,1,1,1,1,1,-1,-1,1,-1,1,1,1,1,0,1,1,1,-1,0,1,1,1,1,1,1,1,-1,1,0,1,0
UCI327-08813,-1,1,1,1,1,-1,0,1,-1,1,1,1,1,0,1,-1,1,1,0,1,1,1,1,1,1,0,1,-1,1,1,1
UCI327-10281,-1,-1,1,1,1,-1,1,-1,1,1,1,1,1,0,-1,-1,1,1,0,1,1,1,1,1,1,0,-1,-1,1,1,1
UCI327-08368,1,-1,1,-1,1,-1,1,1,-1,1,1,1,1,0,0,-1,1,-1,0,1,1,1,1,1,1,1,-1,1,0,1,0
UCI327-10509,-1,-1,1,-1,1,-1,1,1,-1,1,1,1,1,1,0,1,1,1,0,1,1,1,1,1,1,-1,-1,1,1,1,0
UCI327-06939,-1,-1,1,1,1,-1,0,-1,-1,1,1,-1,1,0,-1,-1,1,1,0,1,1,1,1,-1,1,0,-1,1,0,1,1
UCI327-06182,-1,0,-1,-1,-1,-1,0,1,-1,1,1,-1,1,0,0,0,-1,-1,0,1,1,1,1,-1,-1,1,1,1,-1,1,0
UCI327-07356,-1,-1,1,1,1,-1,0,-1,1,1,1,1,1,0,-1,-1,1,1,1,1,1,1,1,-1,1,1,-1,1,1,1,1
UCI327-00951,1,-1,1,1,1,-1,-1,-1,1,1,1,1,-1,0,0,-1,1,1,0,1,1,1,1,-1,-1,-1,1,1,1,1,1
UCI327-02038,-1,-1,-1,1,-1,-1,-1,1,-1,1,1,-1,1,1,0,-1,1,-1,1,1,1,1,1,1,-1,1,-1,1,1,1,0
UCI327-06208,1,-1,-1,1,-1,-1,0,-1,1,1,1,-1,-1,-1,-1,-1,1,-1,1,1,1,1,1,-1,-1,-1,1,-1,0,1,1
UCI327-02853,1,1,1,1,1,-1,1,0,-1,1,1,1,1,0,0,-1,1,1,0,1,1,1,1,1,1,1,-1,1,-1,-1,0
UCI327-00504,1,-1,1,1,1,-1,-1,1,1,1,1,1,1,0,0,-1,1,1,0,1,1,1,1,1,1,1,-1,1,0,1,0
UCI327-10730,-1,-1,-1,1,-1,-1,-1,0,1,1,1,-1,-1,-1,1,-1,1,1,1,-1,1,-1,1,1,-1,1,-1,1,0,1,1
UCI327-05905,1,-1,1,-1,1,-1,0,1,-1,1,1,1,1,0,1,-1,1,1,0,1,1,1,1,-1,1,0,1,1,-1,1,1
UCI327-06657,-1,-1,-1,-1,-1,-1,0,-1,-1,-1,1,-1,1,-1,-1,-1,1,-1,1,-1,1,-1,1,-1,-1,0,-1,-1,1,1,1
UCI327-10323,1,-1,1,-1,1,-1,1,1,1,1,1,1,-1,1,0,-1,-1,-1,0,1,1,1,1,-1,1,0,-1,1,0,1,0
UCI327-08645,1,-1,1,1,1,-1,1,-1,-1,1,1,1,-1,0,-1,-1,1,1,0,1,1,1,1,1,1,1,-1,-1,0,1,1
UCI327-06664,-1,-1,-1,1,-1,-1,1,1,1,1,1,-1,-1,0,-1,1,1,-1,0,1,1,1,1,-1,-1,1,-1,-1,1,1,0
UCI327-02355,-1,1,-1,1,-1,-1,0,1,-1,1,1,-1,1,0,-1,1,1,-1,1,1,1,1,1,-1,-1,1,1,-1,1,1,0
UCI327-01148,1,-1,1,1,1,-1,1,1,-1,1,1,1,1,0,1,-1,1,1,0,1,1,1,1,1,1,0,-1,-1,0,1,1
UCI327-00761,1,1,1,1,1,-1,0,1,-1,1,1,1,1,1,1,1,1,1,0,1,1,1,1,-1,1,1,1,-1,0,1,0
UCI327-09206,1,-1,1,-1,1,-1,-1,-1,1,-1,-1,1,-1,-1,0,1,-1,1,0,-1,1,-1,-1,1,1,-1,-1,1,0,1,1
UCI327-00914,1,1,1,1,1,1,1,1,1,-1,-1,1,-1,0,-1,1,-1,1,0,-1,-1,-1,-1,1,-1,1,1,1,1,-1,0
UCI327-06413,-1,-1,1,1,1,-1,0,-1,-1,1,1,-1,-1,-1,0,0,1,1,1,1,1,1,1,-1,1,-1,1,1,0,1,1
UCI327-07253,-1,-1,1,1,1,-1,0,-1,1,1,1,1,1,-1,-1,-1,1,1,0,1,1,1,1,-1,1,-1,-1,1,0,1,1
UCI327-00930,1,-1,1,1,1,-1,1,-1,1,1,1,1,-1,-1,-1,-1,1,1,0,1,1,1,1,1,-1,-1,-1,1,0,1,1
UCI327-09630,-1,1,1,1,1,-1,1,1,-1,1,1,1,1,0,0,0,1,1,0,1,1,1,1,1,1,1,1,1,0,1,0
UCI327-07827,1,1,1,1,1,-1,0,-1,-1,1,1,1,1,0,0,-1,1,1,0,1,1,1,1,1,1,1,1,1,0,1,0
UCI327-08354,-1,1,1,1,1,1,-1,1,-1,1,1,1,1,1,0,-1,1,1,0,1,1,1,1,1,1,-1,1,1,1,1,0
UCI327-05906,1,-1,1,1,1,1,-1,1,-1,1,1,1,1,0,-1,-1,1,1,0,1,1,1,1,-1,1,0,-1,1,0,1,0
UCI327-00913,1,1,1,1,1,-1,0,0,-1,1,1,1,1,-1,0,1,1,1,0,1,1,1,1,1,-1,-1,-1,1,1,1,1
UCI327-01612,1,-1,1,1,1,-1,0,-1,-1,1,1,1,1,0,0,-1,1,1,0,1,1,1,1,-1,-1,1,-1,1,0,1,1
UCI327-05146,1,-1,1,1,1,-1,0,1,-1,1,1,1,-1,0,0,1,1,1,1,1,1,1,1,-1,1,1,1,1,0,1,0
UCI327-06730,1,-1,1,1,1,1,0,1,1,1,1,1,-1,1,0,1,1,1,0,1,1,1,1,-1,1,1,-1,1,0,1,0
UCI327-00902,1,-1,1,1,1,-1,-1,-1,-1,1,1,1,1,0,-1,-1,1,1,0,1,1,1,1,1,-1,-1,-1,1,1,1,1
UCI327-08203,1,-1,1,1,1,-1,1,1,-1,-1,-1,1,1,0,0,-1,-1,1,0,1,1,-1,1,1,1,-1,-1,1,0,1,0
UCI327-08505,1,-1,1,1,1,-1,0,1,-1,1,1,1,1,0,0,-1,1,1,0,1,1,1,1,-1,1,-1,-1,1,0,1,0
UCI327-09685,1,-1,1,1,1,-1,1,1,1,1,1,1,-1,0,0,-1,1,1,0,1,1,1,1,1,1,0,-1,1,1,1,0
UCI327-01501,1,-1,1,1,1,-1,-1,-1,-1,-1,-1,1,1,0,-1,-1,-1,1,0,1,1,-1,1,1,1,1,-1,-1,0,1,0
UCI327-09547,-1,-1,1,-1,1,-1,0,-1,1,-1,-1,1,-1,-1,0,-1,-1,1,0,-1,1,-1,-1,1,1,0,-1,-1,1,1,1
UCI327-05836,-1,-1,1,1,1,-1,0,-1,-1,1,1,1,1,-1,-1,-1,1,1,0,1,1,1,1,-1,1,1,-1,1,1,1,1
UCI327-05530,1,-1,1,1,1,-1,0,-1,1,1,1,1,-1,1,-1,-1,1,1,1,1,1,1,1,-1,1,-1,1,1,1,1,1
UCI327-07585,-1,-1,1,-1,1,-1,1,-1,-1,1,1,-1,-1,-1,1,-1,1,-1,1,1,1,1,1,-1,1,0,1,1,-1,1,1
UCI327-10433,1,-1,1,1,1,-1,-1,-1,-1,1,1,-1,-1,-1,0,0,1,1,0,1,1,1,1,-1,1,0,-1,1,0,1,1
UCI327-05639,-1,-1,-1,-1,-1,-1,0,-1,1,-1,1,-1,-1,-1,1,-1,1,-1,1,-1,1,-1,-1,-1,-1,-1,-1,1,1,1,1
UCI327-00565,1,-1,1,1,1,-1,1,1,-1,1,1,1,1,0,-1,-1,1,1,0,1,1,1,1,1,1,1,-1,1,0,1,0
UCI327-09819,-1,-1,1,1,1,-1,1,1,1,1,1,1,1,0,-1,-1,1,1,0,1,1,1,1,-1,1,0,-1,1,0,1,1
UCI327-00405,1,-1,1,1,1,1,0,1,-1,1,1,1,1,1,1,-1,1,1,0,1,1,1,1,-1,1,1,-1,1,0,1,0
UCI327-09925,-1,1,-1,1,-1,-1,0,1,-1,1,1,-1,1,0,0,-1,1,-1,1,1,1,1,1,1,-1,1,1,1,1,1,1
UCI327-09250,1,-1,1,1,1,-1,0,-1,1,1,1,1,1,0,-1,-1,1,1,0,1,1,1,1,1,1,0,-1,1,0,-1,1
UCI327-01016,1,-1,1,1,1,-1,-1,-1,1,1,1,1,1,-1,0,-1,1,1,0,1,1,1,1,-1,-1,0,-1,1,0,1,1
UCI327-00944,1,-1,1,-1,1,-1,-1,1,1,1,1,1,-1,1,1,-1,1,1,0,1,1,1,1,-1,1,1,-1,-1,0,1,0
UCI327-00355,1,-1,1,1,1,-1,1,1,-1,-1,-1,1,1,0,1,-1,-1,1,0,1,1,-1,1,1,-1,0,-1,1,1,1,1
UCI327-07309,-1,-1,1,1,1,-1,-1,1,-1,-1,1,1,1,0,-1,-1,1,1,0,1,1,-1,1,-1,1,1,-1,1,1,1,0
UCI327-06582,1,-1,1,-1,1,-1,1,1,-1,-1,-1,1,1,1,-1,-1,-1,1,1,-1,1,-1,1,-1,1,1,1,1,0,1,0
UCI327-09922,1,-1,1,1,1,-1,0,1,-1,1,1,1,1,0,-1,-1,1,1,0,1,1,1,1,1,1,0,-1,-1,0,1,1
UCI327-08400,1,-1,1,-1,1,-1,1,1,-1,-1,-1,1,1,1,0,1,-1,1,0,-1,-1,-1,-1,1,1,-1,-1,1,0,1,0
UCI327-00573,1,-1,1,1,1,-1,-1,-1,1,-1,-1,1,-1,0,0,-1,-1,1,0,1,1,-1,1,-1,1,-1,-1,-1,0,-1,1
UCI327-09068,-1,-1,1,1,1,-1,-1,0,1,1,1,1,-1,1,-1,-1,1,1,0,1,1,1,1,1,1,1,-1,-1,1,1,1
UCI327-08242,1,-1,-1,-1,-1,1,1,1,-1,1,1,-1,-1,1,0,1,-1,-1,0,1,1,1,1,1,1,1,-1,1,1,1,0
UCI327-09093,1,-1,1,-1,1,-1,0,1,1,1,1,-1,-1,0,-1,-1,1,-1,0,1,1,1,1,1,1,1,-1,1,1,1,1
UCI327-05314,1,0,1,1,1,-1,0,-1,1,1,1,1,-1,0,-1,-1,1,1,1,-1,1,1,1,-1,1,0,1,1,-1,-1,1
UCI327-01406,1,-1,1,1,1,-1,-1,1,-1,1,1,1,1,0,0,-1,1,1,0,1,1,1,1,1,1,1,1,-1,0,1,0
UCI327-07331,-1,-1,1,1,1,-1,1,1,1,1,1,1,1,0,0,0,1,1,0,1,1,1,1,-1,1,-1,-1,1,1,1,0
UCI327-02324,1,-1,1,1,1,-1,1,1,-1,1,1,1,1,0,-1,-1,1,1,0,1,1,1,1,1,-1,0,-1,1,1,1,0
UCI327-02785,1,-1,1,-1,1,-1,0,1,1,1,1,1,-1,-1,0,-1,1,1,0,1,1,1,1,1,-1,-1,-1,1,0,-1,1
UCI327-10874,1,-1,1,1,1,-1,0,1,1,1,1,1,1,0,-1,-1,-1,1,0,1,1,1,1,1,1,0,-1,1,1,1,1
UCI327-09527,-1,-1,1,-1,1,-1,0,-1,-1,-1,-1,1,1,0,-1,-1,-1,1,0,1,1,-1,1,1,1,1,-1,-1,0,1,1
UCI327-00331,-1,-1,-1,1,-1,-1,0,1,1,1,1,-1,-1,1,-1,-1,1,-1,1,1,1,1,1,-1,-1,1,-1,1,1,-1,0
UCI327-07798,-1,-1,1,1,1,-1,0,-1,1,1,1,1,1,0,-1,-1,1,1,1,1,1,1,1,-1,1,0,-1,1,0,1,1
UCI327-03411,-1,-1,-1,1,-1,-1,0,-1,1,-1,-1,-1,-1,-1,1,-1,-1,-1,1,1,1,-1,-1,-1,-1,1,-1,1,1,-1,1
UCI327-10413,1,1,1,1,1,-1,1,1,-1,1,1,1,1,0,0,-1,1,1,0,1,1,1,1,1,1,-1,1,1,0,1,0
UCI327-09045,1,1,1,-1,1,-1,1,1,-1,-1,-1,1,1,0,0,0,-1,1,0,-1,1,-1,-1,1,1,1,1,1,1,1,0
UCI327-03532,1,0,1,1,1,-1,-1,-1,1,-1,1,1,-1,-1,0,-1,1,1,0,-1,1,-1,1,-1,1,0,1,1,0,1,1
UCI327-09939,1,-1,1,-1,1,-1,-1,1,1,-1,-1,1,-1,0,0,0,-1,1,0,-1,1,-1,-1,1,1,1,-1,1,0,1,0
UCI327-09596,-1,-1,1,1,1,-1,0,-1,1,1,1,1,-1,0,0,-1,1,1,0,1,1,1,1,1,1,1,-1,1,1,1,1
UCI327-00778,1,-1,1,1,1,1,1,1,1,-1,-1,1,-1,1,0,-1,-1,1,0,-1,1,-1,-1,1,1,1,-1,1,0,-1,0
UCI327-07598,1,-1,1,-1,1,-1,0,1,-1,-1,-1,1,1,1,1,-1,1,-1,0,-1,1,-1,1,-1,1,1,-1,1,1,1,0
UCI327-05329,-1,-1,1,-1,1,1,0,1,1,1,1,1,-1,0,1,-1,1,1,0,1,1,1,1,-1,1,-1,-1,1,1,1,0
UCI327-05796,-1,-1,1,1,1,-1,1,1,-1,-1,1,1,1,0,-1,0,1,1,1,-1,1,-1,1,-1,1,1,1,1,1,1,0
UCI327-00876,-1,-1,-1,1,-1,1,-1,1,-1,1,1,-1,1,1,-1,-1,1,-1,1,1,1,1,1,1,-1,1,-1,1,1,1,0
UCI327-05669,1,-1,1,-1,1,-1,0,0,1,-1,-1,1,-1,-1,1,-1,-1,1,1,1,1,-1,1,-1,1,-1,-1,1,0,-1,1
UCI327-00499,1,-1,1,1,1,-1,0,1,1,1,1,1,-1,0,0,-1,1,1,0,1,1,1,1,1,1,1,-1,1,1,1,0
UCI327-08987,-1,-1,1,1,1,-1,0,-1,1,1,1,1,1,-1,0,-1,1,1,0,1,1,1,1,1,1,1,-1,1,0,1,1
UCI327-07357,1,-1,1,1,1,-1,1,1,-1,1,1,1,-1,0,-1,0,-1,1,0,1,1,1,1,-1,1,-1,-1,1,0,1,0
UCI327-00774,1,1,1,1,1,-1,0,1,-1,1,1,1,1,0,1,1,1,1,0,1,1,1,1,-1,1,1,-1,1,0,1,0
UCI327-00677,1,-1,1,1,1,-1,-1,-1,-1,-1,-1,1,1,-1,-1,-1,-1,1,0,1,1,1,1,-1,-1,1,-1,1,1,-1,1
UCI327-09389,-1,-1,1,1,1,-1,1,1,1,1,1,1,-1,0,0,0,1,1,0,1,1,1,1,1,1,0,-1,-1,1,1,0
UCI327-09958,-1,-1,1,1,1,-1,0,-1,-1,1,1,-1,1,0,-1,-1,1,1,0,1,1,1,1,1,1,0,-1,1,0,1,1
UCI327-08698,-1,-1,1,1,1,1,-1,1,1,1,1,1,-1,1,0,-1,1,1,0,1,1,1,1,1,1,1,-1,1,1,1,0
UCI327-02097,1,1,1,1,1,-1,0,-1,1,1,1,1,-1,0,-1,1,1,1,0,1,1,1,1,-1,1,0,-1,1,0,1,1
UCI327-02522,1,1,1,1,1,1,0,1,-1,1,1,1,1,0,0,-1,1,1,0,1,1,1,1,1,-1,1,1,1,0,1,0
UCI327-10126,-1,-1,1,1,1,-1,1,1,1,-1,1,1,-1,1,0,1,1,1,0,1,1,-1,-1,-1,1,0,-1,-1,1,1,0
UCI327-07350,1,1,1,1,1,-1,1,1,-1,1,1,1,1,1,0,0,1,1,0,1,1,1,1,1,1,1,1,1,0,1,0
UCI327-10113,1,-1,1,1,1,1,1,1,-1,1,1,1,1,1,1,1,1,1,0,1,1,1,1,-1,1,0,-1,1,0,1,0
UCI327-00018,1,1,1,1,1,-1,-1,1,1,1,1,-1,-1,0,-1,-1,-1,-1,0,1,1,1,1,1,-1,-1,1,1,-1,-1,0
UCI327-01349,1,-1,1,1,1,1,0,1,-1,1,1,1,1,1,0,-1,1,1,0,1,1,1,1,-1,-1,1,1,-1,0,1,0
UCI327-01519,-1,1,-1,1,-1,1,0,-1,-1,1,1,-1,1,1,1,1,1,-1,1,1,1,1,1,1,-1,1,-1,1,1,-1,0
UCI327-06457,-1,-1,1,1,1,-1,0,-1,1,1,1,1,-1,0,-1,-1,1,1,0,1,1,1,1,-1,1,1,1,1,0,1,1
UCI327-08322,-1,-1,1,-1,1,-1,-1,-1,-1,-1,-1,-1,-1,-1,1,-1,-1,1,0,-1,1,-1,-1,1,1,1,-1,1,0,1,1
UCI327-00689,1,-1,1,1,1,-1,0,0,1,-1,-1,1,-1,-1,1,-1,-1,1,0,1,1,-1,1,1,1,-1,-1,1,0,-1,1
UCI327-05867,-1,-1,1,1,1,-1,-1,1,1,1,1,1,-1,0,0,0,1,1,0,1,1,1,1,-1,1,1,1,1,0,1,0
UCI327-02948,-1,-1,-1,1,-1,-1,-1,-1,-1,-1,-1,-1,-1,-1,1,-1,-1,-1,1,-1,-1,-1,-1,1,-1,1,1,1,1,-1,1
UCI327-05446,-1,1,1,1,1,-1,-1,1,-1,1,1,1,1,0,1,1,1,1,0,1,1,1,1,1,1,1,1,1,-1,1,0
UCI327-06130,-1,-1,1,1,1,-1,0,-1,-1,1,1,1,1,-1,0,-1,1,1,0,1,1,1,1,-1,1,-1,1,1,1,-1,1
UCI327-10247,1,-1,1,1,1,-1,1,1,1,1,1,1,-1,0,0,0,1,1,0,1,1,1,1,-1,1,0,-1,1,1,1,0
UCI327-10312,1,-1,1,1,1,-1,1,-1,-1,1,1,1,1,1,1,1,1,1,0,1,1,1,1,1,1,0,-1,1,0,1,0
UCI327-09915,-1,1,1,1,1,-1,1,1,-1,-1,-1,1,1,0,-1,-1,-1,1,0,-1,1,-1,-1,-1,1,0,1,1,-1,1,0
UCI327-00344,1,-1,1,1,1,-1,0,1,1,1,1,1,-1,0,1,-1,1,1,0,1,1,1,1,-1,-1,1,-1,1,1,1,0
UCI327-06817,-1,-1,1,1,1,-1,-1,-1,1,1,1,1,-1,-1,-1,-1,1,1,0,1,1,1,1,-1,1,-1,-1,1,0,1,1
UCI327-08901,1,-1,1,1,1,-1,-1,-1,-1,1,1,1,1,-1,0,-1,1,1,0,1,1,1,1,1,1,0,-1,1,0,1,1
UCI327-07000,-1,-1,1,1,1,-1,0,-1,-1,1,1,1,1,0,-1,0,1,1,0,1,1,1,1,-1,1,-1,1,1,1,1,1
UCI327-05289,1,1,1,-1,1,1,-1,1,-1,-1,-1,-1,1,1,-1,-1,-1,1,0,1,1,-1,-1,1,1,1,-1,1,0,1,0
UCI327-10387,1,-1,1,1,1,-1,1,-1,1,1,1,1,-1,0,-1,-1,1,1,0,1,1,1,1,1,1,-1,-1,1,0,1,0
UCI327-00030,1,-1,1,1,1,-1,-1,1,-1,1,1,-1,1,0,1,-1,1,1,0,1,1,1,1,-1,-1,-1,-1,1,0,1,0
UCI327-06380,-1,-1,1,-1,1,-1,-1,-1,1,-1,-1,-1,-1,-1,0,-1,-1,-1,0,-1,1,-1,1,-1,1,0,-1,1,0,1,1
UCI327-09473,1,-1,1,1,1,-1,-1,-1,-1,1,1,1,1,1,-1,-1,1,1,0,1,1,1,1,1,1,1,-1,-1,0,1,1
UCI327-01752,1,-1,1,1,1,-1,-1,1,-1,1,1,1,1,1,0,-1,1,1,0,1,1,1,1,1,1,1,1,-1,0,1,0
UCI327-06371,-1,-1,1,1,1,-1,0,-1,-1,1,1,1,1,0,0,-1,-1,1,0,1,1,1,1,-1,1,1,1,1,0,1,1
UCI327-00054,1,-1,1,1,1,-1,0,-1,1,-1,-1,-1,-1,-1,0,-1,-1,-1,0,-1,1,-1,1,-1,-1,0,-1,1,0,-1,1
UCI327-08413,-1,-1,1,1,1,1,-1,1,1,1,1,1,-1,1,1,-1,1,1,0,1,1,1,1,1,1,1,-1,1,1,1,0
UCI327-06382,-1,-1,1,1,1,-1,-1,-1,-1,1,1,-1,-1,0,-1,-1,1,1,0,1,1,1,1,-1,1,1,1,1,0,1,1
UCI327-08407,1,-1,1,1,1,-1,1,1,-1,1,1,1,1,1,0,-1,1,-1,0,1,1,1,1,-1,1,0,-1,1,0,1,0
UCI327-06623,1,1,1,1,1,1,-1,1,-1,1,1,1,1,0,-1,-1,1,1,0,1,1,1,1,1,1,0,1,1,0,1,0
UCI327-06077,1,-1,1,1,1,-1,1,1,-1,1,1,1,1,0,0,-1,-1,1,0,1,1,1,1,-1,1,1,-1,1,-1,1,0
UCI327-09154,1,-1,1,1,1,-1,1,1,-1,1,1,1,-1,0,-1,1,1,1,0,1,1,1,1,1,1,1,-1,1,0,1,0
UCI327-05602,1,-1,1,1,1,-1,0,1,1,1,1,1,-1,0,-1,-1,1,1,0,1,1,1,1,-1,1,0,-1,1,0,-1,1
UCI327-08245,-1,1,1,1,1,-1,-1,-1,-1,1,-1,1,-1,-1,1,-1,1,-1,0,1,1,-1,1,1,1,1,-1,-1,0,1,1
UCI327-00369,1,-1,1,1,1,-1,-1,-1,1,1,1,1,1,-1,0,-1,1,1,0,1,1,1,1,-1,-1,-1,-1,1,0,1,1
UCI327-05859,-1,-1,1,1,1,1,-1,1,-1,1,1,1,1,0,0,-1,1,1,0,1,1,1,1,-1,1,1,-1,1,-1,1,0
UCI327-09306,-1,-1,1,1,1,-1,-1,0,-1,1,1,1,1,-1,-1,-1,1,1,0,1,1,1,1,1,1,0,-1,1,1,1,1
UCI327-00166,-1,-1,-1,1,-1,-1,-1,1,1,1,1,-1,-1,0,1,-1,1,1,1,1,1,1,1,1,-1,1,-1,1,1,1,0
UCI327-09143,-1,-1,1,1,-1,-1,1,0,-1,1,1,-1,-1,0,-1,-1,1,1,1,1,1,1,1,1,1,1,-1,1,0,1,1
UCI327-06535,-1,-1,1,1,1,-1,0,1,-1,1,1,1,-1,0,1,1,1,1,0,1,1,1,1,-1,1,1,-1,1,1,1,0
UCI327-06080,-1,-1,-1,1,-1,-1,0,1,-1,1,1,-1,1,0,1,1,1,-1,0,1,1,1,1,-1,-1,1,-1,-1,1,1,0
UCI327-01092,-1,-1,-1,1,-1,-1,0,0,-1,1,1,-1,-1,-1,1,-1,1,-1,1,1,1,1,1,1,-1,-1,-1,1,0,1,1
UCI327-02481,1,-1,1,-1,1,-1,-1,-1,1,1,1,1,-1,-1,-1,-1,1,1,0,1,1,1,1,1,1,-1,1,1,1,1,1
UCI327-02598,1,-1,1,1,1,-1,0,1,1,1,1,1,-1,1,0,-1,1,1,0,-1,1,1,1,-1,1,1,-1,1,0,1,0
UCI327-01946,1,-1,1,1,1,-1,-1,1,1,1,1,1,-1,0,-1,-1,1,1,0,1,1,1,1,-1,1,0,-1,1,0,1,1
UCI327-06528,-1,-1,1,-1,1,-1,1,-1,1,-1,-1,1,-1,-1,0,-1,-1,1,1,-1,1,-1,-1,-1,1,0,-1,1,1,1,1
UCI327-09460,1,1,1,-1,1,-1,0,1,-1,-1,-1,1,1,0,1,-1,-1,1,0,-1,-1,-1,-1,1,1,1,1,1,1,1,0
UCI327-08641,-1,-1,1,-1,1,-1,1,1,-1,-1,-1,1,-1,0,0,0,-1,1,0,-1,-1,-1,-1,1,1,1,-1,1,1,1,0
UCI327-06202,1,0,1,1,1,-1,0,-1,1,-1,1,1,-1,-1,0,1,1,1,0,-1,1,-1,1,-1,1,0,1,1,0,1,1
UCI327-08737,1,-1,1,-1,1,-1,0,0,1,-1,-1,1,1,-1,-1,-1,-1,1,0,-1,1,-1,-1,1,1,1,-1,-1,0,1,1
UCI327-00123,1,-1,1,1,1,-1,-1,1,-1,1,1,1,-1,0,-1,-1,-1,1,0,1,1,1,1,1,1,-1,-1,1,0,1,0
UCI327-05398,1,-1,1,-1,1,-1,0,0,-1,1,1,1,-1,-1,0,-1,1,1,0,1,1,1,-1,-1,1,-1,-1,1,0,-1,1
UCI327-00512,1,-1,1,1,1,-1,-1,-1,-1,1,1,1,-1,0,0,-1,1,1,0,1,1,1,1,-1,-1,0,-1,1,0,1,1
UCI327-06521,-1,-1,1,1,1,-1,1,1,-1,-1,-1,1,-1,1,0,-1,-1,1,0,1,1,-1,-1,-1,1,1,1,1,0,1,0
UCI327-10962,-1,1,1,1,1,-1,-1,0,-1,1,1,1,-1,-1,-1,-1,1,1,0,1,1,1,1,1,1,0,1,-1,1,1,1
UCI327-05208,-1,-1,1,-1,-1,-1,0,-1,1,-1,-1,1,-1,-1,0,0,-1,1,0,-1,1,-1,-1,-1,1,-1,1,1,0,-1,1
UCI327-09337,1,1,1,1,1,-1,1,1,-1,1,1,1,1,1,1,1,1,1,0,1,1,1,1,-1,1,0,1,-1,0,1,0
UCI327-01316,1,-1,1,1,1,1,1,1,-1,1,1,1,1,1,1,-1,1,1,0,1,1,1,1,1,1,1,-1,-1,0,1,0
UCI327-00694,1,1,1,-1,1,-1,-1,-1,-1,1,1,1,1,-1,0,1,1,1,0,1,1,1,1,-1,-1,-1,-1,1,0,1,1
UCI327-06613,1,-1,1,1,1,-1,0,-1,1,1,1,1,1,-1,-1,-1,1,1,1,1,1,1,1,-1,1,-1,1,1,0,1,1
UCI327-08831,1,-1,1,1,1,-1,-1,1,1,1,1,1,-1,0,0,1,1,1,0,1,1,1,1,1,1,1,-1,1,0,-1,0
UCI327-05161,1,-1,1,1,1,-1,0,-1,1,1,1,1,-1,0,-1,-1,-1,1,0,1,-1,1,1,-1,1,1,1,1,0,-1,1
UCI327-09996,-1,-1,1,-1,1,-1,1,1,-1,-1,-1,1,1,0,0,1,-1,1,0,-1,1,-1,-1,-1,1,1,-1,1,1,1,0
UCI327-00642,-1,-1,-1,1,-1,-1,0,1,1,1,1,-1,-1,1,0,-1,1,-1,1,1,1,1,1,-1,-1,1,-1,1,1,1,0
UCI327-00997,1,-1,1,1,1,-1,-1,-1,-1,1,1,1,-1,-1,-1,-1,1,1,0,1,1,1,1,1,-1,-1,-1,1,0,1,1
UCI327-05795,-1,-1,1,-1,1,-1,1,1,-1,-1,-1,1,1,-1,1,-1,-1,1,0,-1,1,-1,-1,-1,1,1,-1,1,1,1,0
UCI327-09947,-1,-1,1,1,1,-1,1,1,-1,1,1,1,-1,0,0,0,1,1,0,1,1,1,1,-1,1,0,-1,1,0,1,0
UCI327-00939,1,-1,1,1,1,1,0,1,-1,-1,-1,1,-1,1,1,-1,-1,1,0,-1,1,-1,-1,-1,-1,1,-1,1,1,-1,0
UCI327-01051,1,-1,1,-1,1,1,-1,1,1,1,1,1,-1,1,1,-1,1,1,0,1,1,1,1,-1,1,1,-1,1,0,1,0
UCI327-06782,-1,-1,1,-1,1,-1,0,1,-1,-1,1,1,1,0,0,-1,-1,-1,0,-1,1,-1,1,-1,1,0,-1,1,-1,1,0
UCI327-10917,1,-1,1,1,-1,-1,-1,0,-1,1,1,-1,-1,-1,1,-1,1,1,0,1,1,1,1,1,1,0,-1,1,0,1,1
UCI327-08285,1,-1,1,1,1,-1,0,1,1,1,1,1,-1,0,0,1,1,1,0,1,1,1,1,1,1,1,-1,1,0,1,0
UCI327-08312,-1,-1,-1,-1,-1,-1,-1,1,1,-1,-1,-1,-1,-1,1,-1,-1,-1,0,-1,-1,-1,-1,1,-1,-1,-1,1,1,1,1
UCI327-10727,-1,-1,1,1,1,1,1,1,1,1,1,1,-1,1,-1,1,1,1,0,1,1,1,1,1,1,1,-1,1,1,1,0
UCI327-08643,1,-1,1,1,1,-1,0,1,1,1,1,1,-1,0,-1,-1,1,1,0,1,1,1,1,1,1,0,-1,1,0,1,1
UCI327-05408,1,-1,1,1,1,-1,-1,1,-1,1,1,1,-1,0,1,1,1,1,0,1,1,1,1,-1,1,1,1,1,0,1,0
UCI327-09028,1,1,1,-1,1,-1,1,1,-1,-1,-1,1,1,0,0,1,-1,1,0,1,1,1,1,1,1,-1,1,1,0,1,0
UCI327-08331,-1,-1,1,1,1,-1,-1,-1,-1,-1,1,1,-1,-1,1,-1,1,1,0,1,1,-1,1,1,1,1,-1,-1,0,1,1
UCI327-10820,1,-1,1,1,1,-1,1,-1,-1,1,1,1,1,1,0,-1,1,1,0,1,1,1,1,-1,1,1,-1,1,0,1,0
UCI327-11000,1,-1,1,1,1,-1,0,1,1,1,1,1,1,0,0,-1,1,1,0,1,1,1,1,1,1,1,-1,1,1,1,0
UCI327-02534,1,1,1,1,1,-1,0,-1,-1,1,1,1,-1,-1,-1,-1,1,-1,0,1,1,-1,1,-1,-1,-1,-1,1,0,1,1
UCI327-00869,1,1,1,1,1,-1,0,-1,1,1,1,1,-1,0,-1,1,1,1,0,1,1,1,1,-1,-1,0,-1,1,0,1,1
UCI327-08669,-1,1,-1,-1,-1,-1,1,1,-1,1,1,-1,1,0,0,0,1,-1,1,1,1,1,1,-1,-1,-1,1,1,1,1,0
UCI327-05705,-1,-1,1,1,1,1,-1,1,-1,-1,1,-1,1,1,-1,-1,-1,1,0,1,-1,-1,-1,-1,1,1,-1,1,1,1,0
UCI327-05234,1,1,1,1,1,-1,0,1,-1,1,1,1,1,0,-1,0,1,1,0,1,1,1,1,1,1,1,1,1,0,1,0
UCI327-06157,1,-1,1,1,1,1,0,1,-1,-1,1,1,1,1,0,-1,1,1,1,1,1,-1,1,-1,1,1,-1,1,0,1,0
UCI327-07211,-1,-1,1,1,1,-1,1,1,-1,1,1,1,1,1,-1,1,1,1,0,1,1,1,1,-1,1,0,1,1,1,1,0
UCI327-06483,1,-1,1,1,1,1,0,1,-1,1,1,-1,1,1,0,-1,1,1,0,1,1,1,1,-1,1,1,1,1,0,1,0
UCI327-05688,-1,-1,1,1,1,1,1,1,-1,1,1,1,1,0,-1,-1,1,1,0,1,1,1,1,-1,1,1,-1,1,1,1,0
UCI327-05282,1,-1,1,1,1,1,1,1,1,1,1,1,-1,0,-1,-1,1,1,0,1,1,1,1,-1,1,-1,-1,1,1,1,0
UCI327-05476,1,-1,1,-1,-1,-1,1,1,-1,1,1,1,1,1,0,1,1,1,1,1,1,1,1,-1,1,1,-1,1,0,1,0
UCI327-01067,1,-1,1,1,1,-1,-1,1,-1,-1,-1,1,1,0,1,-1,-1,1,0,-1,1,-1,-1,1,-1,1,-1,1,1,-1,0
UCI327-00773,1,-1,1,1,1,-1,0,-1,-1,1,1,1,-1,-1,0,-1,1,1,0,1,1,1,1,-1,-1,1,-1,-1,0,1,1
UCI327-05817,-1,-1,1,1,-1,-1,0,-1,1,1,1,1,-1,-1,-1,0,1,1,0,1,1,1,1,-1,1,-1,1,1,-1,-1,1
UCI327-06708,1,-1,1,1,1,-1,1,1,-1,-1,1,1,1,0,1,-1,1,1,0,1,1,-1,1,-1,1,0,-1,1,0,1,0
UCI327-06306,1,-1,1,-1,1,1,1,1,-1,-1,-1,1,-1,1,-1,-1,-1,1,0,1,1,-1,1,-1,1,1,-1,1,0,1,0
UCI327-02531,1,-1,-1,1,-1,1,1,1,1,1,1,-1,-1,1,0,-1,-1,-1,0,1,1,1,1,1,1,1,1,1,1,-1,0
UCI327-08246,1,1,-1,-1,-1,1,-1,1,-1,1,1,-1,1,0,0,1,-1,-1,0,1,1,1,1,1,1,-1,1,1,1,1,0
UCI327-02196,1,1,1,1,1,-1,0,0,-1,1,1,1,1,-1,-1,1,1,1,0,1,1,1,1,1,-1,-1,-1,1,1,1,1
UCI327-10102,1,1,-1,-1,-1,1,0,-1,-1,-1,-1,-1,1,1,1,-1,-1,-1,1,1,-1,-1,-1,1,-1,0,1,-1,1,1,0
UCI327-08494,1,1,-1,-1,-1,-1,1,-1,-1,1,1,-1,1,1,1,-1,1,-1,1,-1,1,-1,1,1,-1,1,1,1,0,1,1
UCI327-07125,1,-1,1,1,1,1,0,-1,1,1,1,1,-1,0,-1,-1,1,1,0,1,1,1,1,-1,1,-1,-1,1,1,1,0
UCI327-01856,1,-1,1,1,1,-1,0,-1,1,1,1,1,-1,-1,0,-1,1,1,0,1,1,1,1,-1,1,0,-1,1,0,1,1
UCI327-02206,1,-1,1,1,1,-1,-1,-1,-1,1,1,1,-1,0,0,-1,1,1,0,1,1,1,1,-1,1,1,-1,1,0,1,1
UCI327-00844,1,-1,1,1,1,-1,-1,1,-1,1,1,1,1,1,1,-1,1,1,0,1,1,1,1,1,-1,1,-1,1,1,1,0
UCI327-10300,1,-1,1,1,1,-1,-1,-1,-1,1,1,1,1,-1,-1,-1,1,1,0,1,1,1,1,1,1,0,-1,1,0,1,1
UCI327-09282,-1,1,1,-1,1,-1,0,1,-1,-1,1,1,1,0,1,-1,1,-1,0,-1,1,-1,1,1,1,1,1,1,-1,1,1
UCI327-07928,-1,1,1,1,1,-1,0,0,-1,1,1,1,1,-1,0,-1,1,1,0,1,1,1,1,1,1,-1,-1,1,0,1,1
UCI327-01063,1,-1,1,1,1,-1,-1,-1,-1,1,1,1,-1,-1,0,-1,1,1,0,1,1,1,1,-1,-1,-1,-1,-1,0,1,1
UCI327-01542,1,1,1,1,1,-1,-1,1,-1,1,1,1,1,0,0,1,1,1,0,1,1,1,1,-1,1,1,-1,1,0,1,0
UCI327-08929,1,-1,-1,1,-1,-1,-1,0,1,1,1,-1,-1,-1,1,-1,1,-1,1,1,1,1,1,1,-1,0,-1,1,0,1,1
UCI327-06396,-1,-1,1,1,1,-1,0,1,-1,1,1,1,1,0,-1,1,1,1,0,1,1,1,1,-1,1,1,-1,1,1,1,0
UCI327-08310,1,-1,1,1,1,-1,1,1,-1,1,1,1,1,0,-1,1,1,1,0,1,1,1,1,-1,1,1,-1,1,0,1,0
UCI327-06436,1,1,1,1,1,-1,-1,1,-1,1,1,1,1,0,1,-1,1,1,0,1,1,1,1,1,1,1,-1,1,0,-1,0
UCI327-10531,-1,-1,1,-1,1,-1,1,1,-1,-1,-1,1,1,0,-1,1,-1,1,0,-1,1,-1,-1,-1,1,1,-1,1,1,1,0
UCI327-06818,-1,-1,-1,-1,-1,-1,1,-1,1,-1,-1,-1,-1,-1,-1,-1,-1,-1,0,-1,1,-1,-1,-1,-1,1,1,-1,1,1,1
UCI327-08121,1,1,1,1,1,-1,-1,1,-1,1,1,1,1,0,0,0,1,1,0,1,1,1,1,1,1,1,1,1,0,1,0
UCI327-06317,-1,-1,1,1,1,-1,0,-1,-1,1,1,1,-1,-1,-1,-1,1,1,1,1,1,1,1,-1,1,0,-1,1,0,-1,1
UCI327-05306,1,-1,1,1,1,-1,0,-1,-1,1,1,1,1,1,0,-1,1,1,0,1,1,1,1,-1,1,1,1,1,0,1,0
UCI327-01807,1,-1,1,1,1,-1,1,1,1,1,1,1,1,0,1,-1,1,1,0,1,1,1,1,1,1,1,1,-1,0,1,0
UCI327-00730,1,-1,1,1,1,-1,1,1,1,1,1,1,-1,0,-1,-1,1,1,0,1,1,1,1,1,1,-1,1,1,0,1,0
UCI327-08424,-1,-1,1,1,1,-1,-1,1,-1,1,1,1,1,-1,-1,-1,1,1,0,1,1,1,1,1,1,1,-1,-1,0,1,1
UCI327-00435,-1,-1,-1,1,-1,1,-1,1,1,1,1,-1,-1,1,1,-1,1,-1,1,1,1,1,1,1,-1,1,-1,1,1,1,0
UCI327-09221,1,0,1,1,1,-1,0,-1,1,-1,1,1,-1,-1,0,1,1,1,0,-1,1,-1,1,1,1,1,-1,1,0,1,1
UCI327-05214,1,-1,1,1,1,-1,1,1,-1,1,1,1,-1,1,-1,-1,1,1,0,1,1,1,1,-1,1,-1,-1,1,0,1,0
UCI327-10528,-1,-1,-1,-1,-1,-1,1,-1,1,1,1,-1,-1,-1,1,-1,1,-1,0,-1,1,-1,-1,1,1,0,-1,-1,1,1,1
UCI327-06913,-1,-1,-1,1,-1,-1,0,0,1,1,1,-1,-1,-1,1,-1,1,-1,0,1,1,1,1,-1,-1,-1,-1,-1,0,1,1
UCI327-06993,1,-1,1,1,1,-1,0,1,-1,1,1,-1,1,0,-1,-1,1,1,0,1,1,1,1,-1,1,0,1,1,0,1,1
UCI327-10178,-1,-1,1,1,1,-1,-1,-1,1,1,1,1,1,-1,-1,-1,1,1,0,1,1,1,1,1,1,0,-1,1,0,1,1
UCI327-09357,1,-1,1,1,1,-1,-1,1,1,1,1,1,-1,-1,-1,-1,1,1,0,1,1,1,1,1,1,1,-1,1,0,1,1
UCI327-09230,-1,-1,1,1,1,-1,-1,-1,1,1,1,1,-1,-1,-1,-1,1,1,0,1,1,1,1,1,1,1,-1,1,0,1,1
UCI327-10079,1,-1,1,1,1,-1,0,1,1,1,1,1,-1,1,-1,1,1,1,0,1,1,1,1,1,1,1,-1,1,0,1,0
UCI327-05228,1,-1,1,1,1,1,0,1,-1,1,1,1,1,0,-1,-1,1,1,0,1,1,1,1,-1,1,0,1,1,0,1,0
UCI327-09585,1,-1,1,1,1,1,-1,1,1,1,1,1,-1,1,0,-1,1,1,0,1,1,1,1,1,1,1,-1,1,1,1,0
UCI327-09066,1,-1,1,1,1,-1,1,1,-1,1,1,1,-1,0,-1,1,1,1,0,1,1,1,1,1,1,-1,-1,1,0,1,0
UCI327-05492,-1,-1,1,1,1,1,-1,-1,-1,1,1,1,-1,1,1,-1,1,1,0,1,1,1,1,-1,1,1,-1,1,1,1,0
UCI327-06507,-1,-1,1,1,1,-1,1,0,-1,1,1,1,1,0,-1,0,1,1,0,1,1,1,1,-1,1,-1,-1,1,1,1,1
UCI327-06677,-1,-1,1,-1,1,-1,0,-1,1,1,1,-1,-1,-1,-1,-1,1,-1,0,1,1,1,1,-1,1,0,-1,1,1,1,1
UCI327-08984,1,-1,1,-1,1,-1,1,1,-1,-1,-1,1,1,0,-1,-1,-1,1,0,1,1,1,1,1,1,1,-1,1,0,1,0
UCI327-08841,1,-1,1,1,1,-1,0,-1,1,1,1,1,-1,-1,-1,-1,1,1,0,1,1,1,1,1,1,1,-1,-1,0,1,1
UCI327-08419,-1,-1,1,1,1,-1,-1,1,-1,1,1,1,-1,0,-1,1,1,1,0,1,1,1,1,1,1,1,-1,1,1,1,1
UCI327-01827,1,-1,1,1,1,-1,1,-1,-1,1,1,1,1,0,0,-1,1,1,0,1,1,-1,1,1,-1,0,-1,1,1,1,0
UCI327-08720,1,-1,1,1,1,-1,0,-1,1,1,1,1,-1,0,-1,-1,1,1,0,1,1,1,1,1,1,1,-1,-1,0,1,1
UCI327-03466,1,1,1,-1,1,-1,0,-1,-1,1,1,1,1,-1,0,1,1,1,0,1,1,1,1,-1,-1,-1,-1,1,0,1,1
UCI327-02310,1,-1,1,1,1,-1,-1,-1,-1,-1,-1,1,-1,-1,0,-1,-1,1,0,-1,-1,-1,-1,-1,1,0,-1,1,0,-1,1
UCI327-05215,1,-1,1,1,1,-1,0,1,-1,1,1,1,1,1,1,1,1,1,0,1,1,1,1,-1,1,1,1,1,0,1,0
UCI327-09326,-1,-1,-1,-1,-1,1,1,1,-1,1,1,-1,1,1,1,-1,-1,-1,0,1,1,1,1,1,-1,-1,-1,1,0,1,0
UCI327-08856,1,-1,1,1,1,-1,1,1,-1,1,1,1,1,0,1,-1,1,1,0,1,1,1,1,-1,1,0,-1,1,0,1,0
UCI327-06893,1,-1,1,1,1,-1,0,-1,1,1,1,1,-1,0,0,-1,1,1,0,1,1,1,1,-1,1,1,1,1,0,1,1
UCI327-08193,1,1,1,1,1,-1,-1,-1,1,1,1,1,-1,-1,0,1,1,1,0,1,1,1,1,1,1,1,-1,-1,0,-1,1
UCI327-09438,-1,-1,-1,-1,-1,-1,0,1,-1,-1,1,-1,1,-1,1,-1,1,-1,1,1,1,-1,1,1,-1,1,-1,1,1,1,1
UCI327-08583,1,-1,1,1,1,-1,0,1,-1,1,1,1,1,0,-1,-1,1,1,0,1,1,1,1,1,1,-1,-1,-1,0,1,0
UCI327-08015,-1,1,1,1,1,1,0,1,-1,1,1,1,1,1,0,-1,1,1,0,1,1,1,1,1,1,1,1,1,1,1,0
UCI327-08433,-1,1,1,-1,1,-1,1,1,-1,-1,-1,1,1,0,-1,-1,-1,1,0,1,1,-1,1,-1,1,-1,1,1,1,1,0
UCI327-01057,1,1,1,-1,1,-1,-1,1,-1,1,1,1,1,1,1,1,1,1,0,1,1,1,1,1,1,1,-1,1,0,1,0
UCI327-05634,-1,-1,1,-1,1,1,-1,1,-1,-1,-1,1,-1,1,1,-1,-1,1,0,-1,1,-1,-1,-1,1,1,-1,1,1,1,0
UCI327-09425,1,-1,1,1,1,-1,-1,-1,1,1,1,1,1,0,-1,0,1,1,0,1,1,1,1,1,1,1,-1,-1,0,1,1
UCI327-01748,1,1,1,1,1,-1,0,0,-1,1,1,1,1,-1,-1,1,1,1,0,1,1,1,1,1,-1,0,-1,1,0,1,1
UCI327-00240,1,-1,1,1,1,-1,1,1,-1,1,1,1,1,0,1,-1,1,1,0,1,1,1,1,1,1,1,1,1,0,1,0
UCI327-02162,1,-1,1,1,1,-1,-1,1,-1,-1,-1,1,-1,0,1,-1,-1,1,0,-1,1,-1,-1,-1,1,0,-1,1,0,-1,1
UCI327-00551,1,-1,1,1,1,1,-1,1,-1,1,1,1,1,1,0,-1,1,1,0,1,1,1,1,1,1,1,-1,1,0,1,0
UCI327-08544,-1,-1,1,-1,1,-1,-1,-1,-1,1,1,1,1,-1,-1,-1,1,1,0,1,1,1,1,1,1,1,-1,1,0,1,1
UCI327-02467,1,-1,-1,1,1,-1,-1,1,1,1,1,1,1,0,0,-1,1,1,0,1,1,1,1,1,1,1,-1,1,0,-1,0
UCI327-01081,1,-1,1,1,1,-1,1,1,-1,-1,-1,1,1,1,1,-1,-1,1,0,-1,-1,-1,-1,1,-1,1,1,-1,1,-1,0
UCI327-10618,-1,-1,1,1,1,-1,0,0,-1,1,1,1,1,-1,-1,0,1,1,0,1,1,1,1,1,1,0,-1,1,0,-1,1
UCI327-01037,1,1,1,-1,1,-1,0,0,-1,1,1,1,1,-1,0,1,1,1,0,1,1,1,1,1,-1,-1,-1,1,0,1,1
UCI327-10091,1,-1,1,1,1,1,1,1,-1,1,1,1,1,1,0,-1,1,1,0,1,1,1,1,-1,1,0,-1,1,0,1,0
UCI327-05727,-1,-1,1,-1,1,-1,0,1,1,-1,1,1,-1,-1,0,0,1,1,0,1,1,-1,1,-1,1,-1,1,1,0,-1,1
UCI327-06545,1,-1,1,1,1,-1,1,1,-1,1,1,1,-1,1,0,-1,1,1,1,1,1,1,1,-1,1,-1,1,1,1,1,0
UCI327-00567,1,-1,1,1,1,-1,0,-1,1,1,1,1,1,0,-1,-1,1,1,0,1,1,1,1,-1,1,1,-1,1,0,1,0
UCI327-09489,1,-1,1,1,1,-1,1,1,1,1,1,1,1,1,0,1,1,1,0,1,1,1,1,1,1,-1,-1,1,0,1,0
UCI327-05848,-1,-1,1,1,1,-1,0,-1,-1,1,1,1,-1,-1,1,-1,1,1,0,1,1,1,1,-1,1,-1,-1,1,1,-1,1
UCI327-00077,1,-1,1,1,-1,1,1,1,-1,-1,-1,1,1,1,-1,-1,-1,-1,1,-1,1,-1,1,1,-1,1,1,1,1,-1,0
UCI327-10489,-1,1,-1,1,-1,-1,1,0,-1,1,1,-1,1,-1,0,0,1,-1,1,1,1,1,1,1,-1,0,1,1,1,1,1
UCI327-00675,1,-1,1,1,1,1,-1,1,-1,-1,-1,1,1,1,-1,-1,-1,1,0,1,1,-1,1,1,1,1,-1,1,1,-1,0
UCI327-06525,1,-1,-1,1,-1,-1,0,-1,-1,1,1,-1,1,-1,1,-1,1,-1,0,1,1,1,1,-1,-1,-1,-1,-1,0,1,1
UCI327-06061,-1,-1,1,1,1,-1,1,1,-1,1,1,1,-1,0,1,-1,1,1,0,1,1,1,1,-1,1,-1,1,1,1,1,0
UCI327-00192,1,-1,1,1,1,1,1,1,-1,-1,-1,1,1,0,0,-1,-1,1,0,-1,1,-1,1,1,-1,1,-1,1,1,1,0
UCI327-05429,1,-1,1,1,1,-1,0,1,-1,1,1,1,-1,0,0,0,1,1,0,1,1,1,1,-1,1,1,-1,1,0,1,0
UCI327-00468,1,1,1,1,1,-1,-1,1,-1,-1,-1,1,1,0,1,1,-1,1,0,1,1,-1,-1,1,-1,1,-1,1,1,1,0
UCI327-06681,1,-1,1,1,1,-1,0,0,-1,1,1,1,-1,0,-1,-1,1,1,1,1,1,1,1,-1,1,1,-1,1,0,1,1
UCI327-08254,-1,1,1,1,1,-1,-1,-1,-1,1,1,1,-1,-1,1,-1,1,1,0,1,1,1,1,1,1,1,1,1,0,1,1
UCI327-08861,1,-1,1,1,1,-1,1,1,-1,1,1,1,1,0,1,0,1,1,0,1,1,1,1,-1,1,0,-1,1,0,1,0
UCI327-06505,-1,-1,1,-1,1,-1,0,-1,-1,-1,-1,1,1,-1,0,-1,-1,1,1,-1,1,-1,-1,-1,1,-1,-1,1,0,1,1
UCI327-05212,-1,1,1,-1,1,-1,0,1,-1,1,1,1,1,0,-1,-1,1,1,0,1,1,1,1,1,1,1,1,1,1,1,0
UCI327-05489,1,-1,1,1,1,1,1,1,-1,1,1,1,1,1,-1,-1,1,1,0,1,1,-1,1,-1,1,1,1,1,0,1,0
UCI327-08910,-1,-1,1,1,1,-1,0,-1,1,1,1,1,-1,-1,-1,-1,1,1,0,1,1,1,1,1,1,1,-1,1,1,1,1
UCI327-02610,1,-1,1,1,1,-1,-1,1,-1,1,1,1,1,0,1,-1,1,1,0,1,1,1,1,1,1,1,1,1,0,-1,0
UCI327-06330,-1,-1,-1,1,-1,-1,1,1,1,1,1,-1,1,0,1,1,1,-1,1,1,1,1,1,-1,-1,1,-1,-1,1,1,0
UCI327-08972,1,-1,1,1,1,-1,-1,1,1,1,1,1,-1,0,0,1,1,1,0,1,1,1,1,1,1,0,-1,1,0,1,0
UCI327-05303,-1,-1,1,1,1,-1,0,1,-1,1,1,1,1,0,0,0,1,1,0,1,1,1,1,-1,1,1,-1,1,1,1,0
UCI327-06839,-1,-1,1,1,1,-1,1,1,-1,1,1,1,1,1,1,1,1,1,0,1,1,1,1,-1,1,1,1,1,0,1,0
UCI327-09576,-1,-1,1,1,1,-1,1,1,-1,1,1,1,-1,0,1,1,1,1,0,1,1,1,1,-1,1,0,-1,1,0,1,0
UCI327-08975,-1,-1,-1,-1,-1,-1,-1,0,1,-1,-1,-1,-1,-1,1,-1,-1,-1,1,-1,1,-1,1,1,-1,0,-1,1,1,1,1
UCI327-10050,-1,-1,1,1,1,-1,-1,-1,-1,1,1,1,-1,-1,0,-1,1,1,0,1,1,1,1,1,1,1,-1,1,1,-1,1
UCI327-00751,1,-1,1,1,1,-1,-1,-1,-1,1,1,1,-1,0,-1,-1,1,1,0,1,1,1,1,1,1,-1,1,1,0,1,1
UCI327-08313,1,-1,1,-1,1,-1,0,1,-1,-1,1,1,1,0,0,-1,-1,-1,0,-1,1,-1,1,-1,1,1,-1,1,-1,1,0
UCI327-03304,1,-1,1,1,1,-1,-1,-1,1,-1,-1,1,-1,-1,0,-1,-1,1,0,-1,-1,-1,-1,-1,-1,0,-1,1,0,-1,1
UCI327-08453,-1,-1,1,1,1,-1,-1,1,-1,1,1,-1,1,1,1,-1,1,1,0,1,1,1,1,1,1,1,-1,1,1,1,0
UCI327-10960,1,-1,1,1,1,-1,-1,-1,-1,1,1,1,-1,0,-1,1,1,1,0,1,1,1,1,1,1,1,-1,1,0,1,1
UCI327-06131,-1,-1,1,1,1,-1,-1,1,1,1,1,1,-1,0,1,1,1,1,0,1,1,1,1,-1,1,1,-1,1,1,1,0
UCI327-06133,1,-1,1,1,1,-1,0,0,-1,1,1,1,1,-1,0,-1,1,1,0,1,1,1,1,-1,1,-1,-1,1,-1,-1,1
UCI327-05629,1,-1,1,1,1,-1,1,1,-1,1,1,1,1,0,-1,0,1,1,0,1,1,1,1,-1,1,1,1,1,0,1,0
UCI327-05128,-1,-1,1,-1,1,-1,1,1,-1,1,1,1,1,1,0,0,1,1,0,1,1,1,1,-1,1,1,-1,1,1,1,0
UCI327-10105,-1,-1,1,1,1,-1,0,0,1,1,1,1,-1,-1,-1,-1,1,1,0,1,1,1,1,1,1,0,-1,1,1,1,1
UCI327-05411,-1,-1,1,-1,1,1,1,1,-1,-1,-1,1,1,1,0,-1,-1,1,0,-1,1,-1,-1,-1,1,1,1,1,0,1,0
UCI327-10423,1,-1,1,1,1,-1,0,1,-1,1,1,1,1,1,-1,-1,1,1,0,1,1,1,1,1,1,-1,-1,1,0,1,0
UCI327-08749,-1,1,-1,1,-1,1,1,1,-1,1,1,-1,1,1,0,-1,1,-1,1,1,1,1,1,1,-1,-1,1,1,1,1,0
UCI327-02591,1,0,-1,1,1,-1,1,1,-1,1,1,1,1,0,1,-1,1,1,0,1,1,1,1,1,-1,1,1,1,0,1,0
UCI327-09325,1,-1,1,-1,1,1,1,1,-1,-1,-1,1,-1,1,-1,-1,-1,1,0,1,1,-1,1,1,1,-1,-1,1,0,1,0
UCI327-08860,-1,-1,1,-1,1,1,1,1,-1,-1,1,-1,1,1,1,-1,1,-1,0,-1,1,-1,1,1,1,-1,-1,1,-1,1,0
UCI327-10117,-1,-1,1,1,1,-1,1,1,-1,-1,1,1,1,1,1,1,1,1,0,1,1,-1,1,1,1,-1,-1,-1,1,1,0
UCI327-05638,-1,-1,1,1,1,-1,0,0,-1,1,1,1,1,-1,-1,-1,1,1,0,1,1,1,1,-1,1,-1,-1,1,0,1,1
UCI327-07385,-1,-1,1,1,1,-1,0,-1,1,1,1,1,-1,0,1,-1,1,1,1,1,1,1,1,-1,1,1,1,1,1,1,1
UCI327-10377,-1,1,1,1,1,-1,-1,0,-1,1,1,1,1,-1,0,-1,1,1,0,1,1,1,1,1,1,1,1,1,0,-1,1
UCI327-08211,-1,1,-1,-1,-1,-1,0,1,-1,-1,-1,1,-1,-1,-1,-1,-1,1,0,1,1,1,1,1,1,1,-1,1,-1,1,1
UCI327-05600,-1,-1,1,-1,1,-1,1,1,-1,-1,-1,1,-1,0,0,0,-1,1,0,-1,-1,-1,-1,-1,1,1,1,1,1,1,0
UCI327-07464,1,-1,1,1,1,-1,0,-1,1,1,1,1,-1,-1,-1,0,1,1,0,1,1,1,1,-1,1,0,1,1,0,1,1
UCI327-05780,-1,-1,1,1,1,-1,0,0,-1,1,1,1,-1,-1,-1,-1,1,1,1,1,1,1,1,-1,1,0,1,1,0,1,1
UCI327-00601,1,1,1,1,1,-1,-1,1,-1,1,1,1,1,1,0,1,1,1,0,1,1,1,1,1,1,1,-1,1,0,1,0
UCI327-06654,1,-1,1,1,1,-1,0,1,-1,1,1,1,-1,0,0,-1,1,1,0,1,1,1,1,-1,1,0,-1,1,0,1,0
UCI327-03140,1,-1,1,1,1,-1,-1,0,-1,1,1,1,-1,-1,-1,-1,1,1,0,1,1,1,1,1,1,0,-1,1,0,1,1
UCI327-09858,-1,-1,1,1,1,-1,1,1,-1,1,1,1,1,1,1,1,1,1,0,1,1,1,1,1,1,1,-1,1,0,1,0
UCI327-02553,1,1,1,1,1,-1,-1,-1,1,1,1,1,-1,-1,1,1,1,1,0,1,1,1,1,-1,-1,0,-1,1,1,1,1
UCI327-08642,1,1,-1,-1,-1,1,1,1,-1,1,1,-1,1,0,0,-1,-1,-1,0,1,1,1,1,1,-1,-1,1,1,1,1,0
UCI327-07962,-1,-1,1,1,1,-1,0,-1,-1,1,1,1,1,-1,0,-1,1,1,0,1,1,1,1,-1,1,-1,-1,1,1,-1,1
UCI327-09315,-1,-1,-1,-1,-1,-1,1,1,-1,1,1,-1,1,0,-1,1,-1,-1,0,1,1,1,1,1,-1,1,-1,1,-1,1,0
UCI327-08352,-1,-1,1,1,1,-1,-1,-1,1,1,1,1,-1,-1,-1,1,1,1,0,1,1,1,1,1,1,1,-1,1,0,1,1
UCI327-05608,-1,-1,1,1,1,-1,0,1,-1,1,1,1,1,0,1,0,1,1,0,1,1,1,1,-1,1,1,1,1,0,1,0
UCI327-06419,-1,-1,-1,-1,-1,-1,0,1,-1,-1,1,-1,1,-1,1,-1,1,-1,0,1,1,-1,1,-1,-1,0,1,-1,1,1,1
UCI327-06127,-1,1,1,1,1,-1,-1,1,-1,1,1,1,-1,1,0,-1,1,1,0,1,1,1,1,1,1,-1,-1,1,1,1,0
UCI327-00561,1,1,1,1,1,-1,1,1,-1,1,1,1,1,0,1,1,1,1,0,1,1,1,1,1,1,1,-1,1,0,1,0
UCI327-07157,-1,1,1,1,1,1,-1,1,-1,1,1,1,1,1,-1,1,1,1,0,1,1,1,1,1,1,1,-1,1,-1,1,0
UCI327-09773,1,-1,1,1,1,-1,0,1,-1,1,1,1,1,0,1,-1,1,1,0,1,1,1,1,1,1,1,-1,-1,0,1,1
UCI327-07823,-1,1,1,1,1,-1,1,0,-1,1,1,1,1,-1,0,-1,1,1,0,1,1,1,1,1,1,1,-1,1,1,-1,1
UCI327-00264,1,-1,1,1,1,-1,-1,-1,-1,1,1,-1,1,-1,-1,-1,-1,1,0,1,1,1,1,-1,-1,1,-1,1,0,1,1
UCI327-01000,1,-1,1,1,1,-1,1,-1,-1,1,1,1,1,0,1,-1,1,1,0,1,1,1,1,1,-1,0,-1,1,0,1,1
UCI327-07392,-1,1,-1,-1,-1,1,0,-1,-1,1,1,-1,1,1,1,-1,1,-1,0,1,1,1,1,1,-1,1,-1,-1,1,1,0
UCI327-06945,-1,-1,-1,1,-1,1,1,1,1,1,1,-1,-1,1,1,-1,1,-1,0,1,1,1,1,-1,-1,1,-1,-1,1,1,0
UCI327-07605,-1,-1,1,1,1,-1,0,1,1,1,1,1,-1,0,-1,-1,1,1,0,1,1,1,1,-1,1,0,1,1,0,-1,1
UCI327-06634,-1,-1,1,1,1,-1,0,-1,1,1,1,1,-1,-1,-1,-1,1,1,1,1,1,1,1,-1,1,-1,-1,1,1,1,1
UCI327-09932,-1,-1,-1,1,-1,-1,-1,0,1,1,1,-1,-1,-1,1,-1,1,-1,1,1,1,1,1,1,-1,0,-1,1,0,1,1
UCI327-07222,-1,1,-1,-1,-1,-1,-1,-1,1,-1,-1,-1,-1,-1,1,0,-1,-1,0,-1,-1,-1,-1,1,-1,-1,-1,-1,1,1,1
UCI327-00845,1,-1,1,-1,1,-1,1,1,1,1,1,1,-1,1,1,-1,1,1,0,1,1,1,1,1,1,1,-1,1,0,1,0
UCI327-08480,-1,1,1,1,1,-1,-1,1,1,1,1,1,-1,-1,-1,-1,1,1,0,1,1,1,1,1,1,1,1,-1,0,1,1
UCI327-09562,-1,-1,1,1,1,-1,-1,-1,1,1,1,1,-1,-1,0,-1,1,1,0,1,1,1,1,1,1,1,-1,-1,1,-1,1
UCI327-10234,-1,-1,1,1,1,-1,1,1,-1,-1,1,1,1,0,-1,-1,1,1,0,1,1,-1,1,-1,1,0,-1,1,1,1,0
UCI327-06036,1,-1,1,1,1,-1,0,-1,1,1,1,1,-1,0,-1,-1,1,1,1,1,1,1,1,-1,1,0,1,1,0,1,1
UCI327-07687,1,1,1,1,1,-1,-1,-1,-1,1,1,1,1,0,0,0,1,1,0,1,1,1,1,1,1,1,1,1,0,1,0
UCI327-00924,1,-1,1,1,1,-1,-1,1,1,1,1,1,1,1,0,-1,1,1,0,1,1,1,1,1,1,1,-1,1,0,1,0
UCI327-07825,1,0,1,1,1,-1,-1,-1,1,-1,1,1,-1,-1,0,1,1,1,0,-1,1,-1,1,-1,1,0,1,1,0,1,1
UCI327-06288,1,-1,1,1,1,-1,1,1,-1,1,1,1,1,1,1,1,1,1,0,1,1,1,1,-1,1,1,-1,1,0,-1,0
UCI327-07643,1,1,1,-1,1,-1,-1,-1,-1,1,1,1,1,-1,0,0,1,1,0,1,1,1,1,1,1,-1,-1,1,0,1,1
UCI327-08948,-1,-1,1,1,1,-1,1,1,-1,1,1,1,1,0,1,-1,1,1,0,1,1,1,1,1,1,1,-1,1,0,1,0
UCI327-01805,1,1,1,1,1,-1,-1,1,-1,1,1,1,1,-1,-1,1,1,1,0,1,1,1,1,-1,-1,0,-1,-1,0,1,1
UCI327-02724,-1,1,-1,1,-1,-1,1,1,-1,1,1,-1,1,0,-1,1,1,1,1,1,1,1,1,-1,-1,0,-1,-1,1,-1,1
UCI327-09034,1,-1,1,1,1,-1,0,0,-1,1,1,1,1,0,-1,-1,1,1,0,1,1,1,1,1,1,1,-1,1,0,1,1
UCI327-08592,-1,-1,1,-1,1,-1,-1,-1,1,-1,-1,1,1,-1,1,-1,-1,1,0,-1,-1,-1,-1,1,1,1,-1,1,0,-1,1
UCI327-03224,1,-1,1,1,1,-1,1,1,-1,1,1,-1,1,-1,-1,-1,1,1,0,1,1,1,1,1,1,0,-1,1,0,1,1
UCI327-00764,1,-1,1,1,1,-1,1,-1,-1,1,1,1,1,-1,-1,-1,1,1,0,1,1,1,1,1,1,0,-1,1,0,1,1
UCI327-06298,1,-1,1,1,1,-1,1,1,-1,-1,-1,1,1,1,-1,1,-1,1,0,-1,1,-1,1,-1,1,1,1,1,0,1,0
UCI327-08847,1,-1,1,1,1,-1,-1,-1,1,1,1,1,-1,-1,-1,-1,1,1,0,1,1,1,1,1,1,0,-1,1,0,1,1
UCI327-00173,-1,-1,-1,1,-1,1,-1,1,-1,1,1,-1,-1,0,0,-1,1,-1,0,1,1,1,1,1,-1,1,-1,1,0,-1,0
UCI327-07072,-1,-1,1,1,1,1,1,1,-1,1,1,1,1,0,1,-1,1,1,0,1,1,1,1,-1,1,-1,1,1,1,1,0
UCI327-08287,-1,-1,1,-1,1,-1,1,1,-1,1,1,1,-1,1,-1,-1,1,1,0,1,1,1,1,1,1,1,-1,1,0,1,1
UCI327-06394,1,1,1,1,1,1,0,1,-1,1,1,-1,1,0,0,1,1,1,0,1,1,1,1,1,1,1,-1,1,-1,1,0
UCI327-05301,-1,-1,1,1,1,-1,-1,-1,1,1,1,1,-1,0,-1,-1,1,1,0,1,1,1,1,-1,1,1,-1,1,1,1,0
UCI327-06916,1,-1,1,1,1,-1,1,1,-1,1,1,1,-1,0,0,0,1,1,0,1,1,1,1,-1,1,1,1,1,0,1,0
UCI327-01075,1,-1,1,1,1,1,-1,1,-1,1,1,1,1,1,0,-1,1,1,0,1,1,1,1,-1,1,1,-1,1,0,1,0
UCI327-00964,1,-1,1,1,1,-1,0,1,1,1,1,1,-1,0,-1,-1,1,1,0,1,1,1,1,-1,1,1,-1,1,0,1,0
UCI327-07970,-1,-1,1,1,1,-1,0,-1,-1,-1,1,1,1,0,0,1,1,1,0,1,1,-1,1,-1,1,0,-1,1,1,1,1
UCI327-06428,-1,-1,-1,1,-1,-1,0,1,-1,1,1,-1,1,0,-1,1,1,-1,0,1,1,1,1,-1,-1,1,1,-1,1,1,0
UCI327-08340,1,-1,1,1,1,1,1,1,-1,-1,1,1,1,1,0,-1,1,1,0,1,1,-1,1,-1,1,-1,-1,1,0,1,0
UCI327-01007,1,-1,1,-1,1,-1,-1,-1,1,1,1,1,1,-1,0,-1,1,1,0,1,1,1,1,-1,1,-1,-1,1,1,1,1
UCI327-07855,-1,0,-1,-1,1,-1,1,-1,1,1,1,1,-1,-1,0,-1,-1,-1,0,1,1,1,1,-1,1,-1,1,1,0,1,1
UCI327-07555,-1,-1,1,1,1,-1,1,-1,1,1,1,1,-1,0,-1,-1,1,1,1,1,1,1,1,-1,1,1,1,1,0,1,1
UCI327-06733,-1,1,-1,-1,-1,-1,1,0,-1,1,1,-1,1,-1,-1,-1,1,-1,0,1,1,1,1,1,-1,-1,1,-1,1,1,1
UCI327-00163,1,1,1,1,1,1,-1,1,-1,1,1,-1,1,0,0,1,1,1,0,1,1,1,1,-1,1,1,1,1,-1,1,0
UCI327-05265,-1,-1,1,1,1,-1,-1,1,-1,1,1,1,-1,1,-1,-1,1,1,0,-1,1,1,1,-1,1,1,1,1,1,1,0
UCI327-00575,1,-1,1,1,1,1,-1,1,-1,1,1,1,1,0,0,-1,1,1,0,1,1,1,1,1,1,1,1,1,1,1,0
UCI327-05138,1,1,-1,-1,1,-1,1,1,-1,1,1,1,1,0,1,0,1,1,0,1,1,1,1,-1,1,-1,1,1,1,1,0
UCI327-05550,1,1,1,-1,1,-1,1,1,-1,1,1,1,1,1,0,0,1,1,0,1,1,1,1,1,1,1,1,1,0,1,0
UCI327-00330,1,1,1,1,1,-1,-1,1,-1,-1,1,1,1,0,1,1,1,1,0,1,1,-1,1,1,-1,1,-1,1,1,1,0
UCI327-10046,1,-1,1,1,1,1,1,1,-1,1,1,1,1,0,0,1,1,1,0,1,1,1,1,-1,1,-1,-1,1,0,1,0
UCI327-00482,1,-1,1,1,1,-1,0,0,1,1,1,1,-1,-1,-1,-1,1,1,0,1,1,1,1,1,-1,0,-1,1,1,1,1
UCI327-08318,1,-1,1,1,1,-1,1,1,-1,1,1,1,-1,0,-1,0,1,1,0,1,1,1,1,1,-1,-1,-1,1,0,1,0
UCI327-00306,1,-1,1,1,1,-1,1,1,-1,1,1,-1,1,1,1,-1,1,1,0,1,1,1,1,1,-1,-1,-1,1,1,1,0
UCI327-10077,-1,-1,1,1,1,-1,0,0,1,1,1,1,-1,0,-1,-1,1,1,0,1,1,1,1,-1,1,1,-1,1,0,1,1
UCI327-08757,-1,-1,1,-1,1,-1,0,-1,-1,-1,-1,1,1,-1,-1,-1,-1,1,0,-1,1,-1,1,1,1,1,-1,1,0,1,1
UCI327-01476,1,-1,1,1,1,-1,-1,-1,-1,1,1,1,-1,0,-1,-1,1,1,0,1,1,1,1,-1,-1,0,-1,-1,0,1,1
UCI327-00867,1,-1,1,1,1,-1,-1,-1,-1,1,1,1,1,1,-1,-1,1,1,0,1,1,1,1,-1,1,-1,-1,-1,0,1,1
UCI327-05547,1,-1,1,1,1,1,0,-1,-1,1,1,1,1,1,1,-1,1,1,0,1,1,1,1,-1,1,1,-1,1,0,1,0
UCI327-09493,1,-1,1,1,1,-1,1,1,1,1,1,1,-1,-1,-1,-1,1,1,0,1,1,1,1,1,1,1,-1,1,0,1,1
UCI327-01068,-1,-1,-1,1,-1,1,0,1,-1,1,1,-1,1,0,0,-1,1,-1,1,1,1,1,1,1,-1,1,-1,1,1,1,0
UCI327-09651,1,-1,1,1,1,-1,0,-1,-1,1,1,1,1,-1,-1,0,1,1,0,1,1,1,1,1,1,0,-1,-1,0,1,1
UCI327-02260,1,1,1,1,1,-1,0,0,-1,1,1,1,1,1,0,1,1,1,0,1,1,1,1,1,1,-1,-1,1,0,1,1
UCI327-10177,1,-1,1,1,1,-1,-1,-1,1,1,1,1,-1,-1,0,-1,1,1,0,1,1,1,1,1,1,0,-1,1,0,1,1
UCI327-01429,1,1,1,1,1,-1,0,-1,-1,-1,1,1,1,0,0,1,-1,1,0,-1,1,-1,1,-1,1,1,-1,1,0,1,0
UCI327-10884,1,-1,1,1,1,-1,1,-1,1,1,1,1,1,0,0,-1,1,1,0,1,1,1,1,-1,1,0,-1,1,1,1,1
UCI327-05764,-1,-1,1,1,1,-1,1,1,-1,-1,1,1,1,0,-1,1,1,1,0,-1,1,-1,1,-1,1,1,1,1,0,1,0
UCI327-00747,-1,-1,-1,1,-1,-1,0,-1,-1,-1,-1,-1,-1,-1,1,-1,-1,-1,1,-1,1,-1,1,-1,-1,0,-1,1,1,-1,1
UCI327-10622,-1,-1,1,1,1,-1,0,-1,1,1,1,1,-1,-1,-1,-1,1,1,0,1,1,1,1,1,1,0,-1,1,0,-1,1
UCI327-11049,-1,-1,1,1,-1,-1,1,-1,1,1,1,-1,-1,0,-1,-1,1,1,1,1,1,1,1,-1,1,1,-1,1,1,1,1
UCI327-01185,1,1,1,1,1,1,1,1,-1,1,1,1,1,1,0,1,1,1,0,1,1,1,1,1,1,-1,1,1,0,1,0
UCI327-06476,-1,-1,1,1,1,-1,1,1,1,1,1,-1,-1,0,1,0,-1,1,0,1,1,1,1,-1,1,1,-1,1,0,1,0
UCI327-00235,1,-1,1,1,1,-1,-1,1,1,1,1,1,-1,0,0,-1,1,1,0,1,1,1,1,-1,1,-1,-1,1,0,1,0
UCI327-09775,-1,-1,1,1,1,-1,-1,1,1,1,1,1,1,1,-1,-1,1,1,0,1,1,1,1,1,1,1,-1,1,1,1,0
UCI327-08277,-1,-1,-1,1,-1,-1,1,1,-1,1,1,-1,-1,1,1,-1,1,-1,0,1,1,1,1,1,-1,1,-1,1,1,1,0
UCI327-00219,1,-1,1,1,1,-1,1,1,-1,1,1,1,1,0,-1,-1,1,1,0,1,1,1,1,1,1,1,1,1,0,1,0
UCI327-05527,1,-1,1,1,1,-1,0,-1,-1,1,1,1,1,1,0,-1,1,1,1,1,1,1,1,-1,1,1,1,1,0,1,1
UCI327-05403,1,-1,1,1,1,-1,1,1,-1,1,1,1,1,0,0,-1,1,1,0,1,1,1,1,-1,1,1,1,1,0,1,0
UCI327-00528,1,1,1,1,1,1,-1,1,-1,-1,-1,1,1,1,-1,1,-1,1,0,1,1,-1,-1,1,1,1,-1,1,0,-1,0
UCI327-09647,1,-1,1,-1,1,-1,1,1,-1,1,1,1,1,1,0,1,-1,-1,0,1,1,1,1,1,1,1,-1,-1,0,1,0
UCI327-05344,-1,1,-1,-1,-1,1,1,1,-1,1,1,-1,1,0,1,-1,1,-1,0,1,1,1,1,1,-1,1,1,-1,1,1,0
UCI327-00494,1,-1,1,1,1,-1,0,-1,-1,1,1,1,-1,0,0,-1,1,1,0,1,1,1,1,1,1,1,-1,1,1,1,0
UCI327-00006,1,0,-1,1,1,-1,-1,-1,1,1,1,1,-1,-1,0,-1,-1,-1,0,1,1,1,1,1,-1,-1,-1,1,0,-1,1
UCI327-06377,1,1,1,1,1,-1,1,1,-1,1,1,1,1,0,1,-1,1,1,0,1,1,1,1,1,1,1,-1,1,0,1,0
UCI327-10438,-1,1,1,1,1,-1,1,1,-1,-1,1,1,1,0,0,-1,1,1,0,-1,1,-1,-1,-1,1,1,1,1,1,1,0
UCI327-08666,-1,-1,1,-1,1,1,1,1,1,-1,-1,1,-1,1,-1,-1,-1,1,0,-1,-1,-1,-1,1,1,0,-1,1,1,1,0
UCI327-00490,1,-1,1,1,1,1,-1,1,-1,1,1,1,1,1,1,-1,1,1,0,1,1,1,1,1,-1,1,-1,1,1,1,0
UCI327-00089,-1,1,-1,1,-1,-1,0,0,-1,1,1,-1,1,-1,0,1,1,1,0,1,1,1,1,1,-1,1,-1,1,-1,1,1
UCI327-00051,1,1,1,1,1,-1,1,1,-1,-1,1,1,1,0,0,1,1,1,0,-1,1,-1,-1,1,-1,0,-1,-1,0,1,0
UCI327-09931,-1,-1,1,1,1,-1,1,1,1,-1,1,1,-1,1,-1,-1,1,1,0,1,1,-1,1,1,1,1,-1,1,1,1,0
UCI327-08234,-1,-1,-1,1,-1,1,-1,1,-1,1,1,-1,1,1,0,-1,1,-1,0,1,1,1,1,1,1,1,-1,1,1,1,0
UCI327-00324,-1,-1,-1,1,-1,-1,0,1,-1,1,1,-1,1,0,-1,-1,1,-1,1,1,1,1,1,-1,-1,1,-1,1,1,-1,0
UCI327-10823,-1,-1,1,1,1,-1,-1,0,-1,1,1,1,-1,-1,-1,0,-1,1,0,1,1,1,1,1,1,0,-1,1,0,1,1
UCI327-07194,-1,1,1,-1,1,-1,0,1,-1,-1,-1,1,1,1,0,1,-1,1,1,1,1,-1,1,1,1,1,1,1,1,1,0
UCI327-05346,1,-1,1,1,1,-1,0,-1,-1,1,1,1,1,0,-1,-1,1,1,1,1,1,1,1,-1,1,0,-1,1,0,1,0
UCI327-06717,1,-1,1,1,1,-1,0,1,-1,1,1,1,1,1,0,1,1,1,0,1,1,1,1,-1,1,1,-1,1,0,1,0
UCI327-03647,1,-1,1,-1,1,-1,0,-1,-1,1,1,1,-1,-1,-1,-1,1,1,0,1,1,1,1,-1,-1,0,-1,-1,0,1,1
UCI327-08786,-1,-1,1,1,1,-1,0,0,1,1,1,1,-1,-1,0,-1,1,1,0,1,1,1,1,1,1,0,-1,1,1,1,1
UCI327-08394,1,-1,1,1,1,-1,1,1,-1,1,1,1,-1,0,0,1,1,1,0,1,1,1,1,1,1,1,-1,1,0,1,0
UCI327-00618,1,-1,1,1,1,-1,-1,-1,-1,1,1,1,1,0,-1,-1,1,1,0,1,1,1,1,-1,-1,0,-1,1,0,1,1
UCI327-08436,-1,-1,1,1,1,1,1,1,-1,1,1,1,1,0,0,-1,1,1,0,1,1,-1,1,-1,1,0,1,1,1,1,0
UCI327-05149,-1,-1,-1,1,-1,-1,-1,-1,1,1,1,1,-1,0,-1,-1,1,1,0,1,-1,1,1,-1,1,-1,1,1,0,-1,1
UCI327-00484,1,-1,1,1,1,-1,0,-1,1,1,1,1,-1,0,1,-1,1,1,0,1,1,1,1,-1,1,1,-1,1,0,1,0
UCI327-08470,1,-1,1,1,1,-1,1,1,-1,1,1,1,-1,0,0,0,1,1,0,1,1,1,1,1,1,-1,-1,1,0,1,0
UCI327-01320,1,-1,1,1,1,-1,1,1,-1,1,1,-1,-1,1,0,-1,-1,-1,0,1,1,1,1,1,-1,-1,-1,1,0,-1,0
UCI327-09809,1,1,1,-1,1,-1,1,1,1,1,1,1,-1,0,0,1,-1,-1,0,1,1,1,1,1,1,0,-1,1,-1,1,0
UCI327-05737,-1,-1,1,-1,1,-1,1,0,1,-1,-1,1,-1,-1,1,-1,-1,1,1,1,1,-1,1,-1,1,-1,-1,1,0,1,1
UCI327-07582,-1,-1,1,-1,-1,-1,0,1,1,1,1,-1,-1,-1,-1,-1,1,1,1,-1,1,1,1,-1,1,-1,-1,1,1,1,1
UCI327-05809,1,1,-1,1,-1,-1,0,0,-1,1,1,-1,-1,-1,1,-1,1,-1,0,1,1,1,1,1,-1,-1,-1,-1,0,1,1
UCI327-02378,-1,-1,-1,1,-1,1,1,-1,-1,1,1,-1,1,1,0,-1,1,-1,1,1,1,1,1,1,-1,1,-1,1,1,1,0
UCI327-09056,1,-1,1,1,1,1,1,1,1,1,1,1,-1,1,1,1,1,1,0,1,1,1,1,1,1,-1,-1,1,0,-1,0
UCI327-08196,-1,1,1,-1,1,-1,-1,-1,-1,1,-1,1,1,-1,1,-1,-1,1,0,1,1,1,1,1,1,1,-1,-1,1,-1,1
UCI327-06701,1,-1,1,1,1,-1,0,-1,1,1,1,1,-1,0,1,-1,1,1,0,1,1,1,1,-1,1,1,1,1,1,1,1
UCI327-10462,-1,-1,1,1,1,-1,0,-1,-1,1,1,1,1,-1,-1,0,1,1,0,1,1,1,1,1,1,0,-1,-1,1,1,1
UCI327-02379,1,-1,1,1,1,-1,1,1,1,1,1,1,-1,0,0,-1,1,1,0,1,1,1,1,1,1,0,1,1,0,1,0
UCI327-06450,-1,1,1,1,1,-1,1,0,-1,1,1,1,-1,-1,-1,-1,1,1,1,1,1,1,1,1,1,-1,-1,1,1,1,1
UCI327-10364,-1,0,1,1,1,-1,-1,-1,-1,1,1,-1,1,-1,0,-1,1,1,0,1,1,1,1,-1,1,1,-1,1,1,1,1
UCI327-10383,1,-1,1,1,1,-1,1,-1,-1,1,1,1,1,-1,-1,-1,1,1,0,1,1,1,1,-1,1,1,-1,1,0,1,1
UCI327-02766,1,-1,1,1,1,-1,-1,1,1,1,1,1,1,-1,-1,-1,1,1,0,1,1,1,1,1,1,1,-1,1,0,1,1
UCI327-07997,-1,-1,1,1,1,-1,-1,-1,-1,-1,1,1,-1,-1,-1,-1,1,1,0,1,1,-1,1,-1,1,1,-1,1,1,-1,1
UCI327-03704,1,-1,1,-1,1,-1,-1,-1,-1,-1,1,1,-1,-1,-1,-1,1,1,0,1,1,-1,1,-1,-1,1,-1,1,1,1,1
UCI327-01157,1,-1,1,1,1,-1,0,1,-1,-1,-1,1,1,0,1,-1,-1,1,0,-1,-1,-1,-1,-1,-1,1,-1,1,1,-1,0
UCI327-00771,1,-1,1,1,1,-1,0,0,1,1,1,1,-1,0,0,-1,1,1,0,1,1,1,1,1,-1,-1,1,1,0,1,1
UCI327-00238,-1,-1,-1,1,-1,1,1,1,1,1,1,-1,-1,0,0,-1,1,1,1,1,1,1,1,1,-1,1,-1,1,1,1,0
UCI327-05779,1,1,1,1,1,-1,1,1,-1,1,1,1,-1,0,1,1,1,1,0,1,1,1,1,1,1,1,1,1,0,-1,0
UCI327-08796,-1,-1,-1,1,-1,-1,1,1,1,1,1,-1,-1,1,0,-1,1,-1,1,1,1,1,1,-1,-1,0,-1,1,1,1,0
UCI327-01694,1,-1,1,1,1,-1,-1,-1,1,1,1,1,-1,-1,-1,-1,1,1,0,1,1,1,1,-1,1,-1,-1,-1,0,1,1
UCI327-01498,1,-1,1,1,1,-1,0,-1,-1,1,1,1,1,-1,-1,-1,1,1,0,1,1,1,1,-1,-1,1,-1,1,0,1,1
UCI327-06141,1,-1,1,1,1,-1,-1,1,1,1,1,1,-1,0,0,-1,1,1,0,1,1,1,1,-1,1,-1,1,1,0,1,0
UCI327-00293,1,-1,1,1,1,-1,-1,-1,-1,1,1,1,-1,0,-1,-1,1,1,0,1,1,1,1,-1,-1,0,-1,1,0,1,1
UCI327-05192,-1,1,1,1,1,1,0,1,-1,1,1,1,1,0,0,1,1,1,0,1,1,1,1,-1,1,1,1,1,0,1,0
UCI327-06566,1,-1,1,1,1,1,1,1,1,1,1,1,-1,1,0,-1,1,1,0,1,1,1,1,-1,1,-1,1,1,1,1,0
UCI327-09552,1,-1,1,1,1,-1,0,1,1,-1,1,1,-1,1,0,-1,1,1,0,1,1,-1,1,1,1,-1,-1,1,0,1,0
UCI327-02671,1,-1,1,1,1,-1,1,-1,1,1,1,1,-1,-1,0,-1,1,-1,0,1,1,1,1,-1,1,0,-1,1,0,1,1
UCI327-00454,1,-1,1,1,1,-1,0,0,1,1,1,1,-1,-1,0,-1,1,1,0,1,1,1,1,1,1,-1,-1,1,0,1,1
UCI327-00253,1,-1,1,1,1,1,-1,1,1,1,1,1,-1,1,0,-1,1,1,0,1,1,1,1,-1,1,1,1,1,0,1,0
UCI327-08510,-1,-1,1,1,-1,-1,-1,0,1,1,1,1,-1,1,-1,1,1,1,0,1,1,1,1,1,1,0,-1,1,-1,1,1
UCI327-00313,1,-1,1,1,1,-1,-1,1,1,1,1,1,-1,0,0,-1,1,1,0,1,1,1,1,-1,1,1,-1,-1,0,1,0
UCI327-05930,-1,-1,1,1,1,-1,1,1,-1,1,1,1,1,0,1,1,1,1,0,1,1,1,1,-1,1,-1,1,1,1,1,0
UCI327-00696,-1,-1,-1,1,-1,-1,-1,-1,-1,-1,-1,-1,-1,-1,1,-1,-1,-1,1,1,1,-1,1,-1,-1,0,-1,1,1,-1,1
UCI327-01568,1,-1,1,1,1,-1,-1,1,-1,-1,1,1,1,0,0,-1,1,1,0,1,1,-1,1,1,1,0,-1,-1,0,1,0
UCI327-08451,-1,-1,1,1,1,-1,0,1,-1,1,1,1,-1,1,-1,1,1,1,0,1,1,1,1,-1,1,1,-1,-1,1,1,0
UCI327-09780,-1,-1,1,1,1,-1,1,1,-1,1,1,1,1,0,-1,-1,1,1,0,1,1,1,1,1,1,0,-1,-1,1,1,1
UCI327-06711,1,-1,1,-1,1,-1,1,0,1,-1,-1,1,-1,-1,1,-1,-1,1,0,1,1,-1,1,-1,1,-1,1,1,0,1,1
UCI327-09021,-1,1,1,1,1,-1,-1,-1,-1,1,1,1,1,-1,-1,-1,1,1,0,1,1,1,1,-1,1,1,1,1,1,1,1
UCI327-05582,1,-1,1,-1,1,-1,1,1,1,-1,-1,1,1,1,-1,-1,-1,1,0,-1,1,-1,-1,-1,1,0,1,1,0,1,1
UCI327-00932,1,-1,1,1,1,-1,-1,1,1,-1,-1,1,-1,0,-1,-1,-1,1,0,-1,1,-1,-1,-1,-1,0,-1,1,0,-1,1
UCI327-09825,-1,-1,1,1,1,-1,0,-1,-1,1,1,1,-1,0,0,-1,1,1,0,1,1,1,1,-1,1,1,-1,1,0,1,1
UCI327-05869,-1,-1,1,1,1,-1,1,1,-1,-1,-1,1,1,0,0,-1,-1,1,0,1,1,-1,1,-1,1,1,-1,1,0,1,0
UCI327-07066,-1,-1,1,1,1,-1,-1,0,1,1,1,1,-1,0,-1,-1,1,1,0,1,1,1,1,-1,1,0,1,1,0,1,1
UCI327-05396,-1,-1,1,-1,1,-1,1,1,-1,-1,-1,1,1,0,-1,1,-1,1,0,1,-1,-1,-1,1,1,1,-1,1,1,1,0
UCI327-07408,-1,-1,1,1,1,-1,0,-1,1,1,1,1,-1,-1,-1,-1,1,1,0,1,1,1,1,-1,1,1,1,1,0,1,1
UCI327-06186,-1,-1,-1,1,-1,1,1,1,1,1,1,-1,-1,0,0,-1,1,1,0,1,1,1,1,-1,-1,1,1,-1,1,1,0
UCI327-02628,1,-1,1,1,1,-1,0,1,-1,-1,-1,-1,1,0,-1,-1,-1,1,0,-1,1,-1,-1,-1,-1,1,1,1,1,-1,0
UCI327-05485,-1,-1,1,-1,1,-1,-1,1,-1,-1,-1,1,1,0,0,0,-1,1,0,-1,-1,-1,-1,-1,1,1,-1,1,1,1,0
UCI327-08558,-1,-1,-1,-1,-1,-1,-1,1,-1,-1,-1,-1,1,-1,1,-1,-1,-1,1,-1,1,-1,-1,1,-1,1,-1,1,1,1,1
UCI327-00045,1,1,1,1,1,-1,0,1,-1,-1,1,1,1,0,-1,1,1,1,0,-1,1,-1,1,-1,1,1,-1,1,0,1,0
UCI327-05188,1,1,1,1,1,-1,1,1,-1,-1,-1,1,1,1,0,0,1,-1,0,-1,1,-1,1,1,1,1,-1,1,1,1,0
UCI327-02344,1,-1,1,1,1,-1,0,-1,-1,-1,-1,1,1,-1,0,-1,-1,1,0,-1,-1,-1,-1,-1,1,-1,-1,1,0,-1,1
UCI327-09067,1,-1,-1,1,-1,-1,-1,1,1,1,1,-1,-1,0,1,-1,1,-1,1,1,1,1,1,1,-1,1,-1,1,0,1,0
UCI327-02189,1,-1,1,1,1,-1,-1,-1,-1,1,1,1,1,0,0,-1,1,1,0,1,1,1,1,1,1,0,-1,1,0,1,1
UCI327-05140,1,1,1,-1,1,-1,0,1,-1,1,1,1,1,0,0,-1,1,-1,0,1,1,1,1,-1,1,0,1,1,0,1,0
UCI327-08577,-1,-1,1,1,1,-1,-1,1,1,1,1,1,1,0,-1,-1,1,1,0,1,1,1,1,1,1,-1,-1,-1,0,-1,1
UCI327-00162,-1,-1,-1,1,-1,-1,0,0,-1,1,1,-1,-1,-1,1,-1,1,1,1,-1,1,-1,1,1,-1,-1,-1,1,0,1,1
UCI327-09844,-1,-1,1,1,1,-1,0,1,1,1,1,1,1,0,0,-1,1,1,0,1,1,1,1,1,1,1,-1,-1,1,1,1
UCI327-01615,1,-1,1,1,1,-1,0,1,-1,1,1,1,-1,0,0,-1,1,1,0,1,1,1,1,1,-1,1,1,1,1,1,0
UCI327-00178,1,-1,1,1,1,-1,-1,1,-1,1,1,1,1,0,0,-1,1,1,0,1,1,1,1,1,1,1,1,1,0,1,0
UCI327-01311,1,1,1,-1,1,-1,1,1,-1,1,1,-1,1,0,1,1,1,1,0,1,1,1,1,1,1,1,-1,1,-1,1,0
UCI327-09686,1,-1,-1,1,-1,-1,-1,-1,-1,1,1,-1,-1,-1,-1,-1,1,-1,1,1,1,1,1,1,-1,-1,-1,1,0,-1,1
UCI327-08548,-1,-1,-1,-1,-1,-1,1,1,-1,1,1,-1,1,0,-1,-1,1,-1,1,1,1,1,1,-1,-1,0,-1,1,1,1,0
UCI327-05668,-1,-1,1,-1,1,-1,-1,-1,1,1,1,1,-1,-1,-1,-1,1,1,0,1,1,1,1,-1,1,-1,-1,1,0,-1,1
UCI327-00325,1,-1,1,1,1,1,-1,1,1,1,1,1,-1,1,0,-1,-1,1,0,1,1,1,1,1,-1,-1,-1,1,1,1,0
UCI327-08670,-1,1,1,-1,1,-1,1,1,-1,-1,1,1,1,0,0,-1,1,-1,0,1,-1,-1,-1,-1,1,0,1,1,1,1,0
UCI327-09964,-1,-1,-1,1,-1,1,1,1,1,1,1,-1,-1,1,1,-1,1,-1,1,1,1,1,1,1,-1,-1,-1,1,1,1,0
UCI327-09696,-1,-1,1,-1,1,-1,0,-1,1,1,1,-1,-1,-1,-1,-1,1,-1,0,1,1,1,1,1,1,0,-1,1,1,1,1
UCI327-09190,1,-1,1,1,1,-1,1,1,-1,1,1,1,-1,1,1,-1,1,1,0,1,1,1,1,1,1,-1,-1,1,0,1,0
UCI327-00972,-1,-1,-1,1,-1,-1,1,-1,1,-1,-1,-1,-1,-1,1,-1,-1,-1,1,-1,1,-1,-1,-1,-1,-1,-1,-1,1,-1,1
UCI327-10119,1,-1,1,-1,1,-1,1,1,1,-1,-1,1,-1,1,-1,-1,-1,1,0,-1,1,-1,-1,1,1,1,-1,1,0,1,0
UCI327-04021,1,-1,1,1,1,-1,0,0,1,1,1,1,-1,-1,1,-1,1,1,0,1,1,1,1,1,-1,-1,1,1,1,1,1
UCI327-06146,1,-1,-1,1,-1,-1,0,-1,1,1,1,-1,-1,-1,1,-1,1,-1,0,1,1,1,1,-1,-1,-1,-1,-1,0,1,1
UCI327-03223,1,-1,1,1,1,-1,-1,-1,-1,1,1,1,-1,-1,0,-1,1,1,0,1,1,1,1,-1,-1,-1,1,1,1,1,1
UCI327-00527,1,-1,1,1,1,-1,-1,1,-1,1,1,1,1,1,0,-1,1,1,0,1,1,1,1,1,-1,-1,1,1,1,1,0
UCI327-08947,-1,-1,1,1,1,-1,1,1,-1,1,1,1,1,0,-1,1,1,1,0,1,1,1,1,-1,1,1,-1,1,1,1,0
UCI327-07192,-1,-1,1,-1,1,-1,-1,1,-1,-1,-1,1,1,0,0,0,-1,1,0,-1,-1,-1,-1,-1,1,1,1,1,1,1,0
UCI327-09295,-1,-1,1,-1,1,-1,1,-1,-1,1,1,1,1,-1,-1,-1,1,1,0,1,1,1,1,1,1,1,-1,1,0,1,1
UCI327-05236,-1,-1,-1,1,-1,-1,0,1,1,1,1,-1,-1,1,1,-1,1,-1,0,1,1,1,1,-1,-1,1,1,1,1,1,0
UCI327-08195,1,-1,-1,1,1,-1,-1,1,-1,1,1,-1,-1,0,0,-1,1,1,0,1,1,1,1,1,1,1,-1,1,0,1,0
UCI327-09711,-1,-1,1,1,1,-1,1,-1,1,1,1,1,1,0,0,-1,1,1,0,1,1,1,1,1,1,-1,-1,-1,1,1,0
UCI327-06081,-1,-1,-1,-1,-1,-1,0,-1,1,-1,-1,-1,-1,-1,1,-1,-1,-1,0,1,1,-1,-1,-1,-1,1,1,-1,1,1,1
UCI327-02065,1,1,1,1,1,1,-1,1,-1,1,1,1,1,0,0,1,1,1,0,1,1,1,1,1,1,1,1,1,0,1,0
UCI327-06515,1,-1,1,-1,1,-1,1,1,-1,-1,-1,1,1,0,1,1,-1,-1,0,-1,1,-1,1,-1,1,1,1,1,0,1,0
UCI327-08607,1,-1,1,1,1,-1,1,-1,-1,1,1,1,-1,-1,-1,-1,1,1,0,1,1,1,1,1,1,-1,-1,-1,0,1,1
UCI327-09089,1,1,1,-1,1,-1,-1,0,-1,-1,-1,1,1,-1,1,-1,-1,1,0,-1,1,-1,-1,1,1,0,1,1,0,1,1
UCI327-07074,-1,1,-1,1,-1,-1,-1,1,-1,1,1,-1,1,0,0,0,1,-1,0,1,1,1,1,1,-1,1,-1,-1,1,1,0
UCI327-08579,-1,-1,1,1,1,-1,0,-1,1,1,1,1,-1,0,-1,-1,1,1,0,1,1,1,1,1,1,1,-1,-1,0,-1,1
UCI327-09484,-1,1,1,1,1,-1,-1,-1,-1,1,1,1,1,-1,-1,-1,1,1,0,1,1,1,1,1,1,1,1,1,1,1,1
UCI327-00623,1,-1,1,1,1,-1,-1,-1,-1,-1,-1,1,1,-1,0,-1,-1,1,0,1,1,1,1,-1,-1,1,-1,1,0,-1,1
UCI327-09806,1,1,-1,1,-1,-1,0,1,-1,1,1,-1,1,0,-1,-1,1,-1,1,1,1,1,1,1,-1,1,1,1,1,1,0
UCI327-05184,-1,-1,-1,-1,-1,-1,0,-1,-1,1,1,-1,1,0,0,0,1,-1,1,1,1,1,1,-1,-1,1,-1,1,1,1,0
UCI327-02402,1,-1,1,1,1,-1,0,-1,-1,-1,-1,1,1,-1,1,-1,-1,1,0,-1,-1,-1,-1,-1,1,-1,-1,1,0,-1,1
UCI327-05444,1,-1,1,1,1,-1,1,-1,1,1,1,1,-1,-1,1,-1,1,1,0,1,1,1,1,-1,1,1,-1,1,1,1,1
UCI327-02686,-1,-1,-1,1,-1,-1,-1,-1,-1,-1,-1,-1,-1,-1,1,-1,-1,-1,0,1,1,-1,1,1,-1,0,-1,-1,1,-1,1
UCI327-02449,1,1,1,1,1,1,0,1,-1,1,1,1,1,0,-1,1,1,1,0,1,1,1,1,-1,1,0,-1,1,0,1,0
UCI327-07624,1,1,1,1,1,1,-1,1,-1,1,1,1,1,1,1,-1,1,1,0,1,1,1,1,-1,1,1,1,1,0,1,0
UCI327-09817,1,1,1,1,1,-1,0,-1,-1,1,1,1,1,0,0,0,1,1,0,1,1,1,1,-1,1,1,1,-1,0,1,1
UCI327-10354,-1,-1,1,1,1,-1,-1,0,1,1,1,1,-1,-1,1,0,1,1,0,1,1,1,1,1,1,0,-1,1,1,1,1
UCI327-01055,1,-1,1,-1,1,-1,0,0,-1,1,1,1,-1,-1,0,-1,1,1,0,1,1,1,1,1,1,-1,-1,1,0,1,1
UCI327-02914,1,-1,1,1,1,-1,0,0,-1,1,1,1,1,-1,0,-1,1,1,0,1,1,1,1,1,1,1,-1,1,0,-1,1
UCI327-00496,-1,-1,-1,1,-1,-1,0,1,1,1,1,-1,-1,0,1,-1,1,-1,1,1,1,1,1,1,1,1,-1,1,1,1,0
UCI327-09053,1,-1,1,1,1,-1,1,1,1,1,1,1,-1,0,0,-1,1,1,0,1,1,1,1,1,1,-1,-1,1,0,1,0
UCI327-01004,1,-1,1,1,1,1,0,1,1,-1,-1,1,-1,1,1,-1,-1,1,0,-1,1,-1,-1,1,1,1,-1,1,1,-1,0
UCI327-01304,1,-1,1,1,-1,1,0,1,1,-1,-1,-1,-1,0,1,-1,-1,-1,1,-1,1,-1,1,-1,-1,1,1,1,0,-1,0
UCI327-00227,1,-1,1,1,1,-1,-1,1,-1,-1,1,1,1,1,1,-1,1,1,0,1,1,-1,1,1,1,1,1,1,1,1,0
UCI327-03685,1,-1,1,-1,1,-1,-1,-1,1,1,1,1,-1,-1,-1,-1,1,1,0,1,1,1,1,-1,-1,0,-1,1,1,1,1
UCI327-00935,1,-1,1,1,1,-1,1,1,1,1,1,1,-1,1,0,-1,1,1,0,1,1,1,1,1,1,1,1,1,0,1,0
UCI327-07214,1,-1,1,1,1,1,0,-1,-1,1,1,1,1,0,0,-1,1,1,0,1,1,1,1,-1,1,1,1,1,0,1,0
UCI327-06873,1,-1,1,1,1,-1,0,-1,-1,1,1,1,1,-1,0,-1,1,1,0,1,1,1,1,-1,1,-1,-1,1,-1,1,1
UCI327-00987,1,-1,1,1,1,-1,0,1,-1,1,1,1,1,0,-1,-1,1,1,0,1,1,1,1,-1,-1,1,1,1,1,1,0
UCI327-09923,1,-1,1,-1,1,1,1,1,-1,-1,1,-1,1,1,1,-1,1,-1,0,-1,1,-1,1,1,1,-1,-1,-1,-1,1,0
UCI327-00136,1,-1,1,1,1,-1,-1,-1,-1,1,1,1,1,0,-1,-1,1,1,0,1,1,1,1,-1,-1,1,-1,1,0,1,1
UCI327-08771,1,-1,1,1,1,-1,1,1,-1,1,1,1,1,0,1,1,1,1,0,1,1,1,1,-1,1,0,-1,1,0,1,0
UCI327-05327,1,-1,1,-1,1,-1,1,1,-1,1,1,1,1,0,0,-1,1,-1,0,1,1,1,1,-1,1,1,1,1,0,1,0
UCI327-08527,-1,1,1,1,1,-1,-1,-1,-1,1,1,1,1,-1,1,-1,1,1,0,1,1,1,1,1,1,0,1,1,0,-1,1
UCI327-01754,1,-1,1,1,1,-1,0,1,-1,1,1,1,1,0,0,-1,1,1,0,1,1,1,1,-1,-1,0,-1,1,0,1,1
UCI327-02868,1,-1,1,-1,1,-1,-1,-1,1,1,1,1,-1,-1,-1,-1,1,1,0,1,1,1,1,-1,-1,0,-1,1,0,1,1
UCI327-08983,1,-1,1,1,1,-1,1,1,1,1,1,1,1,0,1,1,1,1,0,1,1,1,1,1,1,1,-1,1,0,-1,0
UCI327-08087,-1,-1,1,1,1,-1,0,0,1,1,1,1,-1,-1,1,-1,1,1,0,1,1,1,1,-1,1,-1,1,1,1,1,1
UCI327-05846,-1,1,-1,1,1,-1,0,-1,1,1,1,1,-1,-1,-1,-1,1,1,1,1,1,1,1,-1,1,0,-1,1,1,1,1
UCI327-06082,-1,1,1,1,1,-1,0,-1,-1,1,1,1,1,-1,0,-1,1,1,1,1,1,1,1,1,1,-1,-1,1,1,-1,1
UCI327-02971,1,-1,1,1,1,-1,0,-1,1,1,1,1,-1,-1,-1,-1,1,1,0,1,1,1,1,-1,-1,0,-1,1,0,-1,1
UCI327-00342,1,1,1,1,1,-1,1,1,-1,1,1,1,1,0,0,1,1,1,0,1,1,1,1,1,1,1,-1,1,0,1,0
UCI327-01178,1,-1,1,1,1,-1,0,0,-1,1,1,1,1,-1,-1,-1,1,1,0,1,1,1,1,1,1,-1,-1,-1,0,1,1
UCI327-06852,-1,1,1,1,1,-1,-1,-1,1,1,1,1,-1,-1,-1,-1,1,1,0,1,1,1,1,1,1,0,-1,1,1,1,1
UCI327-08501,1,-1,1,1,-1,-1,1,1,-1,1,1,1,1,1,1,0,1,1,0,1,1,1,1,1,1,1,-1,1,0,1,0
UCI327-09171,-1,-1,1,1,1,-1,-1,-1,1,1,1,1,-1,-1,0,-1,1,1,0,1,1,1,1,1,1,1,-1,-1,0,-1,1
UCI327-02576,1,-1,1,1,1,-1,1,1,-1,1,1,1,-1,-1,0,-1,1,1,0,1,1,1,1,-1,-1,1,-1,1,0,-1,1
UCI327-00864,1,-1,1,1,1,-1,-1,-1,1,1,1,1,-1,1,-1,-1,1,1,0,1,1,1,1,1,1,-1,-1,1,0,1,1
UCI327-09749,1,-1,1,1,1,1,1,1,1,1,1,1,-1,1,0,1,1,1,0,1,1,1,1,1,1,-1,-1,1,0,1,0
UCI327-05219,1,1,1,1,1,1,0,1,-1,1,1,1,1,0,1,-1,1,1,0,1,1,1,1,1,1,1,-1,1,0,-1,0
UCI327-09434,1,-1,1,1,1,-1,0,1,-1,1,1,1,-1,0,-1,-1,1,1,0,1,1,1,1,1,1,1,-1,-1,0,1,1
UCI327-08349,1,-1,1,1,1,-1,-1,-1,1,1,1,1,-1,-1,-1,-1,1,1,0,-1,1,1,1,1,1,1,-1,-1,0,1,1
UCI327-01733,-1,-1,-1,1,-1,1,1,1,-1,1,1,-1,1,1,0,-1,1,-1,1,1,1,1,1,1,-1,1,1,1,1,1,0
UCI327-00705,1,-1,1,1,1,-1,1,1,-1,1,1,1,-1,1,0,-1,1,1,0,1,1,1,1,1,1,-1,-1,-1,1,1,0
UCI327-02351,1,-1,1,-1,1,-1,-1,1,-1,1,1,1,1,1,1,-1,1,1,0,1,1,1,1,1,1,1,1,1,0,1,0
UCI327-06064,-1,-1,1,1,-1,-1,0,-1,1,1,1,-1,-1,0,-1,-1,1,1,0,1,1,1,1,-1,1,1,-1,-1,1,1,1
UCI327-06101,-1,1,-1,1,-1,-1,0,-1,-1,1,1,-1,1,-1,-1,-1,1,-1,0,1,1,1,1,1,-1,1,1,-1,1,1,1
UCI327-05861,-1,-1,1,1,1,-1,0,1,1,1,1,1,1,-1,-1,-1,1,1,0,1,1,1,1,-1,1,0,1,1,0,1,1
UCI327-00474,1,-1,1,1,1,-1,-1,-1,-1,1,1,1,1,-1,-1,-1,1,1,0,1,1,1,1,-1,-1,-1,-1,1,1,1,1
UCI327-07427,1,-1,1,1,1,1,-1,1,1,1,1,1,-1,0,0,-1,1,1,0,1,1,1,1,-1,1,1,-1,1,0,1,0
UCI327-09026,1,1,1,1,1,-1,-1,0,-1,1,1,1,1,-1,-1,-1,1,1,0,1,1,1,1,1,1,1,1,1,0,-1,1
UCI327-08114,-1,-1,1,1,1,-1,1,0,1,1,1,1,-1,0,-1,0,1,1,0,1,1,1,1,-1,1,-1,-1,1,1,1,1
UCI327-06119,1,-1,1,1,1,-1,-1,1,1,1,1,1,-1,0,0,1,1,1,0,1,1,1,1,-1,1,-1,-1,1,0,1,0
UCI327-00389,1,-1,1,1,1,-1,-1,-1,-1,1,1,1,-1,1,-1,-1,1,1,0,1,1,1,1,-1,-1,0,-1,1,0,1,1
UCI327-05354,-1,-1,-1,1,-1,-1,1,1,-1,1,1,-1,1,1,1,1,1,-1,0,1,1,1,1,-1,-1,1,-1,1,1,1,0
UCI327-07174,-1,-1,1,1,1,1,1,1,-1,1,1,1,1,0,1,-1,1,1,0,1,1,1,1,-1,1,1,1,1,0,1,0
UCI327-00188,-1,-1,-1,1,-1,-1,0,-1,1,-1,1,-1,-1,-1,1,-1,1,-1,0,-1,1,-1,-1,-1,-1,1,-1,-1,1,-1,1
UCI327-06307,-1,-1,-1,-1,-1,1,1,1,-1,1,1,-1,1,1,1,-1,-1,-1,0,1,1,1,1,-1,-1,1,-1,1,0,1,0
UCI327-10410,1,-1,1,1,1,-1,0,-1,-1,1,1,-1,1,0,1,-1,1,1,0,1,1,1,1,1,1,1,-1,1,-1,1,1
UCI327-10694,1,-1,1,1,1,-1,-1,-1,1,1,1,1,-1,1,-1,-1,1,1,0,1,1,1,1,1,1,1,-1,1,0,1,1
UCI327-09623,-1,-1,1,1,1,-1,0,-1,-1,1,1,1,1,0,-1,-1,1,1,0,1,1,1,1,1,1,1,-1,1,-1,1,1
UCI327-06065,1,-1,1,1,1,-1,-1,1,-1,1,1,1,-1,0,1,1,1,1,0,1,1,1,1,-1,1,1,-1,1,0,1,0
UCI327-01911,1,-1,1,1,1,-1,0,0,-1,-1,-1,1,-1,-1,0,-1,-1,1,0,1,1,-1,1,1,1,0,-1,-1,0,-1,1
UCI327-08989,-1,-1,1,1,1,-1,-1,-1,1,1,1,1,1,-1,-1,-1,1,1,0,1,1,1,1,1,1,1,-1,1,1,1,1
UCI327-02726,1,-1,1,1,1,-1,-1,1,-1,-1,-1,1,1,0,-1,1,-1,1,0,1,-1,-1,-1,1,-1,1,1,1,1,-1,0
UCI327-02390,1,-1,1,1,1,-1,-1,-1,-1,1,1,1,1,-1,0,-1,1,1,0,1,1,1,1,-1,1,1,-1,1,0,1,1
UCI327-10484,1,-1,1,1,1,1,1,1,-1,1,1,1,1,1,1,-1,1,1,0,1,1,1,1,-1,1,0,-1,1,0,1,0
UCI327-09470,-1,-1,1,1,1,-1,0,1,-1,1,1,1,1,0,-1,-1,1,1,0,1,1,1,1,1,1,1,-1,1,-1,1,1
UCI327-09441,-1,-1,1,1,1,-1,1,1,-1,-1,1,1,1,0,-1,0,1,1,0,-1,1,-1,1,1,1,1,-1,1,1,1,0
UCI327-00047,1,-1,1,1,1,-1,-1,-1,-1,1,1,-1,-1,0,-1,-1,1,1,0,1,1,1,1,-1,-1,1,-1,1,0,1,1
UCI327-00542,-1,1,-1,1,-1,-1,-1,1,-1,1,1,-1,1,0,-1,1,1,-1,1,1,1,1,1,1,-1,0,-1,1,1,1,0
UCI327-02796,1,1,1,1,1,-1,-1,-1,-1,1,1,1,1,-1,0,1,1,1,0,1,1,1,1,-1,1,-1,-1,1,0,-1,1
UCI327-00927,-1,-1,-1,1,-1,-1,-1,-1,-1,-1,-1,-1,-1,-1,1,-1,-1,-1,1,-1,-1,-1,-1,1,-1,1,-1,1,1,-1,1
UCI327-00387,1,-1,1,1,1,-1,0,1,-1,1,1,1,-1,0,0,-1,1,1,0,1,1,1,1,1,-1,1,1,-1,1,1,0
UCI327-07673,1,-1,1,1,1,-1,0,1,1,1,1,1,-1,0,0,0,1,1,0,1,1,1,1,-1,1,-1,-1,1,0,-1,0
UCI327-00923,1,1,1,-1,1,-1,-1,-1,-1,1,1,1,-1,-1,0,1,1,1,0,1,1,1,1,-1,1,-1,-1,1,0,1,1
UCI327-10183,-1,-1,1,1,1,-1,1,1,1,1,1,-1,-1,1,1,0,1,1,0,1,1,1,1,1,1,-1,-1,1,1,1,0
UCI327-06798,1,1,1,1,1,-1,-1,-1,-1,1,1,1,1,0,0,0,1,1,1,1,1,1,1,1,1,0,1,1,0,1,1
UCI327-00809,1,-1,1,1,1,-1,-1,-1,1,1,1,1,-1,-1,-1,-1,1,1,0,1,1,1,1,-1,-1,-1,-1,-1,1,1,1
UCI327-09641,-1,-1,1,1,1,-1,0,1,-1,1,1,1,-1,0,-1,-1,1,1,0,1,1,1,1,1,1,0,-1,-1,0,1,1
UCI327-09127,-1,-1,-1,1,1,-1,-1,0,1,1,1,1,-1,-1,0,-1,1,1,0,1,1,1,1,1,1,0,-1,1,0,-1,1
UCI327-01933,1,-1,1,1,1,-1,1,1,-1,1,1,1,-1,1,0,-1,1,1,0,1,1,1,1,1,-1,-1,-1,1,1,1,0
UCI327-08493,-1,-1,1,1,1,-1,1,1,-1,-1,1,1,-1,0,-1,0,-1,1,0,-1,1,-1,1,-1,1,0,-1,1,1,1,0
UCI327-09408,1,-1,1,-1,1,-1,-1,0,1,-1,-1,1,-1,0,0,0,-1,1,0,-1,-1,-1,-1,1,1,0,-1,-1,0,1,1
UCI327-10325,-1,-1,1,1,1,-1,0,-1,1,1,1,1,-1,-1,0,0,1,1,0,1,1,1,1,1,1,1,-1,1,0,1,1
UCI327-09726,-1,-1,-1,-1,-1,-1,0,1,1,-1,1,-1,-1,0,1,-1,1,-1,1,1,1,-1,1,1,-1,1,-1,1,1,1,0
UCI327-01213,1,-1,1,1,1,-1,0,-1,1,1,1,1,-1,-1,-1,-1,1,1,0,1,1,1,1,-1,1,1,-1,1,0,1,1
UCI327-09038,1,1,1,1,1,-1,1,1,-1,1,1,1,1,0,1,1,1,1,0,1,1,1,1,1,1,-1,1,1,0,-1,0
UCI327-09272,-1,-1,1,1,1,-1,-1,1,1,1,1,1,-1,1,-1,-1,1,1,0,1,1,1,1,1,1,-1,-1,1,1,1,0
UCI327-03997,-1,-1,-1,-1,-1,-1,-1,-1,-1,1,1,-1,-1,-1,1,-1,1,-1,1,1,1,1,1,-1,1,-1,-1,1,0,1,1
UCI327-01502,1,-1,1,1,1,-1,0,1,-1,1,1,1,1,0,0,-1,1,1,0,1,1,1,1,-1,1,1,1,-1,0,1,0
UCI327-06868,-1,1,1,1,1,-1,1,1,-1,-1,1,1,1,0,0,-1,1,1,1,-1,1,-1,-1,1,1,0,1,1,0,1,0
UCI327-00294,1,-1,1,1,1,1,-1,1,1,-1,-1,1,-1,1,0,-1,-1,1,0,1,1,-1,-1,-1,1,0,-1,1,0,1,0
UCI327-00011,1,1,-1,1,1,-1,1,-1,-1,1,1,1,1,-1,-1,-1,-1,-1,0,1,1,1,1,-1,-1,-1,-1,1,0,-1,1
UCI327-11010,1,1,1,1,1,-1,1,1,-1,1,1,1,1,0,0,0,1,1,0,1,1,1,1,-1,1,1,1,1,0,1,0
UCI327-05554,-1,-1,1,-1,1,-1,0,-1,1,1,1,1,-1,-1,-1,-1,1,1,1,1,1,1,1,-1,1,-1,1,1,0,-1,1
UCI327-00511,1,1,1,1,1,-1,0,1,-1,1,1,1,1,0,0,1,1,1,0,1,1,1,1,-1,-1,1,-1,1,0,1,0
UCI327-00591,1,-1,1,1,1,-1,1,1,-1,1,1,1,1,0,1,-1,1,1,0,1,1,1,1,1,1,-1,-1,1,1,1,0
UCI327-00555,1,1,1,-1,1,-1,0,0,1,1,1,1,-1,-1,0,1,1,1,0,1,1,1,1,1,1,-1,-1,1,0,1,1
UCI327-06320,-1,-1,-1,1,-1,-1,0,1,-1,1,1,-1,1,0,0,-1,1,-1,0,1,1,1,1,-1,-1,1,1,-1,1,1,0
UCI327-00356,1,-1,1,-1,1,-1,0,1,-1,1,1,1,1,0,1,-1,1,1,0,1,1,1,1,-1,1,1,1,1,0,1,0
UCI327-03054,1,-1,1,1,1,-1,0,0,1,1,1,1,-1,-1,0,-1,1,1,0,1,1,1,1,1,-1,0,-1,1,0,-1,1
UCI327-02530,1,-1,1,1,1,-1,1,1,-1,-1,-1,1,1,0,0,-1,1,1,0,1,1,-1,1,1,1,0,-1,-1,0,-1,0
UCI327-06746,-1,-1,1,1,-1,-1,0,1,-1,1,1,1,-1,0,-1,-1,1,1,1,1,1,1,1,-1,1,-1,-1,-1,0,1,1
UCI327-09852,-1,-1,1,1,-1,-1,0,0,1,1,1,1,-1,0,-1,-1,1,1,1,1,1,1,1,1,1,1,-1,1,1,1,1
UCI327-08415,1,1,1,-1,1,1,0,1,-1,1,1,1,1,0,0,-1,-1,-1,0,1,1,1,1,-1,1,1,1,1,0,1,0
UCI327-07354,1,1,1,1,1,-1,0,-1,-1,1,1,1,1,-1,0,-1,1,1,1,1,1,1,1,1,1,-1,1,1,0,-1,1
UCI327-05477,-1,1,1,-1,1,-1,-1,-1,-1,1,1,1,1,0,0,0,1,1,0,1,1,1,1,1,1,1,-1,1,0,1,0
UCI327-01842,1,-1,1,1,1,-1,-1,-1,1,1,1,1,-1,-1,-1,-1,1,1,0,1,1,1,1,-1,-1,-1,-1,-1,0,1,1
UCI327-08324,-1,-1,1,1,1,-1,0,0,-1,1,1,1,1,-1,0,-1,1,1,0,1,1,1,1,1,1,1,-1,1,1,1,1
UCI327-05216,-1,-1,1,-1,1,-1,1,-1,1,-1,-1,-1,-1,-1,1,-1,-1,-1,0,-1,1,-1,1,-1,1,-1,-1,1,0,-1,1
UCI327-00875,-1,1,-1,1,-1,-1,-1,1,-1,1,1,-1,1,1,-1,1,1,-1,1,1,1,1,1,1,-1,1,-1,1,1,1,0
UCI327-07814,-1,-1,1,1,1,-1,-1,1,1,1,1,1,-1,0,-1,-1,1,1,0,1,1,1,1,-1,1,1,1,1,1,1,1
UCI327-07604,-1,-1,1,1,1,-1,0,-1,-1,1,1,1,1,-1,0,-1,1,1,0,1,1,1,1,-1,1,-1,-1,1,0,1,1
UCI327-07595,-1,1,1,-1,1,-1,0,1,1,-1,-1,1,-1,-1,-1,-1,1,1,0,-1,-1,-1,-1,-1,1,0,-1,1,0,1,1
UCI327-01100,1,-1,1,1,1,-1,-1,-1,-1,-1,-1,1,1,-1,0,-1,-1,1,0,-1,-1,-1,-1,-1,1,-1,-1,1,0,-1,1
UCI327-02864,1,-1,1,-1,1,-1,0,0,-1,1,1,1,1,-1,-1,-1,1,1,0,1,1,1,1,1,-1,0,-1,1,0,1,1
UCI327-10428,1,-1,1,1,1,-1,1,1,-1,1,1,1,1,0,1,1,1,1,0,1,1,1,1,1,1,0,-1,1,0,-1,0
UCI327-07047,1,-1,1,1,1,1,-1,1,-1,1,1,1,1,1,0,1,1,1,0,1,1,1,1,-1,1,1,1,1,0,1,0
UCI327-09033,-1,-1,-1,-1,-1,-1,-1,0,1,-1,-1,-1,-1,-1,-1,-1,-1,-1,1,1,1,-1,1,1,-1,0,-1,1,1,1,1
UCI327-09694,-1,-1,1,1,1,-1,-1,0,1,1,1,1,-1,-1,0,1,1,1,0,1,1,1,1,1,1,0,-1,1,0,1,1
UCI327-02417,1,-1,1,1,1,-1,-1,1,1,1,1,1,1,0,1,-1,1,1,0,1,1,1,1,-1,-1,-1,-1,1,1,1,0
UCI327-07435,-1,-1,-1,-1,-1,-1,1,-1,-1,-1,-1,-1,-1,-1,1,0,-1,-1,0,-1,-1,-1,-1,-1,-1,1,1,-1,1,1,1
UCI327-08624,-1,-1,-1,-1,-1,-1,1,1,1,1,1,-1,-1,0,0,-1,1,-1,1,1,1,1,1,1,-1,-1,-1,1,1,1,0
UCI327-06811,-1,-1,-1,1,-1,-1,0,1,-1,1,1,-1,1,0,0,1,1,-1,0,1,1,1,1,-1,-1,1,-1,-1,1,1,0
UCI327-10858,1,-1,1,1,1,-1,1,-1,1,1,1,1,-1,0,-1,-1,1,1,0,1,1,1,1,1,1,0,-1,1,0,1,1
UCI327-03462,1,-1,1,-1,1,-1,-1,-1,-1,1,1,1,-1,-1,-1,-1,1,1,0,1,1,1,1,-1,-1,-1,-1,1,0,1,1
UCI327-03123,1,-1,1,1,1,-1,0,0,1,1,1,1,-1,-1,0,-1,1,1,0,1,1,1,1,1,1,-1,1,1,0,1,1
UCI327-02725,1,-1,1,1,1,1,0,1,-1,1,1,1,1,0,0,1,1,1,0,1,1,-1,1,-1,-1,1,-1,1,1,1,0
UCI327-00415,1,-1,1,1,1,-1,-1,-1,1,1,1,1,1,-1,-1,-1,1,1,0,1,1,1,1,-1,1,-1,-1,1,0,1,1
UCI327-00403,1,-1,1,1,1,1,-1,1,1,-1,-1,1,-1,1,-1,-1,-1,1,0,1,1,-1,1,1,-1,1,-1,1,1,1,0
UCI327-00732,1,-1,1,1,1,1,-1,1,1,1,1,1,-1,0,1,-1,1,1,0,1,1,1,1,1,-1,1,-1,1,1,1,0
UCI327-02929,1,-1,1,1,1,-1,1,-1,1,1,1,1,-1,-1,0,-1,1,1,0,1,1,1,1,1,-1,-1,-1,-1,1,1,1
UCI327-06658,-1,-1,1,1,1,-1,1,1,1,1,1,1,-1,0,0,1,1,1,1,1,1,1,1,-1,1,0,1,1,0,1,0
UCI327-05229,1,-1,1,-1,1,-1,1,1,1,1,1,1,-1,0,-1,0,1,1,0,1,1,1,1,-1,1,-1,1,1,0,1,0
UCI327-05284,-1,-1,1,1,1,-1,0,-1,-1,1,1,1,1,-1,0,-1,1,1,0,1,1,1,1,-1,1,0,1,1,1,-1,1
UCI327-00099,1,-1,1,1,1,-1,1,1,-1,1,1,-1,1,0,1,-1,1,1,0,1,1,1,1,1,1,1,-1,1,0,1,0
UCI327-08922,1,-1,1,1,1,-1,1,-1,1,1,1,1,-1,0,1,0,1,1,0,1,1,1,1,-1,1,0,-1,1,0,1,0
UCI327-02533,1,-1,1,1,1,-1,0,1,1,1,1,1,-1,0,-1,-1,1,-1,0,1,1,1,1,-1,1,1,-1,1,0,1,0
UCI327-01260,1,-1,1,1,1,1,1,1,-1,1,1,1,1,1,1,1,-1,-1,0,1,1,1,1,1,-1,-1,-1,1,-1,-1,0
UCI327-06854,-1,-1,1,1,1,-1,1,1,-1,1,1,1,1,1,1,-1,1,1,0,1,1,1,1,-1,1,1,-1,1,1,1,0
UCI327-01046,1,-1,1,1,1,-1,-1,-1,1,1,1,1,-1,-1,0,-1,1,1,0,1,1,1,1,1,1,-1,-1,1,0,1,1
UCI327-08564,1,1,1,-1,1,-1,1,0,-1,1,1,1,1,0,0,-1,1,1,0,1,1,1,1,1,1,1,-1,1,-1,1,0
UCI327-05972,-1,-1,1,1,1,-1,-1,-1,1,1,1,1,-1,0,-1,-1,1,1,0,1,1,1,1,-1,1,1,1,1,1,1,1
UCI327-02616,1,-1,1,-1,1,-1,0,1,1,1,1,1,-1,-1,0,-1,1,1,0,1,1,1,1,1,-1,-1,1,1,1,-1,1
UCI327-05799,1,-1,1,1,1,-1,1,1,-1,1,1,1,1,1,1,1,1,1,0,1,1,1,1,-1,1,1,-1,1,0,1,0
UCI327-07732,-1,1,1,-1,1,-1,0,1,-1,1,1,1,1,-1,-1,-1,1,1,1,1,1,1,1,1,1,0,-1,1,0,1,1
UCI327-09185,-1,1,1,-1,-1,-1,1,-1,-1,-1,-1,1,1,-1,-1,1,-1,-1,1,-1,1,-1,1,1,1,1,1,1,-1,1,1
UCI327-06364,-1,-1,1,1,1,-1,0,1,-1,1,1,1,1,0,0,1,1,1,0,1,1,1,1,-1,1,1,-1,1,1,1,0
UCI327-10935,-1,-1,1,1,1,-1,0,1,1,1,1,1,-1,0,0,-1,1,1,0,1,1,1,1,1,1,1,-1,1,1,1,1
UCI327-00509,1,-1,1,1,1,-1,1,1,-1,-1,-1,1,1,0,-1,-1,-1,1,0,-1,1,-1,1,-1,-1,0,-1,1,0,-1,0
UCI327-07939,-1,-1,1,1,1,-1,0,-1,1,1,1,1,-1,0,0,-1,1,1,0,1,1,1,1,-1,1,1,-1,1,0,-1,1
UCI327-10232,-1,-1,1,1,1,-1,1,0,1,1,1,1,1,0,-1,-1,1,1,0,1,1,1,1,1,1,0,-1,-1,0,1,1
UCI327-09468,1,-1,1,1,1,-1,0,1,-1,1,1,1,1,0,-1,-1,1,1,0,1,1,1,1,1,1,1,-1,-1,0,1,1
UCI327-09613,-1,-1,1,1,1,-1,-1,-1,-1,1,1,1,1,0,-1,-1,-1,1,0,1,1,1,1,1,1,1,-1,1,-1,1,1
UCI327-08854,1,-1,1,-1,1,-1,1,1,1,1,1,-1,-1,0,0,-1,1,-1,0,1,1,1,1,-1,1,0,-1,1,0,1,0
UCI327-08314,1,1,1,-1,1,-1,0,1,-1,1,1,1,1,0,0,-1,-1,-1,0,-1,-1,-1,-1,1,1,-1,-1,1,0,1,0
UCI327-01043,1,-1,1,1,1,-1,0,-1,-1,1,1,1,1,-1,1,-1,1,1,0,1,1,1,1,-1,1,-1,-1,1,1,1,1
UCI327-00327,-1,1,-1,1,-1,-1,0,-1,-1,1,1,-1,1,-1,1,1,1,-1,1,1,1,1,1,-1,-1,-1,-1,1,0,-1,1
UCI327-00762,1,1,1,1,1,1,-1,1,-1,-1,-1,1,1,0,-1,1,-1,1,0,-1,-1,-1,-1,1,-1,1,-1,1,1,-1,0
UCI327-07769,-1,-1,1,1,1,-1,0,-1,-1,1,1,1,-1,-1,0,1,1,1,0,1,1,1,1,-1,1,-1,1,1,1,1,1
UCI327-05377,-1,0,-1,1,1,-1,1,1,-1,1,1,-1,1,0,1,1,1,1,0,1,1,1,1,-1,1,1,1,1,0,1,0
UCI327-10619,-1,0,1,1,1,-1,0,1,-1,-1,1,-1,-1,-1,0,-1,1,1,0,-1,1,-1,-1,1,1,0,-1,1,0,-1,1
UCI327-02940,1,-1,1,1,1,-1,-1,-1,-1,1,1,1,-1,0,-1,-1,1,1,0,1,1,1,1,-1,-1,0,-1,1,0,-1,1
UCI327-00436,1,-1,1,-1,1,-1,0,0,1,1,1,1,-1,-1,0,-1,1,1,0,1,1,1,1,1,-1,-1,-1,1,0,1,1
UCI327-07802,-1,-1,-1,1,-1,1,0,1,-1,1,1,-1,1,1,1,-1,1,-1,0,1,1,1,1,-1,-1,1,1,-1,1,1,0
UCI327-09786,-1,-1,1,1,1,-1,0,1,1,-1,1,1,1,0,-1,-1,1,1,0,1,-1,-1,-1,1,1,-1,-1,1,1,1,0
UCI327-08914,1,1,1,1,1,-1,1,1,-1,-1,1,1,1,0,-1,0,1,1,0,-1,1,-1,1,-1,1,0,1,1,0,1,0
UCI327-09740,-1,-1,1,1,1,-1,1,1,-1,1,1,1,1,0,1,0,1,1,0,1,1,1,1,1,1,0,-1,1,1,1,0
UCI327-00322,1,-1,1,1,1,-1,1,1,1,-1,1,1,-1,1,-1,-1,1,1,0,1,1,-1,1,1,-1,1,-1,1,1,1,0
UCI327-07008,1,-1,1,-1,1,1,1,1,-1,-1,-1,1,-1,1,1,-1,-1,1,0,-1,-1,-1,-1,-1,1,1,-1,1,1,1,0
UCI327-06560,-1,-1,1,1,1,-1,0,-1,1,1,1,1,-1,-1,0,-1,1,1,1,1,1,1,1,-1,1,-1,1,1,1,1,1
UCI327-01698,1,1,1,1,1,-1,0,-1,-1,1,1,1,1,-1,0,1,1,1,0,1,1,1,1,-1,-1,0,-1,-1,1,1,1
UCI327-09965,1,-1,1,1,1,-1,0,-1,1,1,1,1,-1,0,-1,-1,1,1,0,1,1,1,1,1,1,0,-1,-1,0,1,1
UCI327-09677,-1,-1,1,1,1,-1,0,1,1,1,1,1,-1,0,0,1,1,1,0,1,1,1,1,1,1,1,-1,-1,0,1,0
UCI327-05183,-1,-1,-1,1,-1,1,1,1,-1,1,1,-1,1,0,0,-1,1,1,0,1,1,1,1,-1,-1,1,1,1,1,1,0
UCI327-09324,-1,1,1,1,1,-1,-1,0,-1,1,1,1,1,-1,0,-1,1,1,0,1,1,1,1,1,1,1,1,1,0,1,1
UCI327-07267,-1,-1,-1,-1,-1,-1,-1,1,1,1,1,-1,-1,1,-1,1,1,-1,0,1,1,1,1,-1,-1,1,-1,1,1,1,0
UCI327-06429,1,-1,1,1,1,-1,-1,1,-1,1,1,1,1,0,0,1,1,1,1,1,1,1,1,-1,1,1,-1,1,0,1,0
UCI327-04686,1,-1,1,1,1,-1,0,-1,1,1,1,1,1,0,-1,-1,1,1,0,1,1,1,1,-1,-1,1,-1,-1,1,1,1
UCI327-09430,-1,1,1,1,1,-1,0,-1,1,1,1,1,-1,-1,-1,-1,1,1,0,1,1,1,1,1,1,1,1,1,1,1,1
UCI327-00168,1,-1,1,1,1,-1,-1,1,1,1,1,1,-1,-1,-1,-1,1,1,0,1,1,1,1,-1,1,0,-1,-1,1,1,1
UCI327-05418,-1,-1,1,1,1,-1,0,-1,-1,1,1,1,1,-1,-1,-1,1,1,1,1,1,1,1,-1,1,-1,1,1,1,-1,1
UCI327-01315,1,1,1,1,-1,-1,-1,1,-1,-1,1,-1,1,0,1,1,1,1,0,-1,1,-1,1,1,-1,1,-1,1,0,1,0
UCI327-06650,-1,-1,1,1,1,-1,0,0,-1,1,1,1,1,-1,0,-1,1,1,0,1,1,1,1,-1,1,0,-1,1,0,1,1
UCI327-08820,-1,-1,1,1,1,-1,1,1,-1,-1,1,1,-1,1,-1,-1,1,1,0,1,1,-1,1,1,1,1,-1,1,1,1,0
UCI327-02884,1,-1,1,-1,1,-1,-1,-1,1,1,1,1,-1,-1,0,-1,1,1,0,1,1,1,1,-1,-1,-1,-1,-1,0,-1,1
UCI327-06571,-1,-1,1,-1,1,-1,-1,1,-1,-1,-1,1,1,0,1,0,-1,1,0,-1,-1,-1,-1,-1,1,1,-1,1,1,1,0
UCI327-02320,-1,-1,-1,1,-1,-1,0,0,-1,1,1,-1,-1,-1,1,-1,1,-1,1,1,1,1,1,1,1,-1,-1,1,0,1,1
UCI327-05456,-1,-1,1,-1,1,-1,0,-1,-1,-1,-1,1,1,1,-1,-1,-1,1,1,1,1,1,1,-1,1,1,-1,1,1,1,1
UCI327-08575,-1,-1,1,1,1,-1,0,0,-1,1,1,1,1,0,-1,0,1,1,0,1,1,1,1,1,1,0,-1,1,0,-1,1
UCI327-01625,1,1,1,1,1,-1,1,1,-1,-1,1,1,1,0,-1,1,1,1,0,1,1,-1,1,1,-1,1,-1,1,1,1,0
UCI327-05726,-1,-1,1,1,1,-1,0,1,1,1,1,1,-1,1,0,1,1,1,0,1,1,1,1,-1,1,-1,-1,1,1,1,0
UCI327-05372,-1,-1,1,1,1,1,1,1,1,1,1,1,-1,1,1,-1,1,1,0,1,1,1,1,-1,1,-1,1,1,1,1,0
UCI327-08996,-1,1,-1,-1,-1,-1,-1,-1,-1,1,1,-1,1,-1,1,0,1,-1,1,1,1,1,1,1,-1,0,1,1,0,1,1
UCI327-02240,1,-1,1,1,1,-1,-1,-1,1,-1,-1,1,-1,-1,1,-1,-1,1,0,-1,1,-1,-1,1,1,-1,-1,1,0,-1,1
UCI327-02880,1,1,1,1,1,-1,1,1,-1,1,1,1,1,1,0,1,1,1,0,1,1,1,1,1,1,1,-1,1,0,-1,0
UCI327-06865,1,-1,1,1,1,-1,1,1,-1,1,1,1,1,0,-1,-1,1,1,0,1,1,1,1,-1,1,1,1,1,0,1,0
UCI327-08802,-1,1,1,1,1,-1,1,-1,-1,-1,1,1,1,0,0,-1,-1,1,0,-1,1,-1,1,-1,1,0,1,1,0,1,0
UCI327-05944,-1,-1,1,1,1,-1,0,-1,-1,1,1,1,-1,-1,0,-1,-1,1,0,1,1,1,1,-1,1,-1,1,1,0,1,1
UCI327-02409,-1,-1,-1,1,-1,-1,0,-1,-1,-1,-1,-1,1,-1,1,-1,-1,-1,1,-1,-1,-1,-1,1,-1,-1,-1,1,1,-1,1
UCI327-06016,1,-1,1,1,1,-1,1,1,-1,1,1,1,1,1,1,-1,1,1,0,1,1,1,1,-1,1,1,1,1,0,1,0
UCI327-09503,1,-1,1,-1,1,-1,-1,-1,1,-1,-1,1,-1,0,0,0,-1,1,0,1,1,-1,1,1,1,1,-1,-1,0,1,1
UCI327-00616,1,-1,1,1,1,-1,-1,-1,-1,1,1,1,-1,0,-1,-1,1,1,0,1,1,1,1,-1,1,1,-1,1,0,1,1
UCI327-02288,1,1,1,-1,1,-1,0,-1,-1,1,1,1,1,-1,0,1,1,1,0,1,1,1,1,-1,1,-1,-1,1,0,1,1
UCI327-09719,-1,-1,1,-1,-1,1,1,1,-1,-1,-1,1,1,1,-1,1,-1,-1,1,-1,1,-1,1,1,1,1,-1,1,1,1,0
UCI327-00396,1,-1,1,1,1,1,0,1,-1,1,1,1,-1,1,0,-1,1,1,0,1,1,1,1,1,1,1,-1,1,1,1,0
UCI327-08953,-1,-1,1,1,1,-1,1,-1,1,1,1,1,1,0,0,-1,1,1,0,1,1,1,1,1,1,1,-1,-1,1,1,1
UCI327-09080,-1,-1,1,1,1,-1,-1,1,-1,1,1,1,-1,0,1,-1,1,1,0,1,1,1,1,1,1,1,-1,1,1,1,0
UCI327-08707,-1,-1,1,1,1,1,1,1,-1,1,1,1,1,0,-1,-1,1,1,0,1,1,1,1,1,1,-1,-1,1,1,1,0
UCI327-02621,1,1,1,-1,1,-1,0,1,-1,1,1,1,1,-1,-1,1,1,1,0,1,1,1,1,1,1,-1,-1,-1,0,1,1
UCI327-08464,-1,-1,1,1,1,1,1,-1,-1,1,1,1,-1,1,1,-1,1,1,0,1,1,1,1,1,1,0,-1,1,1,1,0
UCI327-01511,-1,1,-1,1,-1,1,1,1,-1,1,1,-1,-1,0,1,1,1,-1,1,1,1,1,1,1,-1,1,-1,1,1,-1,0
UCI327-02711,-1,-1,-1,1,-1,-1,0,0,-1,1,1,-1,-1,-1,1,-1,1,-1,0,1,1,1,1,1,-1,-1,1,1,0,1,1
UCI327-00270,1,-1,1,1,1,-1,0,-1,-1,1,1,1,1,-1,-1,-1,1,1,0,1,1,1,1,-1,1,1,-1,1,0,1,1
UCI327-00632,1,-1,1,1,1,1,0,-1,-1,1,1,1,1,1,1,-1,1,1,0,1,1,1,1,1,1,1,-1,1,0,1,0
UCI327-10897,-1,1,1,1,1,-1,0,-1,-1,1,1,1,1,-1,0,-1,1,1,0,1,1,1,1,-1,1,0,1,-1,1,1,1
UCI327-08863,1,-1,1,1,1,-1,1,1,-1,1,1,1,1,0,-1,1,1,1,0,1,1,1,1,1,1,1,-1,-1,0,1,0
UCI327-01346,1,-1,1,1,1,1,1,1,-1,1,1,1,-1,0,-1,-1,-1,1,0,1,1,1,1,1,1,0,-1,-1,0,1,0
UCI327-10668,-1,-1,1,1,1,-1,-1,0,-1,1,1,1,1,-1,0,-1,-1,1,0,1,1,1,1,1,1,1,-1,1,0,1,1
UCI327-09008,-1,-1,1,1,1,-1,1,-1,-1,1,1,1,-1,0,-1,-1,1,1,0,1,1,1,1,1,1,1,-1,1,0,1,1
UCI327-02201,1,1,1,1,1,-1,-1,-1,-1,1,1,1,1,0,0,1,1,1,0,1,1,1,1,-1,1,0,-1,1,0,1,1
UCI327-01141,1,-1,1,1,1,-1,-1,-1,-1,1,1,1,1,0,-1,-1,1,1,0,1,1,1,1,1,-1,1,-1,1,0,1,1
UCI327-08731,-1,-1,1,1,1,-1,0,1,-1,1,1,1,1,0,-1,-1,1,1,0,1,1,1,1,1,1,1,-1,-1,0,1,1
UCI327-06815,-1,1,-1,1,-1,-1,-1,-1,-1,1,1,-1,1,-1,-1,-1,1,-1,0,1,1,1,1,1,-1,1,1,-1,1,1,1
UCI327-08391,-1,-1,1,-1,1,1,1,1,-1,1,1,1,-1,1,0,-1,1,1,0,1,1,1,1,1,1,1,-1,-1,1,1,0
UCI327-08704,-1,-1,1,1,1,-1,0,-1,1,1,1,1,-1,0,1,-1,1,1,0,1,1,1,1,1,1,1,-1,1,1,1,1
UCI327-05607,1,-1,1,1,1,-1,0,1,1,1,1,1,-1,0,-1,-1,1,1,0,1,1,1,1,-1,1,1,1,1,0,1,1
UCI327-09807,-1,1,1,1,1,-1,1,1,-1,-1,-1,1,1,0,-1,-1,-1,1,0,-1,1,-1,-1,1,1,0,1,1,-1,1,0
UCI327-10145,-1,-1,1,1,1,1,1,1,-1,1,1,1,1,0,1,-1,1,1,0,1,1,1,1,1,1,1,-1,1,0,1,0
UCI327-07348,1,-1,1,1,1,-1,1,1,-1,1,1,1,-1,1,-1,-1,1,1,0,1,1,1,1,-1,1,1,1,1,0,1,0
UCI327-09887,-1,1,1,1,1,-1,0,1,-1,-1,1,1,1,0,0,-1,1,1,0,-1,1,-1,-1,1,1,1,1,-1,0,1,0
UCI327-08838,-1,-1,1,-1,-1,-1,1,1,-1,1,1,1,-1,0,-1,-1,1,1,1,1,1,1,1,1,1,1,-1,1,0,1,1
UCI327-05167,1,1,1,1,1,-1,1,1,1,1,1,1,-1,1,1,0,1,1,0,1,1,1,1,-1,1,1,1,1,0,-1,0
UCI327-01281,1,-1,1,1,1,-1,1,-1,1,1,1,1,-1,0,0,-1,1,1,0,1,1,1,1,-1,-1,1,-1,1,0,1,1
UCI327-08696,1,-1,1,1,1,-1,-1,0,-1,1,1,1,1,0,1,-1,1,1,0,1,1,1,1,1,1,1,-1,1,0,1,1
UCI327-10470,-1,-1,1,1,1,-1,1,-1,-1,1,1,1,-1,-1,0,-1,1,1,0,1,1,1,1,1,1,0,-1,1,0,1,1
UCI327-08534,1,-1,1,1,1,-1,1,1,-1,1,1,1,1,1,0,1,1,1,0,1,1,1,1,-1,1,-1,-1,1,0,1,0
UCI327-07638,-1,-1,-1,1,1,-1,1,-1,-1,1,1,1,1,0,-1,0,1,1,0,1,1,1,1,-1,1,-1,1,1,1,1,1
UCI327-00801,1,-1,1,1,1,-1,0,-1,-1,1,1,1,1,-1,0,-1,1,1,0,1,1,1,1,-1,1,0,-1,-1,1,1,1
UCI327-05533,-1,-1,1,1,1,-1,1,1,-1,1,1,1,-1,0,-1,0,1,1,0,1,1,1,1,-1,1,1,-1,1,0,1,0
UCI327-01687,1,-1,1,1,1,-1,0,0,-1,1,1,1,1,-1,0,-1,1,1,0,1,1,1,1,1,-1,-1,-1,-1,0,1,1
UCI327-08270,1,-1,1,-1,1,-1,-1,1,1,1,1,1,-1,0,-1,0,1,1,0,1,1,1,1,1,1,1,-1,1,0,1,0
UCI327-05340,-1,-1,1,1,1,-1,0,0,-1,1,1,1,-1,-1,-1,-1,1,-1,1,1,1,1,1,-1,1,-1,1,1,0,-1,1
UCI327-00926,1,-1,1,1,1,-1,-1,-1,1,1,1,1,-1,0,-1,-1,1,1,0,1,1,1,1,1,1,0,-1,1,1,1,1
UCI327-01337,1,-1,1,1,1,-1,-1,-1,1,1,1,1,-1,1,-1,-1,1,1,0,1,1,1,1,-1,1,-1,-1,-1,1,1,1
UCI327-09353,1,-1,-1,-1,-1,-1,1,1,-1,1,1,-1,1,0,-1,1,-1,-1,0,1,1,1,1,1,-1,1,-1,1,-1,1,0
UCI327-10295,-1,-1,1,1,1,1,1,1,-1,1,1,1,1,0,-1,-1,1,1,0,1,1,1,1,-1,1,-1,-1,1,1,1,0
UCI327-02321,1,-1,1,-1,1,-1,0,0,-1,1,1,1,1,-1,0,-1,1,1,0,1,1,1,1,1,1,-1,-1,1,0,1,1
UCI327-01734,1,-1,1,1,1,-1,0,1,-1,-1,-1,1,1,1,1,-1,-1,1,0,-1,1,-1,1,-1,-1,1,-1,1,1,-1,0
UCI327-00357,1,-1,1,1,1,1,0,1,-1,1,1,1,1,0,0,-1,1,1,0,1,1,1,1,1,1,1,-1,1,0,1,0
UCI327-08191,-1,-1,-1,-1,1,-1,-1,1,-1,-1,-1,1,1,1,0,-1,-1,1,0,-1,-1,-1,-1,1,1,-1,-1,1,0,1,0
UCI327-10134,-1,-1,1,1,1,-1,1,0,-1,-1,-1,1,-1,-1,-1,-1,-1,1,0,1,1,-1,1,1,1,0,-1,1,1,1,1
UCI327-00865,1,-1,1,1,1,-1,0,1,1,1,1,1,-1,0,0,-1,1,1,0,1,1,1,1,-1,-1,0,1,1,1,1,0
UCI327-07379,-1,-1,1,1,1,-1,0,1,-1,1,1,1,-1,0,-1,-1,1,1,0,1,1,1,1,-1,1,1,1,1,0,1,1
UCI327-06713,1,-1,1,-1,1,-1,0,1,-1,-1,-1,1,1,1,-1,-1,-1,1,0,-1,1,-1,1,-1,1,1,-1,1,1,1,0
UCI327-09360,-1,-1,1,1,1,-1,1,1,-1,1,1,1,1,0,-1,0,1,1,0,1,1,1,1,1,1,0,-1,1,1,1,0
UCI327-08535,-1,-1,1,-1,1,-1,1,1,-1,-1,-1,1,1,0,1,0,-1,1,0,-1,1,-1,-1,1,1,-1,-1,1,1,1,0
UCI327-07530,1,-1,1,1,1,-1,-1,1,-1,1,1,1,1,0,0,-1,1,1,0,1,1,1,1,-1,1,0,1,1,0,1,0
UCI327-05263,-1,-1,1,-1,1,-1,1,0,-1,1,-1,-1,-1,1,0,0,-1,-1,0,-1,1,-1,1,-1,1,0,1,1,0,1,1
UCI327-08619,-1,-1,1,1,-1,-1,-1,1,-1,1,1,-1,-1,1,1,-1,1,1,0,1,1,1,1,1,1,1,-1,1,0,1,1
UCI327-09442,-1,-1,1,1,1,-1,0,1,1,1,1,1,-1,0,0,-1,1,1,0,1,1,1,1,1,1,-1,-1,1,1,1,1
UCI327-05696,1,-1,1,1,1,1,-1,1,1,1,1,1,-1,1,1,-1,1,1,0,1,1,1,1,-1,1,1,-1,1,0,-1,0
UCI327-10816,1,-1,1,-1,1,-1,1,1,-1,-1,-1,1,1,1,-1,1,-1,1,0,-1,1,-1,-1,-1,1,-1,-1,1,0,1,0
UCI327-05684,-1,-1,1,1,1,-1,1,-1,1,1,1,1,-1,0,1,-1,1,1,0,1,1,1,1,-1,1,1,1,1,1,-1,1
UCI327-05153,-1,-1,1,-1,1,-1,0,1,-1,-1,-1,1,1,0,-1,1,-1,1,0,-1,1,-1,-1,-1,1,1,1,1,1,1,0
UCI327-09664,1,-1,1,1,1,-1,-1,0,1,1,1,1,1,-1,0,-1,1,1,0,1,1,1,1,1,1,0,-1,-1,0,1,1
UCI327-10237,1,0,-1,-1,1,-1,1,1,-1,1,1,1,1,0,0,-1,-1,-1,0,-1,1,-1,1,-1,1,0,-1,1,-1,1,0
UCI327-00058,1,-1,1,1,1,-1,-1,-1,-1,-1,-1,-1,1,0,0,-1,-1,-1,0,-1,1,-1,1,-1,-1,0,-1,1,0,-1,1
UCI327-09782,-1,-1,1,1,1,-1,-1,-1,-1,1,1,1,-1,0,-1,0,1,1,0,1,1,1,1,1,1,1,-1,-1,1,1,1
UCI327-00305,1,1,1,1,1,-1,0,1,-1,-1,1,1,1,0,0,1,1,1,0,-1,1,-1,-1,-1,-1,1,-1,1,1,1,0
UCI327-02235,1,-1,1,-1,1,-1,-1,-1,1,1,1,1,1,-1,0,-1,1,1,0,1,1,1,1,-1,-1,-1,-1,1,1,1,1
UCI327-02176,1,-1,1,1,1,-1,1,1,-1,-1,-1,1,1,0,-1,-1,-1,1,0,-1,1,-1,-1,1,-1,1,1,1,1,-1,0
UCI327-05253,-1,-1,1,-1,1,-1,-1,-1,1,1,1,1,-1,0,-1,-1,1,1,0,1,1,1,1,-1,1,1,-1,1,1,1,0
UCI327-06350,-1,-1,1,1,1,-1,-1,1,1,1,1,1,1,0,0,-1,1,1,0,1,1,1,1,-1,1,-1,-1,1,1,1,0
UCI327-05616,-1,-1,1,1,1,-1,0,0,1,1,1,1,-1,-1,-1,-1,1,1,0,1,1,1,1,-1,1,-1,-1,1,1,1,1
UCI327-05609,1,-1,-1,1,-1,-1,1,-1,-1,1,1,-1,1,0,0,1,1,-1,0,1,1,1,1,-1,-1,1,1,-1,1,1,0
UCI327-06048,1,-1,-1,1,-1,-1,1,1,1,1,1,-1,-1,0,1,-1,1,-1,0,1,1,1,1,-1,-1,-1,1,-1,0,1,0
UCI327-06184,-1,-1,1,1,1,-1,0,1,-1,1,1,1,1,0,0,-1,1,1,0,1,1,1,1,-1,1,0,1,1,-1,1,1
UCI327-02287,1,-1,1,1,1,-1,0,1,-1,-1,-1,1,1,0,0,-1,-1,1,0,-1,1,-1,-1,-1,-1,1,1,1,1,-1,0
UCI327-09001,1,-1,1,1,1,-1,0,-1,-1,1,1,1,1,-1,-1,-1,1,1,0,1,1,1,1,1,1,1,-1,1,0,1,1
UCI327-05583,-1,-1,-1,-1,-1,-1,0,1,1,1,1,-1,-1,0,0,-1,1,-1,0,1,1,1,1,-1,-1,1,-1,-1,1,1,0
UCI327-08422,-1,-1,-1,1,-1,-1,-1,0,-1,1,1,-1,-1,-1,-1,1,1,-1,0,1,1,1,1,1,-1,1,-1,1,0,1,1
UCI327-01310,1,-1,1,1,1,1,-1,1,-1,1,1,1,1,0,0,-1,1,1,0,1,1,1,1,-1,1,1,-1,1,-1,1,0
UCI327-05868,1,-1,1,1,1,-1,0,-1,-1,1,1,1,1,-1,0,-1,1,1,0,1,1,1,1,-1,1,1,1,1,0,-1,1
UCI327-09162,1,-1,1,1,1,-1,1,1,-1,1,1,1,1,0,0,1,1,1,0,1,1,1,1,-1,1,1,-1,-1,0,1,0
UCI327-08565,-1,1,1,-1,1,1,1,1,-1,1,1,1,1,1,-1,-1,-1,-1,0,1,1,1,1,1,1,-1,1,1,1,1,0
UCI327-03460,1,-1,1,-1,1,-1,-1,-1,-1,1,1,1,1,-1,0,-1,1,1,0,1,1,1,1,-1,-1,-1,-1,1,1,1,1
UCI327-09654,1,1,1,1,1,-1,1,1,-1,1,1,1,1,1,0,-1,1,1,0,1,1,1,1,1,1,-1,1,1,0,1,0
UCI327-05895,1,1,1,1,1,-1,-1,1,-1,-1,1,1,1,0,-1,0,1,1,0,-1,1,-1,1,1,1,1,-1,1,0,1,0
UCI327-03606,1,-1,1,1,1,-1,-1,-1,-1,1,1,1,1,-1,-1,-1,1,1,0,1,1,1,1,-1,-1,1,-1,1,0,-1,1
UCI327-00790,1,-1,1,1,1,-1,-1,-1,1,1,1,1,-1,-1,0,-1,1,1,0,1,1,1,1,-1,-1,-1,-1,-1,1,1,1
UCI327-09030,-1,-1,-1,-1,-1,-1,1,1,-1,1,1,-1,1,0,0,-1,1,-1,0,1,1,1,1,1,-1,1,-1,1,-1,1,0
UCI327-10510,-1,-1,1,-1,1,-1,0,-1,-1,1,1,-1,-1,-1,1,-1,1,-1,0,1,1,1,1,1,1,1,-1,-1,-1,-1,1
UCI327-00727,1,-1,1,1,1,-1,1,1,-1,1,1,1,1,0,0,-1,1,1,0,1,1,1,1,1,1,1,1,-1,0,1,0
UCI327-10092,1,-1,1,1,1,-1,1,1,-1,1,1,1,-1,0,0,1,1,1,0,1,1,1,1,1,1,-1,-1,1,0,1,0
UCI327-00438,-1,-1,-1,1,-1,-1,-1,1,-1,1,1,-1,1,1,-1,-1,1,-1,1,1,1,1,1,1,1,1,1,1,1,1,0
UCI327-00027,1,-1,-1,1,1,1,-1,1,1,1,1,1,-1,1,0,-1,-1,-1,0,1,1,1,1,1,-1,0,-1,1,0,-1,0
UCI327-08705,-1,-1,1,1,1,-1,1,-1,-1,1,1,1,1,-1,0,-1,1,1,0,1,1,1,1,1,1,1,-1,1,0,1,1
UCI327-01426,1,-1,1,1,1,-1,0,0,-1,1,1,1,1,-1,0,-1,-1,1,0,1,1,1,1,1,-1,-1,-1,-1,0,1,1
UCI327-08553,-1,1,-1,1,1,1,1,1,-1,1,1,-1,1,0,1,-1,1,1,0,1,1,1,1,1,1,-1,1,1,-1,1,0
UCI327-09998,-1,-1,1,1,1,-1,1,-1,-1,1,1,1,1,1,0,-1,1,1,0,1,1,1,1,1,1,0,-1,1,0,1,0
UCI327-09378,-1,-1,1,1,1,-1,-1,1,-1,1,1,1,-1,0,1,-1,-1,1,0,1,1,1,1,-1,1,0,-1,1,1,1,0
UCI327-10060,1,1,1,1,1,-1,0,-1,-1,1,1,-1,1,0,0,-1,1,1,0,1,1,1,1,1,1,-1,-1,-1,-1,1,0
UCI327-09691,1,-1,1,1,1,-1,0,-1,-1,1,1,1,1,0,0,-1,1,1,0,1,1,-1,1,1,1,1,-1,1,1,1,0
UCI327-00217,1,-1,1,1,1,-1,0,1,1,1,1,1,-1,0,0,-1,1,1,0,1,1,1,1,-1,1,1,-1,1,1,1,0
UCI327-05402,-1,-1,1,1,1,-1,0,1,-1,-1,-1,1,1,-1,-1,-1,-1,1,0,1,1,-1,1,-1,1,0,1,1,1,-1,1
UCI327-06826,-1,1,1,1,1,-1,0,1,-1,1,1,1,1,1,0,-1,1,1,0,1,1,1,1,1,1,1,-1,1,1,1,0
UCI327-08278,-1,-1,-1,-1,-1,-1,-1,1,1,1,-1,-1,-1,-1,-1,-1,1,-1,1,-1,1,-1,-1,1,-1,1,-1,-1,1,1,1
UCI327-08443,-1,-1,1,1,1,-1,0,1,-1,-1,-1,1,1,-1,1,-1,-1,1,0,1,1,-1,1,1,1,1,-1,-1,1,1,1
UCI327-06134,-1,-1,1,-1,1,1,-1,1,1,-1,-1,1,-1,1,-1,-1,-1,1,0,-1,-1,-1,-1,-1,1,1,1,1,1,1,0
UCI327-09469,-1,1,1,1,1,-1,-1,0,-1,1,1,1,-1,-1,-1,-1,1,1,0,1,1,1,1,1,1,-1,1,-1,1,1,1
UCI327-08190,1,-1,-1,1,-1,-1,-1,1,1,1,1,1,-1,0,1,-1,1,1,1,1,-1,1,1,1,1,-1,-1,1,0,1,1
UCI327-09934,1,-1,1,1,-1,-1,1,1,-1,1,1,1,1,1,0,1,1,1,1,1,1,1,1,1,1,1,-1,-1,-1,1,0
UCI327-06072,1,-1,1,1,1,-1,0,1,-1,1,1,-1,1,0,1,-1,1,1,0,1,1,1,1,-1,1,1,1,1,0,1,0
UCI327-07384,1,-1,1,1,1,-1,0,0,-1,1,1,1,-1,0,-1,-1,1,1,0,1,1,1,1,-1,1,1,1,1,0,1,1
UCI327-01825,1,-1,1,1,1,1,1,1,1,1,1,1,-1,1,0,-1,1,1,0,1,1,1,1,1,-1,-1,-1,1,1,1,0
UCI327-10059,-1,-1,1,1,1,-1,1,-1,1,1,1,1,-1,0,1,-1,1,1,0,1,1,1,1,1,1,0,-1,-1,1,1,1
UCI327-05470,-1,-1,1,1,1,-1,-1,-1,1,1,1,1,-1,-1,-1,-1,1,1,1,1,1,1,1,-1,1,-1,-1,1,1,1,1
UCI327-06538,-1,-1,1,1,-1,-1,0,-1,1,1,1,-1,-1,0,-1,-1,1,1,0,1,1,1,1,-1,1,1,1,-1,1,1,1
UCI327-01120,1,1,1,1,1,-1,0,1,-1,1,1,1,1,1,0,1,1,1,0,1,1,1,1,1,-1,1,-1,1,1,1,0
UCI327-06152,-1,-1,1,1,1,-1,0,-1,1,1,1,1,-1,-1,0,-1,1,1,1,1,1,1,1,-1,1,-1,1,1,0,1,1
UCI327-08805,-1,-1,1,1,1,-1,1,-1,1,1,1,1,-1,-1,0,-1,1,1,0,1,1,1,1,-1,1,1,-1,-1,0,1,1
UCI327-09558,1,-1,1,-1,1,1,1,1,-1,-1,-1,1,1,1,1,-1,-1,1,0,-1,-1,-1,-1,1,1,-1,-1,1,1,1,0
UCI327-05172,-1,1,1,-1,1,1,1,1,-1,-1,-1,1,1,0,-1,-1,1,1,0,-1,-1,-1,-1,1,1,1,-1,1,1,1,0
UCI327-10112,1,1,1,1,1,-1,1,1,-1,1,1,1,1,0,0,0,1,1,0,1,1,1,1,1,1,-1,1,1,0,1,0
UCI327-09428,-1,-1,1,1,1,1,1,1,-1,-1,-1,1,1,0,0,-1,-1,1,0,-1,1,-1,1,1,1,1,-1,1,1,1,0
UCI327-01301,1,-1,1,1,-1,1,-1,1,-1,1,1,1,1,1,0,-1,1,1,0,1,1,1,1,1,-1,1,-1,1,0,1,0
UCI327-09968,-1,-1,-1,1,-1,-1,1,1,-1,1,1,-1,1,1,1,-1,1,-1,1,1,1,1,1,1,-1,0,-1,1,1,1,0
UCI327-09669,-1,-1,1,1,1,-1,0,0,-1,1,1,1,1,-1,0,-1,1,1,0,1,1,1,1,1,1,0,-1,1,0,1,1
UCI327-01080,1,1,1,1,1,1,0,1,-1,1,1,1,1,1,0,1,1,1,0,1,1,1,1,1,-1,1,-1,1,1,1,0
UCI327-06325,-1,-1,1,1,1,-1,0,-1,1,1,1,1,-1,-1,1,-1,1,1,0,1,1,1,1,-1,1,-1,1,1,1,1,1
UCI327-08957,1,-1,1,1,1,-1,-1,-1,1,-1,1,1,-1,-1,0,-1,1,1,0,1,1,-1,1,1,1,0,-1,1,0,1,1
UCI327-00465,1,-1,1,1,1,-1,-1,1,1,1,1,1,1,0,0,-1,1,1,0,1,1,1,1,-1,-1,-1,-1,1,1,1,0
UCI327-05645,-1,-1,1,1,1,-1,0,-1,-1,1,1,1,-1,-1,-1,-1,1,1,0,1,1,1,1,-1,1,-1,1,1,1,1,1
UCI327-08288,-1,-1,1,-1,1,-1,-1,-1,1,1,1,1,1,1,-1,-1,1,1,0,1,1,1,1,1,1,1,-1,1,0,1,1
UCI327-10096,-1,1,1,1,1,-1,0,1,-1,1,1,1,1,0,-1,-1,1,1,0,1,1,-1,1,1,1,1,1,1,1,1,1
UCI327-00695,1,-1,1,1,1,-1,-1,-1,-1,-1,-1,1,-1,-1,0,-1,-1,1,0,1,1,-1,1,-1,-1,0,-1,1,1,-1,1
UCI327-00260,1,1,1,1,1,-1,0,1,-1,-1,1,1,1,0,0,1,1,-1,0,1,-1,-1,-1,-1,-1,1,-1,1,1,-1,0
UCI327-00372,1,-1,1,-1,1,-1,-1,-1,-1,1,1,1,-1,-1,0,-1,1,1,0,1,1,1,1,-1,-1,-1,-1,1,1,1,1
UCI327-08788,-1,-1,1,1,1,-1,1,-1,-1,1,1,1,1,0,-1,-1,1,1,0,1,1,1,1,1,1,1,-1,1,0,1,1
UCI327-02391,-1,-1,-1,1,-1,-1,-1,1,-1,1,1,-1,1,1,1,-1,1,-1,1,1,1,1,1,1,-1,1,-1,1,1,1,0
UCI327-00678,1,-1,1,1,1,-1,1,1,-1,-1,-1,1,1,0,-1,-1,-1,1,0,1,1,1,1,1,1,1,-1,1,0,-1,0
UCI327-10705,-1,-1,1,1,1,-1,0,-1,1,1,1,1,1,0,-1,-1,1,1,0,1,1,1,1,1,1,0,-1,-1,0,1,1
UCI327-01252,1,-1,-1,-1,1,-1,1,1,-1,1,1,-1,-1,0,0,-1,1,1,0,1,1,1,1,1,-1,-1,-1,1,0,1,0
UCI327-10149,-1,0,1,1,1,-1,0,-1,1,1,1,-1,-1,0,-1,-1,1,1,0,1,1,1,1,1,1,1,-1,1,0,1,1
UCI327-05366,1,-1,1,1,1,-1,-1,1,-1,1,1,1,1,1,0,-1,1,-1,0,1,1,1,1,-1,1,1,-1,1,0,1,0
UCI327-09524,-1,-1,1,-1,1,-1,-1,-1,-1,-1,-1,1,1,-1,0,-1,-1,1,0,-1,1,-1,-1,1,1,0,-1,-1,0,1,1
UCI327-08898,1,-1,1,1,1,-1,-1,0,1,-1,1,-1,-1,-1,0,-1,1,1,0,-1,1,-1,1,1,1,0,-1,1,1,1,1
UCI327-00450,1,-1,1,1,1,-1,0,1,1,1,1,1,-1,0,1,-1,1,1,0,1,1,1,1,1,-1,1,-1,1,1,1,0
UCI327-10110,1,-1,1,1,1,-1,-1,-1,-1,1,1,1,1,-1,0,-1,1,1,0,1,1,1,1,1,1,0,-1,-1,1,-1,1
UCI327-01279,1,1,1,1,1,-1,1,1,-1,-1,1,1,1,0,0,1,1,1,0,-1,1,-1,-1,1,-1,0,-1,1,0,1,0
UCI327-08409,-1,-1,1,1,1,-1,-1,-1,1,1,1,1,-1,1,-1,-1,1,-1,0,1,1,1,1,1,1,1,-1,1,0,-1,1
UCI327-08290,-1,1,1,1,1,-1,1,1,-1,1,1,1,1,0,1,1,1,1,0,1,1,1,1,-1,1,0,1,1,0,-1,0
UCI327-10798,-1,-1,1,1,1,-1,0,1,1,1,1,1,-1,0,0,1,1,1,0,1,1,1,1,-1,1,0,-1,-1,1,1,0
UCI327-00343,1,-1,1,1,1,-1,1,1,1,1,1,1,-1,1,-1,-1,1,1,0,1,1,1,1,1,1,0,1,1,0,1,0
UCI327-08635,-1,-1,1,1,1,1,-1,1,-1,1,1,1,-1,0,-1,-1,1,1,0,1,1,1,1,1,1,-1,-1,1,1,1,0
UCI327-10351,-1,-1,1,1,1,-1,-1,-1,-1,1,1,1,1,-1,1,-1,1,1,0,1,1,1,1,1,1,1,-1,1,1,1,1
UCI327-02220,1,-1,1,1,1,-1,-1,-1,-1,1,1,1,-1,0,-1,-1,1,1,0,1,1,1,1,1,-1,1,-1,-1,1,1,1
UCI327-01853,1,1,1,1,1,-1,-1,-1,-1,1,1,1,1,-1,-1,1,1,1,0,1,1,1,1,-1,1,0,-1,1,0,1,1
UCI327-00266,1,-1,1,1,1,-1,-1,-1,-1,1,1,1,1,0,0,-1,-1,1,0,1,1,1,1,-1,-1,1,-1,1,0,1,1
UCI327-07458,1,-1,1,1,1,-1,-1,-1,-1,1,1,1,1,-1,-1,-1,1,1,0,1,1,1,1,-1,1,1,1,1,0,1,1
UCI327-00661,1,1,1,1,1,-1,0,0,-1,-1,-1,1,-1,-1,0,1,-1,1,0,1,1,-1,1,1,-1,-1,-1,1,0,-1,1
UCI327-06775,-1,-1,1,1,1,-1,0,-1,1,1,1,1,-1,-1,-1,-1,1,1,1,1,1,1,1,-1,1,-1,1,1,1,1,1
UCI327-09835,-1,-1,1,1,1,-1,1,-1,-1,1,1,1,1,1,0,-1,1,1,0,1,1,1,1,-1,1,1,-1,-1,0,1,1
UCI327-09869,-1,-1,-1,-1,-1,-1,1,0,-1,-1,1,-1,1,-1,-1,-1,1,-1,0,-1,1,-1,1,1,-1,0,-1,1,0,1,1
UCI327-01642,1,-1,1,1,1,-1,-1,-1,1,1,1,1,-1,0,-1,-1,1,1,0,1,1,1,1,-1,1,0,-1,-1,0,1,1
UCI327-00148,1,-1,1,1,1,-1,-1,1,-1,1,1,1,1,0,0,-1,-1,1,0,1,1,1,1,1,-1,1,-1,1,-1,1,0
UCI327-00222,1,-1,1,1,1,-1,1,1,-1,1,1,1,1,1,0,-1,1,1,0,1,1,1,1,1,1,1,1,1,0,1,0
UCI327-05729,-1,1,1,1,1,-1,0,-1,-1,1,1,1,1,-1,-1,-1,1,1,1,1,1,1,1,1,1,-1,1,1,1,-1,1
UCI327-08868,-1,1,-1,1,-1,-1,1,0,-1,1,1,-1,1,-1,0,-1,1,-1,1,1,1,1,1,1,-1,1,1,1,1,1,1
UCI327-08113,1,-1,1,1,1,-1,-1,1,-1,1,1,1,1,1,0,0,1,1,0,1,1,1,1,-1,1,1,1,1,0,1,0
UCI327-10390,-1,1,-1,-1,-1,1,0,1,-1,-1,1,-1,1,1,1,-1,-1,-1,1,1,1,-1,1,-1,-1,0,1,1,1,1,0
UCI327-00627,1,-1,1,1,1,-1,1,1,-1,1,1,1,1,0,0,-1,1,1,0,1,1,1,1,-1,1,0,-1,1,0,1,0
UCI327-10159,-1,-1,1,-1,1,-1,1,1,1,-1,-1,1,-1,1,1,1,-1,1,0,1,1,-1,1,1,1,-1,-1,1,1,1,0
UCI327-06254,-1,-1,1,1,1,-1,0,-1,1,1,1,1,1,0,-1,-1,1,1,0,1,1,1,1,-1,1,0,1,1,1,1,1
UCI327-08650,1,-1,-1,1,-1,-1,1,-1,-1,1,1,-1,1,0,0,1,1,-1,1,1,1,1,1,1,-1,1,-1,1,1,1,0
UCI327-07258,-1,-1,1,1,1,-1,1,1,1,1,1,-1,-1,1,1,0,1,1,0,1,1,1,1,-1,1,1,-1,1,1,1,0
UCI327-09146,-1,1,1,1,1,-1,-1,1,-1,1,1,1,-1,1,0,-1,1,1,0,1,1,1,1,-1,1,-1,1,1,1,1,0
UCI327-01322,1,-1,1,1,1,-1,1,1,-1,1,1,1,1,0,1,-1,1,1,0,1,1,1,1,1,-1,-1,1,1,-1,1,0
UCI327-06347,-1,-1,1,1,1,-1,0,-1,-1,-1,1,1,1,0,0,1,1,1,0,1,1,-1,1,-1,1,0,1,1,1,1,1
UCI327-06177,1,-1,1,1,1,-1,-1,1,-1,1,1,1,1,0,-1,1,1,1,0,1,1,1,1,-1,1,1,-1,1,0,1,0
UCI327-06179,-1,-1,-1,1,-1,1,0,1,-1,1,1,-1,1,1,1,-1,1,-1,0,1,1,1,1,-1,-1,1,-1,-1,1,1,0
UCI327-01039,1,-1,1,1,1,-1,0,1,1,1,1,1,-1,0,-1,-1,1,1,0,1,1,1,1,1,1,-1,-1,1,0,1,0
UCI327-09101,-1,1,1,1,1,-1,-1,-1,-1,1,1,1,1,-1,0,-1,1,1,0,1,1,1,1,1,1,0,1,-1,1,-1,1
UCI327-09974,-1,-1,1,1,1,-1,-1,0,1,1,1,1,-1,-1,0,-1,1,1,0,1,1,1,1,1,1,0,-1,1,0,1,1
UCI327-09448,1,-1,1,1,1,-1,1,1,-1,1,1,1,1,0,0,1,1,1,0,1,1,1,1,-1,1,-1,-1,-1,0,1,0
UCI327-06577,-1,-1,1,1,1,-1,0,-1,1,1,1,1,-1,0,0,-1,1,1,0,1,1,1,1,-1,1,0,1,1,1,1,1
UCI327-10086,-1,-1,1,-1,1,-1,0,0,-1,-1,-1,1,-1,0,-1,-1,-1,1,0,1,1,1,1,1,1,1,-1,1,1,1,1
UCI327-01159,1,-1,1,1,1,-1,-1,-1,-1,1,1,1,-1,0,-1,-1,1,1,0,1,1,1,1,-1,1,-1,1,1,0,1,1
UCI327-08176,1,1,1,1,1,-1,1,1,-1,1,1,1,1,0,1,1,1,-1,0,1,1,1,1,1,1,1,-1,1,0,1,0
UCI327-06922,-1,-1,1,1,1,-1,1,0,1,1,1,1,-1,1,-1,-1,1,1,1,1,1,1,1,-1,1,-1,-1,1,1,1,1
UCI327-02743,1,-1,1,1,1,-1,-1,1,-1,1,1,1,1,0,-1,-1,1,1,0,1,1,1,1,1,1,1,-1,1,0,-1,0
UCI327-05180,1,-1,1,1,1,-1,1,1,-1,1,1,1,1,1,0,-1,1,1,0,1,1,1,1,-1,1,1,1,1,0,1,0
UCI327-00700,1,-1,1,1,1,-1,0,0,1,1,1,1,-1,-1,0,-1,1,1,0,1,1,1,1,1,1,-1,-1,-1,0,1,1
UCI327-00098,-1,-1,-1,1,-1,-1,-1,-1,-1,-1,1,-1,-1,-1,1,-1,-1,-1,1,-1,1,-1,1,-1,-1,0,-1,1,0,-1,1
UCI327-00520,1,1,1,1,1,-1,0,0,-1,1,1,1,1,-1,-1,1,1,1,0,1,1,1,1,1,1,0,-1,1,0,1,1
UCI327-00899,-1,-1,-1,1,-1,-1,-1,1,-1,1,1,-1,1,0,0,-1,1,-1,1,1,1,1,1,-1,-1,1,1,1,1,1,0
UCI327-01030,1,-1,1,1,1,-1,-1,1,-1,1,1,1,1,0,1,-1,1,1,0,1,1,1,1,1,1,1,1,1,0,1,0
UCI327-09404,-1,1,1,1,1,-1,0,-1,-1,1,1,1,1,-1,0,-1,1,1,0,1,1,1,1,1,1,0,1,-1,1,1,1
UCI327-06716,1,-1,1,1,1,-1,0,-1,1,1,1,1,1,-1,-1,-1,1,1,0,1,1,1,1,-1,1,0,1,1,0,1,1
UCI327-08867,-1,-1,1,1,1,-1,-1,-1,-1,1,1,1,-1,-1,1,-1,1,1,0,1,1,1,1,1,1,0,-1,1,1,1,1
UCI327-09163,-1,-1,1,1,1,-1,1,1,-1,1,1,1,1,1,1,1,1,1,0,1,1,1,1,1,1,1,-1,-1,1,1,0
UCI327-06884,1,-1,1,-1,1,-1,0,1,1,-1,-1,1,-1,0,-1,-1,-1,1,0,-1,1,-1,-1,-1,1,0,-1,1,0,1,1
UCI327-10037,-1,-1,1,1,1,-1,-1,0,1,1,1,1,-1,-1,0,-1,1,1,0,1,1,1,1,1,1,0,-1,1,0,-1,1
UCI327-03266,1,-1,1,1,1,-1,-1,1,-1,-1,-1,1,-1,-1,1,-1,-1,1,0,-1,1,-1,-1,1,1,0,-1,1,0,-1,1
UCI327-09181,1,-1,1,-1,1,-1,-1,-1,1,1,1,1,-1,-1,0,-1,1,1,0,1,1,1,1,1,1,1,-1,1,0,-1,1
UCI327-08034,-1,1,1,1,1,-1,0,-1,1,1,1,1,-1,-1,0,-1,1,1,0,1,1,1,1,1,1,0,1,1,1,1,1
UCI327-10629,-1,-1,1,1,1,-1,-1,-1,1,1,1,1,-1,0,0,1,1,1,0,1,1,1,1,1,1,0,-1,1,1,-1,1
UCI327-07508,1,-1,1,1,1,-1,-1,-1,-1,1,1,-1,-1,-1,0,0,1,1,0,1,1,1,1,-1,1,-1,-1,1,0,1,1
UCI327-10867,-1,-1,1,1,1,-1,0,-1,1,1,1,1,-1,-1,-1,-1,1,1,0,1,1,1,1,1,1,0,-1,1,1,-1,1
UCI327-07548,1,1,1,1,1,1,1,1,-1,1,1,1,1,1,0,-1,1,1,0,1,1,1,1,1,1,1,1,1,0,1,0
UCI327-05959,-1,-1,1,1,1,-1,1,1,-1,-1,1,1,1,0,1,-1,1,1,0,1,1,-1,-1,-1,1,0,1,1,1,1,0
UCI327-00386,-1,1,-1,1,-1,-1,0,0,-1,1,1,-1,1,-1,1,1,1,-1,1,1,1,1,1,1,-1,1,-1,1,1,-1,1
UCI327-10488,-1,-1,1,1,1,-1,-1,0,1,1,1,1,-1,-1,0,-1,1,1,0,1,1,1,1,1,1,0,-1,1,1,-1,1
UCI327-00753,1,-1,1,1,1,-1,-1,1,-1,1,1,1,-1,0,-1,-1,1,1,0,1,1,1,1,-1,1,1,-1,1,0,1,1
UCI327-08671,-1,-1,1,-1,1,1,1,1,-1,-1,-1,1,-1,1,1,-1,-1,1,0,-1,1,-1,-1,-1,1,0,-1,1,1,1,0
UCI327-00385,-1,-1,-1,1,-1,-1,-1,1,1,1,1,-1,-1,1,1,-1,1,-1,1,1,1,1,1,1,-1,1,-1,1,1,-1,0
UCI327-01002,-1,-1,-1,1,-1,1,0,1,-1,1,1,-1,1,1,-1,-1,1,-1,1,1,1,1,1,-1,1,1,-1,1,1,1,0
UCI327-01184,-1,-1,-1,1,-1,-1,0,0,1,-1,-1,-1,-1,-1,1,-1,-1,-1,1,-1,-1,-1,-1,1,-1,0,-1,-1,1,-1,1
UCI327-07226,-1,1,1,1,1,-1,1,0,1,1,1,1,-1,-1,0,-1,1,1,0,1,1,1,1,1,1,-1,-1,1,0,1,1
UCI327-09538,-1,1,1,1,1,-1,1,1,-1,1,1,1,1,0,0,1,1,1,0,1,1,1,1,1,1,-1,1,1,0,1,0
UCI327-00877,1,-1,1,1,1,-1,-1,-1,-1,1,1,1,1,-1,0,-1,1,1,0,1,1,1,1,-1,-1,-1,-1,1,0,1,1
UCI327-08971,1,-1,1,1,1,-1,1,1,1,1,1,1,-1,0,0,1,1,1,0,1,1,1,1,1,1,-1,-1,1,0,1,0
UCI327-00748,1,-1,1,1,1,-1,-1,1,-1,-1,-1,1,1,0,-1,-1,-1,1,0,-1,1,-1,1,-1,-1,1,1,1,1,-1,0
UCI327-09840,-1,-1,1,1,1,-1,-1,-1,-1,1,1,1,-1,-1,0,-1,1,1,0,1,1,1,1,1,1,1,-1,1,0,-1,1
UCI327-09040,-1,0,1,1,1,-1,0,-1,1,-1,1,1,-1,-1,0,-1,1,1,0,-1,1,-1,1,1,1,1,-1,1,0,1,1
UCI327-09499,1,-1,-1,1,-1,-1,-1,-1,1,1,1,-1,-1,-1,-1,-1,1,-1,1,1,1,1,1,1,-1,0,-1,1,0,1,1
UCI327-08227,1,1,1,1,1,1,1,-1,-1,1,1,1,1,0,0,0,1,1,0,1,1,1,1,1,1,0,1,1,-1,1,0
UCI327-06622,-1,-1,1,1,1,-1,0,1,-1,1,1,1,-1,0,-1,-1,1,1,1,1,1,1,1,-1,1,0,-1,1,0,1,1
UCI327-01108,1,-1,1,1,1,1,0,1,1,1,1,1,-1,1,-1,-1,1,1,0,1,1,1,1,-1,-1,1,1,1,1,1,0
UCI327-08970,-1,-1,1,1,1,-1,-1,-1,1,1,1,1,-1,-1,-1,-1,1,1,0,1,1,1,1,1,1,0,-1,1,0,1,1
UCI327-09855,-1,-1,1,1,1,-1,0,1,-1,1,1,1,1,0,0,-1,1,1,0,1,1,1,1,1,1,1,-1,-1,1,1,0
UCI327-02584,1,-1,1,1,1,-1,1,-1,-1,1,1,1,-1,-1,0,-1,1,1,0,1,1,1,1,-1,-1,1,-1,-1,0,-1,1
UCI327-09523,-1,-1,1,1,1,-1,-1,1,-1,1,1,1,-1,1,0,-1,1,1,0,1,1,1,1,1,1,1,-1,1,1,1,0
UCI327-07287,1,-1,1,1,1,-1,1,1,1,1,1,1,-1,0,0,1,1,1,1,1,1,1,1,-1,1,1,1,1,0,1,0
UCI327-08296,-1,-1,1,-1,1,-1,1,1,-1,-1,-1,-1,-1,0,0,0,-1,1,0,1,1,-1,1,1,1,-1,-1,1,1,1,0
UCI327-08822,1,-1,1,1,1,-1,1,1,-1,1,1,1,1,1,1,0,1,1,0,1,1,1,1,1,1,1,-1,1,0,1,0
UCI327-06183,-1,-1,1,1,1,-1,0,-1,-1,1,1,1,1,-1,0,-1,1,1,1,1,1,1,1,-1,1,1,1,1,0,1,1
UCI327-08964,-1,-1,1,1,1,-1,-1,-1,-1,1,1,1,-1,-1,0,-1,1,1,0,1,1,1,1,1,1,0,-1,1,0,-1,1
UCI327-00441,1,-1,1,1,1,-1,0,0,1,1,1,1,1,-1,-1,-1,1,1,0,1,1,1,1,1,-1,-1,-1,1,0,1,1
UCI327-07112,1,-1,1,1,1,-1,-1,1,-1,1,1,1,-1,0,0,1,1,1,0,1,1,1,1,-1,1,1,-1,1,0,1,0
UCI327-00469,1,1,1,1,1,-1,0,1,-1,1,1,1,1,0,0,1,1,1,0,1,1,1,1,-1,-1,1,1,1,0,1,0
UCI327-08941,1,-1,1,1,1,-1,0,1,-1,1,1,1,1,0,-1,-1,1,1,0,1,1,1,1,1,1,-1,-1,1,0,1,0
UCI327-08684,1,-1,1,-1,1,-1,-1,1,-1,1,1,-1,-1,1,0,-1,-1,-1,0,1,1,1,1,1,1,1,-1,1,0,1,0
UCI327-09633,1,-1,1,-1,1,-1,-1,-1,-1,-1,-1,1,-1,-1,1,-1,-1,1,0,-1,-1,-1,-1,1,1,1,-1,1,0,1,1
UCI327-00645,1,-1,1,1,1,-1,-1,1,1,1,1,1,-1,0,-1,-1,1,1,0,1,1,1,1,-1,-1,1,-1,1,1,1,1
UCI327-07176,1,-1,1,1,1,-1,-1,1,-1,1,1,1,1,0,0,0,1,1,1,1,1,1,1,-1,1,1,-1,1,0,1,0
UCI327-01792,1,-1,1,1,1,-1,0,1,-1,-1,-1,1,1,0,0,-1,-1,1,0,1,1,-1,-1,-1,-1,1,1,-1,1,-1,0
UCI327-06420,1,1,1,1,1,-1,0,1,-1,1,1,1,1,1,-1,1,1,1,1,1,1,1,1,1,1,1,1,1,0,1,0
UCI327-06342,-1,1,1,1,1,-1,1,1,-1,-1,1,1,1,0,1,-1,1,1,0,1,1,-1,1,1,1,1,-1,1,1,1,0
UCI327-08661,-1,-1,1,1,1,1,1,1,1,1,1,1,-1,0,1,-1,1,1,0,1,1,1,1,1,1,-1,-1,1,1,1,0
UCI327-09105,-1,-1,1,-1,1,-1,1,1,-1,-1,-1,1,1,0,1,1,-1,1,0,1,-1,-1,-1,1,1,-1,-1,1,1,1,0
UCI327-00492,1,1,1,-1,1,-1,-1,-1,-1,1,1,1,1,0,1,1,1,1,0,1,1,1,1,1,-1,1,-1,1,0,1,1
UCI327-10458,-1,-1,1,1,1,-1,1,-1,-1,1,1,1,1,0,-1,-1,-1,1,0,1,1,1,1,1,1,0,-1,-1,-1,1,1
UCI327-00669,1,-1,1,1,1,1,-1,1,-1,-1,-1,1,-1,1,0,-1,-1,1,0,1,1,1,1,1,1,1,-1,1,0,-1,0
UCI327-00659,1,-1,1,1,1,-1,-1,-1,-1,1,1,1,1,-1,0,-1,1,1,0,1,1,1,1,1,-1,-1,-1,1,0,1,1
UCI327-08169,1,-1,1,-1,1,-1,1,1,-1,1,1,1,1,1,0,0,1,1,0,1,1,1,1,1,1,-1,-1,1,1,1,0
UCI327-05855,-1,-1,1,-1,1,-1,0,-1,-1,1,1,1,-1,-1,-1,-1,1,1,1,1,1,1,1,-1,1,-1,1,1,0,1,1
UCI327-08581,-1,1,-1,-1,-1,-1,1,1,-1,1,1,-1,1,0,0,-1,1,-1,1,1,1,1,1,1,-1,0,1,1,1,1,0
UCI327-00201,1,1,1,1,1,-1,0,-1,-1,-1,1,1,1,0,0,1,-1,1,0,-1,1,-1,1,-1,-1,1,-1,1,0,1,0
UCI327-06456,1,-1,1,1,1,-1,0,-1,-1,1,1,1,-1,-1,0,-1,1,1,0,1,1,1,1,-1,1,-1,1,1,0,1,1
UCI327-00814,1,-1,1,1,1,-1,0,0,1,-1,-1,1,1,-1,0,-1,-1,1,0,-1,1,-1,-1,1,1,0,-1,-1,0,-1,1
UCI327-00720,1,-1,1,1,1,-1,0,0,1,-1,-1,1,-1,-1,-1,-1,-1,1,0,-1,1,-1,1,1,-1,1,-1,1,1,-1,1
UCI327-00863,1,-1,1,1,1,-1,1,1,1,1,1,1,-1,-1,0,-1,1,1,0,1,1,1,1,1,-1,-1,-1,1,1,1,1
UCI327-05673,-1,-1,1,-1,1,-1,0,-1,1,-1,-1,1,-1,-1,1,-1,-1,1,1,-1,1,-1,-1,-1,1,-1,1,1,0,1,1
UCI327-00866,-1,-1,-1,1,-1,-1,0,1,1,1,1,-1,-1,1,1,-1,1,-1,1,1,1,1,1,1,-1,1,-1,1,1,1,0
UCI327-06846,1,-1,1,1,1,-1,-1,-1,1,1,1,1,-1,-1,-1,-1,1,1,0,1,1,1,1,-1,1,1,1,1,0,1,1
UCI327-00507,1,1,1,1,1,1,-1,1,-1,1,1,1,1,1,0,1,1,1,0,1,1,1,1,-1,-1,1,-1,1,1,1,0
UCI327-07829,1,-1,1,1,1,-1,-1,-1,1,1,1,1,-1,-1,0,-1,1,1,0,1,1,1,1,-1,1,0,-1,1,1,1,1
UCI327-01122,-1,-1,-1,1,-1,-1,-1,-1,-1,1,1,-1,-1,-1,1,-1,1,-1,1,1,1,1,1,-1,1,-1,-1,-1,0,1,1
UCI327-07471,-1,-1,-1,1,-1,-1,0,1,1,1,1,-1,-1,0,0,-1,1,-1,1,1,1,1,1,-1,-1,1,1,-1,1,1,0
UCI327-01130,1,1,1,1,1,-1,-1,1,-1,1,1,1,1,1,0,1,1,1,0,1,1,1,1,1,1,1,1,1,0,1,0
UCI327-10020,-1,-1,-1,1,-1,1,1,1,-1,1,1,1,1,1,0,-1,1,1,1,1,1,1,1,-1,1,-1,-1,1,-1,1,0
UCI327-08280,-1,-1,1,1,1,-1,-1,1,1,1,1,1,-1,1,-1,-1,1,1,0,1,1,1,1,1,1,1,-1,-1,1,-1,1
UCI327-10850,1,-1,1,1,1,-1,-1,1,1,1,1,1,-1,-1,-1,-1,1,1,0,1,1,1,1,1,1,0,-1,1,0,1,1
UCI327-00908,1,-1,1,1,1,1,0,1,-1,1,1,1,1,1,-1,-1,1,1,0,1,1,1,1,-1,1,0,-1,1,0,1,0
UCI327-07202,-1,-1,1,1,1,-1,1,0,-1,1,1,1,-1,-1,1,-1,1,1,1,1,1,1,1,-1,1,1,-1,1,0,-1,1
UCI327-05390,-1,1,1,-1,1,-1,0,-1,1,1,1,1,1,-1,-1,-1,1,1,0,1,1,1,-1,1,1,0,1,1,0,1,1
UCI327-08680,-1,-1,1,1,1,-1,-1,1,-1,1,1,1,-1,0,0,-1,1,1,0,1,1,1,1,-1,1,1,-1,1,1,1,0
UCI327-00994,1,1,1,1,1,-1,0,0,-1,1,1,1,1,-1,0,1,1,1,0,1,1,1,1,1,-1,-1,-1,1,0,1,1
UCI327-08747,1,1,1,1,1,-1,-1,0,-1,1,1,1,1,1,0,-1,1,1,0,1,1,1,1,1,1,1,1,-1,0,1,1
UCI327-07270,-1,1,1,1,1,-1,-1,-1,-1,1,1,1,1,-1,-1,-1,1,1,0,1,1,1,1,1,1,0,1,1,0,1,1
UCI327-09169,-1,1,-1,1,1,-1,0,-1,1,1,1,1,-1,-1,-1,-1,1,1,0,1,1,1,1,1,1,1,-1,1,1,1,1
UCI327-02835,1,-1,1,-1,1,-1,0,0,-1,1,1,1,-1,-1,0,-1,1,1,0,1,1,1,1,1,-1,-1,-1,1,0,1,1
UCI327-06273,-1,-1,1,-1,1,-1,1,0,1,-1,-1,1,1,-1,0,-1,-1,1,0,1,1,-1,1,-1,1,0,-1,1,0,1,1
UCI327-07576,1,1,1,1,1,-1,0,-1,-1,1,1,1,-1,-1,0,-1,1,1,0,1,1,1,1,1,1,-1,1,1,0,1,1
UCI327-00061,1,-1,1,1,1,-1,1,-1,-1,1,1,-1,-1,0,-1,-1,1,1,0,1,1,1,1,1,-1,0,-1,1,0,1,1
UCI327-06449,1,-1,1,1,1,-1,0,1,-1,1,1,1,1,0,-1,-1,1,1,1,1,1,1,1,-1,1,0,1,1,0,1,1
UCI327-09997,-1,1,-1,1,-1,-1,1,1,-1,1,1,-1,1,0,-1,1,1,-1,1,1,1,1,1,-1,-1,0,1,-1,1,1,0
UCI327-08321,1,-1,1,-1,1,-1,1,1,-1,1,1,1,1,0,1,1,1,1,0,1,1,1,1,1,1,-1,-1,1,0,1,0
UCI327-05158,-1,1,1,-1,1,-1,1,1,-1,-1,-1,1,1,0,1,0,-1,1,0,1,1,-1,-1,1,1,1,-1,1,1,1,0
UCI327-07315,-1,-1,1,-1,1,-1,1,0,-1,-1,-1,1,-1,-1,0,-1,-1,1,0,1,1,-1,1,-1,1,0,1,1,0,1,1
UCI327-07061,-1,-1,1,-1,1,-1,1,-1,1,1,1,-1,-1,-1,-1,-1,-1,-1,0,1,1,1,1,-1,1,0,-1,1,-1,1,1
UCI327-08441,-1,-1,1,-1,1,-1,0,1,1,-1,-1,1,-1,-1,1,-1,-1,1,0,-1,1,-1,-1,1,1,1,-1,-1,1,1,1
UCI327-05711,1,-1,1,1,1,-1,1,1,1,1,1,1,-1,0,-1,-1,1,1,1,1,1,1,1,-1,1,1,1,1,0,1,0
UCI327-07037,1,-1,1,1,1,-1,0,-1,-1,1,1,1,-1,-1,-1,-1,1,1,0,1,1,1,1,-1,1,0,1,1,0,1,1
UCI327-09410,-1,-1,-1,-1,-1,-1,1,1,1,1,1,-1,-1,1,-1,-1,1,-1,1,1,1,1,1,1,-1,0,-1,1,1,1,0
UCI327-01203,1,-1,1,1,1,-1,-1,1,1,1,1,1,-1,-1,0,-1,1,1,0,1,1,1,1,-1,-1,0,-1,1,0,1,1
UCI327-10107,1,-1,1,1,1,-1,1,1,1,1,1,1,1,0,0,1,1,1,0,1,1,1,1,1,1,1,-1,1,0,1,0
UCI327-06620,1,-1,1,1,1,-1,0,-1,-1,1,1,1,1,0,-1,-1,1,1,0,1,1,1,1,-1,1,1,-1,1,0,1,1
UCI327-10141,-1,-1,-1,1,-1,-1,1,1,-1,1,1,-1,1,1,0,-1,1,-1,1,1,1,1,1,1,-1,-1,-1,1,1,1,0
UCI327-08833,-1,-1,-1,1,-1,-1,1,1,1,1,1,-1,-1,0,1,-1,1,1,1,1,1,1,1,1,-1,-1,-1,1,1,1,0
UCI327-09435,1,-1,1,1,1,1,1,1,-1,1,1,1,1,0,0,1,1,1,0,1,1,1,1,1,1,1,-1,1,0,1,0
UCI327-00014,1,1,-1,1,1,1,-1,1,-1,1,1,-1,1,0,1,1,1,1,0,1,1,1,1,1,-1,1,-1,1,-1,1,0
UCI327-08711,1,-1,1,1,1,-1,-1,0,-1,1,1,1,1,-1,0,-1,1,1,0,1,1,1,1,1,1,0,-1,1,0,1,1
UCI327-10903,-1,-1,-1,-1,-1,-1,1,1,1,1,1,-1,-1,1,-1,-1,1,-1,1,1,1,1,1,-1,-1,1,-1,1,1,1,0
UCI327-00838,1,-1,1,1,1,-1,0,-1,1,1,1,1,1,-1,-1,-1,1,1,0,1,1,1,1,-1,-1,0,-1,-1,0,1,1
UCI327-02494,1,-1,-1,1,1,-1,1,1,-1,1,1,1,1,1,0,-1,1,1,0,1,1,1,1,1,1,1,-1,-1,0,1,0
UCI327-10011,-1,-1,1,1,1,-1,-1,-1,-1,1,1,1,1,0,-1,0,1,1,0,1,1,1,1,1,1,1,-1,1,1,1,1
UCI327-02687,1,-1,1,1,1,-1,-1,-1,-1,-1,-1,1,1,1,-1,-1,-1,1,0,-1,-1,-1,-1,1,-1,1,-1,-1,1,-1,1
UCI327-00455,1,-1,1,-1,1,-1,1,1,-1,1,1,1,1,1,1,-1,1,1,0,1,1,1,1,1,1,1,-1,1,0,1,0
UCI327-07603,-1,-1,-1,-1,-1,-1,0,-1,1,1,1,-1,-1,-1,1,-1,1,-1,1,-1,1,-1,-1,-1,1,1,-1,1,1,1,1
UCI327-01802,1,1,1,1,1,-1,1,1,-1,-1,-1,1,1,1,-1,1,-1,1,0,1,1,-1,1,1,-1,1,-1,1,1,-1,0
UCI327-02028,1,-1,1,1,1,-1,-1,1,-1,1,1,1,-1,0,-1,-1,1,1,0,1,1,1,1,-1,1,0,-1,1,0,1,1
UCI327-06756,-1,-1,1,1,1,-1,0,1,1,1,1,1,1,1,-1,-1,1,1,0,1,1,1,1,-1,1,-1,1,1,1,1,0
UCI327-01239,1,1,-1,1,1,-1,1,-1,-1,1,1,1,1,-1,-1,-1,-1,-1,0,1,1,1,1,-1,-1,-1,-1,-1,0,-1,1
UCI327-00142,1,-1,1,1,1,-1,1,-1,-1,-1,1,1,1,0,0,-1,1,1,0,-1,1,-1,1,1,-1,0,-1,1,-1,1,1
UCI327-07370,-1,-1,1,1,1,1,-1,1,-1,1,1,1,1,0,-1,-1,1,1,0,1,1,1,1,-1,1,1,-1,1,1,1,0
UCI327-01056,1,-1,1,-1,1,-1,-1,-1,-1,1,1,1,1,-1,0,-1,1,1,0,1,1,1,1,-1,1,-1,-1,1,0,1,1
UCI327-05812,1,-1,1,1,1,-1,1,1,1,1,1,1,-1,0,0,1,1,1,0,1,1,1,1,-1,1,-1,1,1,0,-1,0
UCI327-08431,-1,1,1,-1,1,-1,0,-1,1,1,1,1,1,-1,1,-1,1,1,0,1,1,1,-1,1,1,1,1,-1,0,1,1
UCI327-05563,-1,-1,1,1,1,-1,0,-1,-1,1,1,1,1,0,0,-1,1,1,1,1,1,1,1,-1,1,1,-1,1,1,1,0
UCI327-09898,1,-1,1,1,1,-1,-1,1,1,1,1,1,-1,-1,-1,0,1,1,0,1,1,1,1,1,1,0,-1,1,0,1,1
UCI327-08175,1,1,-1,1,-1,-1,-1,1,1,1,1,-1,-1,-1,-1,-1,-1,1,0,1,1,1,1,1,1,0,-1,-1,0,1,1
UCI327-00563,-1,-1,-1,1,-1,1,-1,1,-1,1,1,-1,1,0,0,-1,1,-1,1,1,1,1,1,1,-1,1,-1,1,1,1,0
UCI327-06333,1,-1,1,-1,1,-1,0,0,1,1,-1,1,1,0,-1,-1,-1,-1,0,1,1,1,1,-1,1,1,1,1,1,1,1
UCI327-07476,-1,-1,1,1,1,-1,-1,1,-1,1,1,1,1,0,-1,-1,1,1,0,1,1,1,1,-1,1,0,-1,1,1,1,1
UCI327-00741,1,-1,1,1,1,-1,-1,-1,-1,1,1,1,1,0,0,-1,1,1,0,1,1,1,1,-1,1,0,-1,1,0,1,1
UCI327-05704,-1,-1,-1,1,-1,-1,1,1,1,1,1,-1,1,0,1,1,1,-1,0,1,1,1,1,-1,-1,1,-1,-1,1,1,0
UCI327-08307,1,-1,1,1,1,-1,0,1,1,1,1,1,-1,0,1,-1,1,1,0,-1,1,1,1,1,1,1,-1,1,0,1,1
UCI327-07510,-1,-1,1,1,1,-1,0,0,1,1,1,1,1,-1,-1,-1,1,1,0,1,1,1,1,-1,1,-1,-1,1,1,1,1
UCI327-02566,-1,-1,-1,1,-1,-1,0,1,1,1,1,-1,-1,1,1,-1,1,-1,0,1,1,1,1,1,-1,1,-1,1,1,1,0
UCI327-05240,-1,-1,1,-1,1,1,1,1,-1,-1,-1,-1,1,0,1,-1,-1,1,0,1,1,-1,-1,-1,1,1,-1,1,1,1,0
UCI327-00398,1,-1,1,1,1,-1,0,1,-1,1,1,1,-1,0,1,-1,1,1,0,1,1,1,1,-1,1,1,1,-1,0,1,0
UCI327-10430,-1,1,1,1,1,-1,-1,-1,-1,1,1,1,1,-1,-1,-1,1,1,0,1,1,1,1,-1,1,0,1,1,0,-1,1
UCI327-05651,1,-1,1,-1,1,-1,1,1,-1,1,1,1,1,0,1,-1,-1,-1,0,1,1,1,1,-1,1,1,1,1,-1,1,0
UCI327-06503,-1,-1,1,1,1,-1,0,-1,-1,1,1,1,-1,0,-1,-1,1,1,0,1,1,1,1,-1,1,1,1,1,1,1,1
UCI327-09684,1,1,1,1,1,-1,1,-1,-1,1,1,1,1,0,1,-1,1,1,0,1,1,1,1,1,1,0,1,1,0,1,0
UCI327-05482,1,-1,1,-1,1,-1,1,1,1,-1,-1,1,-1,1,-1,-1,-1,1,0,-1,1,-1,-1,-1,1,1,1,1,0,1,0
UCI327-05189,1,1,1,1,1,-1,1,1,-1,1,1,1,1,0,1,-1,1,-1,0,1,1,1,1,1,1,1,-1,1,0,1,0
UCI327-05363,-1,-1,1,1,1,-1,0,-1,-1,1,1,1,-1,1,1,-1,1,1,0,1,1,1,1,-1,1,-1,1,1,1,1,1
UCI327-00666,-1,-1,-1,1,-1,-1,1,1,1,1,1,-1,-1,0,0,-1,1,-1,1,1,1,1,1,1,-1,1,-1,-1,1,1,0
UCI327-00449,1,1,1,1,1,-1,-1,-1,-1,1,1,1,1,-1,-1,1,1,1,0,1,1,1,1,-1,-1,-1,-1,1,1,1,1
UCI327-06837,1,-1,1,1,1,-1,-1,-1,1,1,1,1,-1,-1,-1,0,1,1,0,1,1,1,1,-1,1,1,-1,1,0,1,1
UCI327-01268,1,-1,1,1,1,1,1,1,-1,1,1,-1,1,1,0,-1,1,1,0,1,1,1,1,1,1,1,-1,1,0,1,0
UCI327-08255,1,-1,1,1,1,-1,-1,1,-1,1,1,1,-1,1,-1,-1,1,1,0,1,1,1,1,1,1,-1,-1,1,0,1,0
UCI327-02108,1,-1,1,1,1,1,1,1,-1,-1,-1,1,1,1,0,-1,-1,1,0,-1,1,-1,-1,1,1,1,-1,1,0,-1,0
UCI327-01078,1,-1,1,1,1,-1,0,-1,1,1,1,1,-1,-1,0,-1,1,1,0,1,1,1,1,-1,-1,-1,-1,1,0,1,1
UCI327-10356,1,-1,1,1,1,-1,0,-1,1,1,1,1,-1,-1,0,0,1,1,0,1,1,1,1,1,1,1,-1,1,0,1,1
UCI327-06378,1,-1,1,-1,1,-1,1,0,1,-1,-1,1,-1,-1,0,-1,-1,1,0,-1,1,-1,-1,-1,1,0,-1,1,0,1,1
UCI327-00172,1,-1,1,1,1,-1,-1,1,1,1,1,1,-1,0,-1,-1,1,1,0,1,1,1,1,1,-1,1,-1,1,1,1,0
UCI327-00391,1,-1,1,1,1,-1,1,1,-1,1,1,1,-1,1,-1,-1,1,1,0,1,1,1,1,1,1,0,1,-1,0,1,0
UCI327-00328,1,-1,1,1,1,-1,-1,1,-1,1,1,1,-1,0,-1,-1,1,1,0,1,1,1,1,-1,-1,0,-1,1,0,1,1
UCI327-06954,-1,-1,1,1,1,-1,0,0,1,1,1,1,-1,-1,-1,-1,-1,1,0,1,1,1,1,-1,1,-1,-1,1,1,1,1
UCI327-08179,1,1,-1,-1,1,-1,-1,1,-1,1,1,1,1,0,1,0,1,1,0,1,1,1,1,1,1,1,-1,1,1,1,0
UCI327-00243,1,-1,1,1,1,-1,1,1,1,1,1,1,1,1,-1,-1,1,1,0,1,1,1,1,1,-1,-1,-1,1,1,1,0
UCI327-00911,-1,-1,-1,1,-1,-1,0,1,-1,1,1,-1,1,0,-1,-1,1,-1,1,1,1,1,1,-1,-1,1,1,1,1,1,0
UCI327-00177,1,-1,1,1,1,-1,0,-1,1,1,1,1,1,0,-1,-1,1,1,0,1,1,1,1,-1,1,1,-1,1,1,1,1
UCI327-05519,-1,1,1,-1,1,-1,1,1,-1,-1,-1,1,1,0,-1,0,-1,1,0,-1,-1,-1,-1,1,1,1,-1,1,1,1,0
UCI327-06171,1,-1,1,1,1,-1,1,1,-1,1,1,1,-1,1,1,-1,1,1,0,1,1,1,1,-1,1,1,-1,1,0,1,0
UCI327-00606,1,-1,1,1,1,-1,1,1,1,1,1,1,-1,0,0,-1,1,1,0,1,1,1,1,1,1,1,1,1,0,1,0
UCI327-05910,1,-1,-1,1,-1,-1,1,0,1,1,1,-1,-1,-1,1,-1,1,-1,0,1,1,1,1,-1,-1,-1,-1,-1,0,-1,1
UCI327-05987,1,-1,1,-1,1,1,1,1,-1,-1,-1,1,1,1,0,-1,-1,1,0,-1,1,-1,-1,-1,1,1,1,1,0,1,0
UCI327-09048,1,-1,1,1,1,-1,1,-1,-1,1,1,1,1,0,-1,-1,1,1,0,1,1,1,1,1,1,1,-1,1,0,1,1
UCI327-10485,1,-1,1,1,1,1,1,1,-1,1,1,1,-1,1,0,-1,1,1,0,1,1,1,1,1,1,0,-1,1,1,1,0
UCI327-00974,1,1,1,1,1,-1,0,0,-1,-1,-1,1,1,-1,1,1,-1,1,0,-1,1,-1,-1,1,1,-1,-1,-1,0,-1,1
UCI327-08966,-1,-1,1,1,1,-1,-1,-1,1,1,1,-1,-1,-1,-1,-1,1,1,0,1,1,1,1,1,1,1,-1,1,1,1,1
UCI327-08382,1,-1,1,1,1,-1,-1,0,1,1,1,1,-1,-1,0,-1,1,-1,0,1,1,1,1,1,1,1,-1,1,0,1,1
UCI327-01409,1,-1,1,1,1,1,-1,1,1,1,1,1,-1,0,-1,-1,1,1,0,1,1,1,1,1,1,-1,-1,1,1,1,0
UCI327-03112,1,1,1,1,1,-1,0,1,-1,1,1,-1,1,-1,-1,-1,1,1,0,1,1,1,1,-1,-1,0,-1,1,1,1,1
UCI327-01930,-1,1,-1,1,-1,1,0,-1,-1,-1,-1,-1,1,1,1,1,-1,-1,1,1,-1,-1,-1,-1,-1,0,-1,1,1,-1,0
UCI327-05671,1,-1,1,1,1,1,0,-1,1,1,1,1,-1,0,-1,-1,1,1,0,1,1,1,1,-1,1,-1,1,1,1,1,0
UCI327-01449,1,1,1,1,1,-1,1,1,1,-1,1,1,-1,0,0,1,1,1,0,-1,1,-1,1,1,-1,1,-1,-1,0,1,0
UCI327-00079,-1,-1,-1,1,-1,-1,-1,1,-1,1,1,-1,1,1,0,-1,-1,-1,1,1,1,1,1,-1,-1,1,-1,1,-1,-1,0
UCI327-08052,1,-1,1,1,1,-1,0,1,-1,1,1,1,1,0,0,1,1,1,1,1,1,1,1,-1,1,1,-1,1,0,1,0
UCI327-00975,1,-1,1,1,1,1,0,-1,1,1,1,1,-1,0,0,-1,1,1,0,1,1,1,1,1,-1,1,-1,-1,1,1,0
UCI327-07434,1,-1,1,1,1,-1,1,-1,1,1,1,1,-1,-1,0,0,1,1,0,1,1,1,1,-1,1,-1,1,1,0,1,1
UCI327-06039,1,-1,1,1,1,1,0,1,1,1,1,1,-1,1,1,-1,1,1,0,1,1,1,1,-1,1,1,-1,1,0,-1,0
UCI327-08541,-1,-1,1,-1,1,-1,-1,-1,1,1,1,1,-1,-1,0,-1,1,1,0,1,1,1,1,1,1,1,-1,1,1,1,1
UCI327-10893,-1,1,1,1,1,-1,-1,0,-1,1,1,1,1,-1,0,-1,1,1,0,1,1,1,1,1,1,1,1,1,1,1,1
UCI327-07704,1,-1,1,1,1,-1,0,-1,-1,1,1,1,1,1,-1,-1,1,1,1,1,1,1,1,-1,1,1,-1,1,0,1,1
UCI327-02479,1,-1,1,-1,1,-1,1,1,1,1,1,1,-1,0,-1,-1,1,1,0,1,1,1,1,-1,-1,0,-1,1,0,1,1
UCI327-02290,1,-1,1,-1,1,-1,-1,-1,1,1,1,1,-1,-1,0,-1,1,1,0,1,1,1,1,-1,-1,-1,-1,1,1,1,1
UCI327-05323,-1,-1,1,-1,1,-1,0,-1,-1,-1,-1,1,1,1,-1,-1,-1,1,0,-1,-1,-1,-1,-1,1,1,1,1,1,-1,1
UCI327-10176,1,-1,1,1,1,-1,-1,-1,1,1,1,1,-1,1,-1,-1,1,1,0,1,1,1,1,1,1,0,-1,-1,0,1,1
UCI327-05154,1,-1,-1,1,1,-1,1,1,-1,1,1,-1,-1,0,0,-1,1,1,0,1,1,1,1,-1,1,-1,1,1,0,-1,0
UCI327-00272,1,-1,1,1,1,-1,0,1,1,-1,1,1,-1,1,0,-1,1,1,0,1,1,-1,-1,-1,-1,1,1,-1,1,1,0
UCI327-06932,1,-1,1,1,1,-1,1,-1,1,1,1,1,-1,-1,-1,-1,1,1,0,1,1,1,1,-1,1,-1,1,1,0,1,1
UCI327-05315,-1,-1,1,1,1,-1,0,-1,1,1,1,1,-1,-1,-1,-1,1,1,0,1,1,1,1,-1,1,-1,1,1,1,1,1
UCI327-09916,1,-1,1,-1,-1,1,1,1,1,-1,-1,-1,-1,0,1,1,-1,-1,1,-1,1,-1,1,-1,1,0,-1,1,0,1,0
UCI327-02730,1,-1,1,1,1,-1,1,1,1,-1,-1,1,-1,0,1,-1,-1,1,0,-1,1,-1,-1,1,-1,0,-1,1,1,-1,1
UCI327-10529,-1,-1,1,1,1,-1,-1,-1,-1,1,1,1,1,-1,0,-1,1,1,0,1,1,1,1,1,1,0,-1,1,0,1,1
UCI327-09883,-1,-1,-1,-1,1,-1,0,1,-1,1,1,-1,1,0,-1,-1,-1,-1,0,1,1,1,1,1,1,1,-1,1,1,1,1
UCI327-06448,1,-1,1,1,1,-1,0,-1,-1,1,1,1,-1,0,-1,1,1,1,0,1,1,1,1,-1,1,-1,-1,1,0,1,1
UCI327-07418,-1,-1,1,1,1,-1,1,1,-1,-1,1,1,1,0,1,-1,1,1,0,1,1,-1,1,-1,1,0,-1,1,0,1,0
UCI327-01746,1,-1,1,1,1,-1,-1,1,1,1,1,1,1,1,0,-1,1,1,0,1,1,1,1,1,1,1,1,-1,0,1,0
UCI327-05312,1,-1,1,1,1,1,0,1,-1,1,1,1,1,1,-1,-1,1,1,0,1,1,1,1,-1,1,0,1,1,0,1,0
UCI327-00130,1,-1,1,1,-1,-1,-1,0,1,1,1,1,-1,0,-1,-1,1,1,1,1,1,1,1,-1,-1,0,-1,1,1,1,1
UCI327-00870,1,-1,1,1,1,-1,1,1,1,1,1,1,-1,0,-1,-1,1,1,0,1,1,1,1,1,1,1,1,-1,0,1,0
UCI327-03184,1,-1,1,1,1,-1,-1,-1,1,1,1,1,-1,-1,-1,-1,1,1,0,1,1,1,1,-1,-1,0,-1,1,1,-1,1
UCI327-05560,1,-1,1,-1,1,-1,1,-1,1,1,1,-1,-1,-1,-1,-1,-1,-1,0,1,1,1,1,-1,1,0,1,1,-1,1,1
UCI327-09440,-1,-1,-1,1,-1,-1,1,1,1,1,1,-1,-1,0,1,1,1,-1,1,1,1,1,1,1,-1,1,-1,1,1,1,0
UCI327-05453,1,1,-1,-1,-1,-1,1,-1,-1,1,1,-1,1,1,1,-1,1,-1,0,-1,1,-1,1,1,-1,1,1,-1,0,1,1
UCI327-07506,-1,-1,1,1,1,-1,0,-1,-1,1,1,1,-1,0,-1,-1,1,1,1,1,1,1,1,-1,1,1,-1,1,1,1,1
UCI327-08469,-1,1,-1,1,-1,-1,1,1,-1,1,1,-1,1,1,-1,-1,1,-1,1,1,1,1,1,1,-1,-1,1,1,1,1,0
UCI327-06988,-1,-1,1,1,1,-1,0,-1,1,1,1,1,-1,0,0,-1,1,1,0,1,1,1,1,-1,1,1,1,1,0,1,1
UCI327-06252,-1,-1,1,1,1,-1,1,0,1,1,1,1,-1,-1,0,-1,1,1,0,1,1,1,1,-1,1,0,-1,1,1,1,1
UCI327-09829,-1,-1,1,-1,1,-1,0,-1,-1,-1,-1,1,1,0,1,-1,-1,1,0,-1,1,-1,-1,1,1,-1,-1,1,1,1,0
UCI327-08774,1,-1,1,1,1,-1,-1,0,-1,1,1,1,1,-1,1,-1,1,1,0,1,1,1,1,1,1,0,-1,1,0,1,1
UCI327-03228,1,-1,1,1,1,-1,0,-1,1,1,1,1,-1,-1,0,-1,1,1,0,1,1,1,1,-1,1,0,-1,1,0,-1,1
UCI327-07060,-1,-1,1,1,1,-1,-1,-1,-1,1,1,1,-1,0,-1,-1,1,1,0,1,1,1,1,-1,1,0,1,1,1,1,1
UCI327-00600,1,-1,1,1,1,-1,-1,-1,1,1,1,1,1,0,0,-1,1,1,0,1,1,1,1,-1,1,-1,-1,-1,0,1,1
UCI327-05592,1,-1,1,-1,1,-1,1,1,1,-1,-1,1,-1,0,0,1,-1,1,0,1,1,-1,1,-1,1,1,-1,1,1,1,0
UCI327-05455,-1,-1,1,-1,1,-1,0,-1,1,1,1,1,-1,1,-1,-1,1,1,0,1,1,1,1,-1,1,-1,-1,1,0,-1,1
UCI327-01133,1,1,1,1,1,1,-1,1,-1,1,1,1,1,-1,0,1,1,1,0,1,1,1,1,1,1,1,-1,1,1,1,0
UCI327-09451,-1,-1,1,1,1,-1,0,1,-1,1,1,1,1,0,-1,0,1,1,0,1,1,1,1,1,1,1,-1,1,1,1,0
UCI327-02825,-1,-1,-1,-1,-1,-1,1,-1,-1,-1,1,-1,-1,-1,1,-1,-1,-1,1,-1,1,-1,1,-1,-1,0,-1,1,0,-1,1
UCI327-07651,-1,-1,1,1,1,-1,1,1,-1,1,1,1,1,0,1,-1,1,1,0,1,1,1,1,-1,1,0,1,1,0,1,1
UCI327-07262,-1,-1,1,1,1,1,-1,1,1,1,1,1,-1,1,0,1,1,1,0,1,1,1,1,-1,1,1,-1,1,0,1,0
UCI327-05445,1,-1,1,-1,1,1,1,1,-1,1,1,1,1,1,1,-1,1,1,0,1,1,1,1,-1,1,1,1,1,0,-1,0
UCI327-01328,1,-1,1,1,1,-1,-1,-1,-1,1,1,-1,1,0,-1,-1,1,1,0,1,1,1,1,-1,-1,0,-1,-1,0,1,1
UCI327-10785,-1,-1,1,-1,1,-1,0,0,1,-1,-1,1,1,-1,0,-1,-1,1,0,1,1,-1,1,1,1,1,-1,1,0,1,1
UCI327-10936,-1,-1,-1,-1,1,-1,-1,0,-1,1,1,-1,-1,-1,1,-1,-1,-1,0,1,1,1,1,1,-1,0,-1,1,0,1,1
UCI327-05709,1,-1,1,1,1,-1,0,-1,-1,1,1,1,1,-1,0,-1,1,1,0,1,1,1,1,-1,1,-1,1,1,0,-1,1
UCI327-08717,-1,-1,1,1,1,-1,-1,-1,1,1,1,1,-1,-1,1,1,1,1,0,1,1,1,1,1,1,1,-1,1,0,1,1
UCI327-01047,1,-1,1,-1,1,-1,-1,1,1,1,1,1,-1,0,0,-1,1,1,0,1,1,1,1,-1,1,-1,-1,1,0,1,0
UCI327-10173,1,-1,1,1,1,-1,-1,-1,-1,1,1,1,-1,-1,0,0,1,1,0,1,1,1,1,1,1,1,-1,1,0,1,1
UCI327-05532,1,1,1,1,1,-1,0,-1,-1,1,1,1,1,0,-1,-1,1,1,0,1,1,1,1,1,1,0,1,1,0,1,1
UCI327-00707,-1,-1,-1,1,-1,-1,0,-1,-1,-1,-1,-1,-1,-1,1,-1,-1,-1,1,1,1,-1,-1,-1,-1,1,-1,1,1,-1,1
UCI327-07502,-1,-1,-1,-1,-1,-1,0,0,1,-1,-1,-1,-1,-1,1,-1,-1,-1,0,-1,-1,-1,-1,-1,-1,0,-1,-1,1,1,1
UCI327-00050,1,-1,1,1,1,-1,1,1,-1,1,1,-1,1,0,-1,-1,1,1,0,1,1,1,1,1,1,0,-1,1,0,1,1
UCI327-05202,-1,-1,1,1,-1,1,1,1,-1,1,1,1,1,1,0,0,1,-1,0,1,1,1,1,-1,1,1,-1,1,0,1,0
UCI327-03500,-1,1,-1,-1,-1,-1,1,-1,-1,1,1,-1,1,-1,1,1,1,-1,1,-1,1,-1,1,1,-1,1,-1,1,0,-1,1
UCI327-05954,-1,-1,1,1,1,-1,1,-1,1,1,1,1,-1,-1,0,-1,1,1,0,1,1,1,1,-1,1,-1,1,1,0,1,1
UCI327-01049,1,-1,1,1,1,-1,0,1,1,1,1,1,1,-1,-1,-1,1,1,0,1,1,1,1,-1,-1,0,-1,1,0,1,1
UCI327-02523,1,-1,-1,1,-1,1,0,1,-1,1,1,-1,1,1,0,-1,1,-1,0,1,1,1,1,1,-1,1,-1,1,1,1,0
UCI327-00191,1,-1,1,1,1,-1,0,0,-1,1,1,1,1,0,-1,-1,1,1,0,1,1,1,1,1,-1,-1,-1,1,1,1,1
UCI327-06011,-1,-1,-1,-1,-1,-1,1,1,-1,1,1,-1,1,0,0,-1,1,-1,0,1,1,1,1,-1,-1,1,1,1,-1,1,0
UCI327-00044,1,-1,1,-1,1,-1,0,-1,-1,1,1,1,1,-1,1,-1,-1,-1,0,1,1,1,1,-1,1,1,-1,1,1,-1,1
UCI327-07032,-1,-1,1,1,1,-1,0,1,-1,1,1,1,-1,-1,-1,-1,1,1,0,1,1,1,1,-1,1,0,1,1,0,1,1
UCI327-00070,1,-1,1,1,1,-1,1,1,-1,1,1,1,1,1,0,-1,-1,-1,0,1,1,1,1,1,1,1,1,1,0,-1,0
UCI327-07553,-1,-1,1,1,1,-1,1,1,-1,1,1,1,1,1,0,1,1,1,0,1,1,1,1,-1,1,1,1,1,0,1,0
UCI327-07578,-1,-1,1,-1,1,-1,0,-1,1,1,1,-1,-1,-1,0,-1,1,-1,0,1,1,1,1,-1,1,-1,-1,1,1,1,1
UCI327-06112,-1,-1,1,-1,1,-1,0,-1,-1,-1,-1,1,-1,-1,0,-1,-1,1,1,1,1,-1,1,-1,1,-1,1,1,0,1,1
UCI327-05195,1,-1,1,-1,-1,-1,0,1,-1,1,1,1,1,-1,-1,-1,1,1,0,1,1,1,1,-1,1,0,1,1,0,1,1
UCI327-10104,1,-1,1,1,1,-1,1,1,-1,1,1,1,1,1,0,1,1,1,0,1,1,1,1,-1,1,-1,-1,-1,0,1,0
UCI327-00143,1,-1,1,1,1,-1,1,-1,1,1,1,1,-1,0,-1,-1,1,1,0,1,1,1,1,1,-1,0,-1,1,1,1,1
UCI327-05239,-1,-1,1,1,1,-1,0,-1,1,1,1,1,-1,1,-1,-1,1,1,1,1,1,1,1,-1,1,-1,1,1,1,-1,1
UCI327-09413,1,1,1,1,1,1,1,1,-1,1,1,-1,1,0,0,1,1,1,0,1,1,1,1,1,1,-1,1,1,-1,1,0
UCI327-09398,-1,1,1,1,1,-1,-1,-1,-1,1,1,1,-1,-1,0,-1,1,1,0,1,1,1,1,-1,1,1,1,1,0,1,1
UCI327-06137,-1,-1,1,1,1,-1,0,-1,-1,1,1,1,1,-1,-1,-1,1,1,1,1,1,1,1,-1,1,-1,1,1,1,1,1
UCI327-00307,1,-1,1,1,1,-1,-1,1,1,1,1,1,-1,1,1,-1,1,1,0,1,1,1,1,1,1,1,1,1,0,1,0
UCI327-00546,1,-1,1,1,1,-1,0,1,-1,1,1,1,1,0,-1,-1,1,1,0,1,1,1,1,-1,1,1,1,1,0,1,0
UCI327-06151,-1,-1,1,1,1,-1,1,-1,1,1,1,1,-1,-1,-1,-1,1,1,0,1,1,1,1,-1,1,0,1,1,0,1,1
UCI327-06626,-1,-1,1,1,1,-1,-1,-1,-1,1,1,-1,-1,1,0,0,1,1,0,1,1,1,1,-1,1,1,1,1,0,1,0
UCI327-06646,-1,-1,1,-1,-1,-1,0,-1,-1,-1,-1,-1,1,0,-1,-1,-1,-1,0,-1,1,-1,1,-1,1,0,1,1,-1,1,1
UCI327-06015,1,-1,1,1,1,-1,0,0,-1,1,1,1,1,0,-1,-1,1,1,0,1,1,1,1,-1,1,0,1,1,0,1,1
UCI327-01183,1,-1,1,1,1,-1,-1,-1,1,1,1,1,-1,-1,-1,-1,1,1,0,1,1,1,1,1,1,-1,-1,-1,0,1,1
UCI327-06405,1,-1,1,1,-1,-1,1,0,-1,1,1,-1,-1,-1,1,-1,1,1,0,1,1,1,1,-1,1,-1,1,1,0,1,1
UCI327-07249,1,1,-1,-1,-1,1,1,1,-1,1,1,-1,-1,0,1,-1,1,-1,0,1,1,1,1,1,-1,1,1,-1,1,1,0
UCI327-00175,1,-1,1,1,1,1,-1,1,-1,-1,1,-1,1,1,1,-1,1,-1,0,-1,1,-1,1,1,-1,1,-1,1,-1,-1,0
UCI327-09875,1,-1,1,1,1,-1,1,-1,1,1,1,1,1,0,-1,-1,1,1,0,1,1,1,1,1,1,1,-1,-1,0,1,1
UCI327-00094,1,-1,1,1,1,-1,1,1,-1,1,1,1,1,0,1,-1,1,1,0,1,1,1,1,1,1,-1,1,1,-1,1,0
UCI327-07181,-1,-1,1,1,1,-1,0,-1,-1,1,1,1,1,0,-1,0,1,1,0,1,1,1,1,-1,1,1,-1,1,0,1,1
UCI327-09764,1,-1,1,1,1,-1,1,1,1,1,1,1,-1,0,0,0,1,1,0,1,1,1,1,1,1,-1,-1,1,0,1,0
UCI327-05878,-1,-1,1,1,1,-1,0,0,1,1,1,1,-1,-1,-1,-1,1,1,0,1,1,1,1,-1,1,-1,1,1,1,1,1
UCI327-00199,1,-1,1,1,1,1,1,1,-1,1,1,1,1,0,0,-1,-1,1,0,1,1,1,1,1,-1,1,-1,1,0,1,0
UCI327-09013,-1,-1,1,1,1,-1,1,1,-1,1,1,1,-1,0,0,1,1,1,0,1,1,1,1,1,1,0,-1,1,1,1,0
UCI327-00491,-1,-1,-1,1,-1,-1,0,1,-1,1,1,-1,1,0,1,-1,1,-1,1,1,1,1,1,1,-1,1,1,1,1,1,0
UCI327-08866,1,1,1,1,1,-1,-1,-1,-1,1,1,1,1,-1,-1,-1,1,1,0,1,1,1,1,1,1,0,1,1,0,1,1
UCI327-00954,1,-1,1,1,1,1,-1,1,1,1,1,1,-1,0,1,-1,1,1,0,1,1,1,1,-1,1,-1,-1,1,1,1,0
UCI327-09948,-1,-1,-1,-1,-1,-1,1,-1,-1,-1,-1,-1,1,-1,1,-1,-1,-1,1,-1,-1,-1,-1,1,-1,0,-1,1,1,1,1
UCI327-02735,1,-1,1,-1,1,-1,1,-1,1,1,1,1,-1,0,-1,-1,1,1,0,1,1,1,1,1,-1,0,-1,1,1,1,1
UCI327-09214,1,-1,1,1,1,-1,1,1,-1,1,1,1,1,0,1,0,-1,1,0,1,1,1,1,1,1,-1,-1,1,-1,1,0
UCI327-06322,1,1,1,1,1,1,1,1,-1,1,1,1,1,0,1,-1,1,1,0,1,1,1,1,1,1,-1,1,1,1,1,0
UCI327-09187,-1,-1,1,1,1,-1,1,1,-1,1,1,1,1,0,1,-1,1,1,0,1,1,1,1,1,1,0,-1,1,1,1,0
UCI327-01611,1,-1,1,1,1,-1,0,1,1,1,1,1,-1,0,1,-1,1,1,0,1,1,1,1,-1,-1,0,-1,1,0,1,1
UCI327-07344,-1,1,1,1,1,-1,0,-1,-1,1,1,1,1,-1,0,0,1,1,0,1,1,1,1,1,1,-1,1,1,1,1,1
UCI327-06172,-1,-1,-1,1,-1,-1,1,1,-1,1,1,-1,1,0,-1,1,1,-1,0,1,1,1,1,-1,-1,1,-1,-1,1,1,0
UCI327-06409,-1,-1,1,1,1,1,1,1,-1,-1,-1,1,1,0,0,-1,-1,1,0,-1,1,-1,1,-1,1,1,1,1,1,1,0
UCI327-00145,1,-1,1,1,1,-1,-1,1,1,1,1,1,1,0,-1,-1,-1,1,0,1,1,1,1,-1,-1,0,-1,1,1,1,1
UCI327-01284,-1,-1,-1,1,-1,1,1,1,1,1,1,-1,1,0,0,-1,1,1,0,1,1,1,1,1,-1,1,-1,1,1,1,0
UCI327-05275,1,-1,1,1,1,-1,1,1,-1,1,1,1,1,0,0,0,1,1,0,1,1,1,1,-1,1,1,-1,1,0,1,0
UCI327-08837,-1,-1,1,-1,1,-1,-1,-1,-1,1,1,1,-1,-1,1,-1,1,1,0,1,1,1,1,1,1,1,-1,1,1,1,1
UCI327-09501,-1,-1,1,1,1,-1,1,-1,-1,1,1,1,1,-1,-1,-1,1,1,0,1,1,1,1,1,1,0,-1,1,0,1,1
UCI327-06715,-1,-1,1,-1,1,-1,0,1,-1,-1,-1,1,-1,0,-1,-1,-1,1,0,1,1,1,1,-1,1,0,1,1,1,1,1
UCI327-01231,1,0,1,1,1,-1,-1,-1,1,1,1,-1,-1,0,0,-1,1,1,0,1,1,1,1,-1,1,1,-1,-1,-1,1,1
UCI327-07045,1,-1,1,1,1,-1,1,1,1,1,1,1,-1,0,-1,-1,1,1,0,1,1,1,1,-1,1,0,1,1,0,1,0
UCI327-07067,1,-1,1,1,1,-1,1,1,-1,-1,1,1,1,1,1,1,1,1,0,1,1,-1,1,-1,1,1,-1,1,1,1,0
UCI327-09333,-1,1,1,1,1,-1,0,0,-1,1,1,1,1,-1,0,-1,1,1,0,1,1,1,1,1,1,0,1,1,1,1,1
UCI327-02875,1,-1,1,-1,1,-1,-1,-1,1,1,1,1,-1,0,0,-1,1,1,0,1,1,1,1,-1,-1,-1,1,1,1,1,1
UCI327-02350,-1,-1,-1,1,-1,-1,-1,-1,-1,1,1,-1,-1,-1,1,-1,1,-1,1,1,1,1,1,-1,1,-1,-1,1,0,1,1
UCI327-00230,1,-1,1,1,1,-1,-1,-1,-1,-1,1,1,1,0,0,-1,1,1,0,1,1,-1,1,-1,-1,0,1,1,1,1,1
UCI327-10146,1,-1,1,1,1,-1,1,1,-1,1,1,1,1,1,1,-1,1,1,0,1,1,1,1,-1,1,0,-1,1,0,1,0
UCI327-01235,1,0,1,1,1,-1,-1,-1,1,1,1,-1,-1,0,-1,-1,1,1,0,1,1,1,1,-1,1,0,-1,-1,0,1,1
UCI327-01280,-1,-1,-1,1,-1,1,-1,1,-1,1,1,-1,1,1,1,-1,-1,-1,0,1,1,1,1,1,-1,1,-1,1,0,-1,0
UCI327-01812,1,-1,1,1,1,-1,-1,-1,-1,1,1,1,-1,-1,-1,-1,1,1,0,1,1,1,1,-1,-1,-1,-1,-1,0,1,1
UCI327-05908,-1,1,-1,-1,1,-1,0,-1,-1,1,1,1,1,-1,-1,-1,-1,-1,1,1,1,1,1,-1,1,-1,1,1,0,-1,1
UCI327-10546,-1,-1,-1,-1,1,-1,1,1,1,-1,-1,1,-1,1,1,-1,1,1,0,-1,-1,-1,-1,1,1,-1,-1,1,1,1,0
UCI327-08508,1,-1,1,1,1,-1,0,0,1,1,1,1,-1,1,1,-1,1,1,0,1,1,1,1,1,1,-1,-1,1,0,1,1
UCI327-00076,1,-1,1,1,-1,1,0,1,1,-1,-1,-1,-1,0,1,-1,-1,-1,1,-1,1,-1,1,-1,1,1,1,1,0,-1,0
UCI327-09062,-1,1,1,-1,1,-1,-1,0,-1,1,1,1,1,-1,0,-1,1,1,0,1,1,1,1,1,1,1,1,1,1,1,1
UCI327-08781,1,1,1,-1,1,-1,1,1,-1,-1,-1,1,1,0,0,0,-1,1,0,1,1,-1,1,-1,1,1,1,1,0,1,0
UCI327-11032,-1,1,1,1,1,-1,0,0,1,1,1,1,-1,-1,0,-1,1,1,0,1,1,1,1,1,1,0,1,1,0,1,1
UCI327-02369,1,-1,1,1,1,-1,-1,-1,-1,1,1,1,1,0,-1,-1,1,1,0,1,1,1,1,1,1,1,-1,-1,0,1,1
UCI327-05767,-1,-1,1,1,1,-1,0,0,1,1,1,1,-1,-1,0,-1,1,1,0,1,1,1,1,-1,1,0,-1,1,1,-1,1
UCI327-06548,1,-1,1,1,1,-1,0,-1,-1,1,1,1,-1,0,-1,-1,1,1,0,1,1,1,1,-1,1,0,1,1,0,1,1
UCI327-09845,-1,1,1,1,1,-1,1,1,-1,1,1,1,1,1,0,-1,1,1,0,1,1,1,1,1,1,0,1,1,1,1,0
UCI327-01300,1,-1,1,1,1,-1,-1,-1,-1,1,1,1,1,0,-1,-1,-1,-1,0,1,1,1,1,-1,1,-1,-1,-1,0,-1,1
UCI327-00667,1,-1,1,1,1,-1,-1,1,1,1,1,1,-1,0,0,-1,1,1,0,1,1,1,1,1,1,1,-1,-1,0,1,0
UCI327-08569,-1,-1,1,-1,1,1,1,1,-1,-1,-1,1,-1,1,1,-1,-1,1,0,-1,-1,-1,-1,1,1,-1,-1,1,1,1,0
UCI327-08384,1,-1,1,1,1,-1,1,-1,-1,1,1,1,-1,0,0,0,1,1,0,1,1,1,1,1,1,1,-1,1,1,1,0
UCI327-06904,1,-1,1,-1,1,1,1,1,-1,-1,1,-1,1,1,1,-1,1,-1,1,-1,1,-1,1,-1,1,1,-1,1,-1,1,0
UCI327-06185,-1,-1,1,-1,1,-1,0,0,1,-1,-1,1,-1,-1,-1,-1,-1,1,0,-1,1,-1,1,-1,1,1,1,1,1,1,1
UCI327-08742,-1,-1,1,1,1,-1,-1,-1,-1,1,1,1,-1,1,1,-1,1,1,0,1,1,1,1,-1,1,0,-1,1,1,1,0
UCI327-00919,1,-1,1,1,1,-1,0,-1,1,1,1,1,1,0,0,-1,1,1,0,1,1,1,1,1,1,1,1,1,1,1,0
UCI327-08662,1,-1,-1,1,-1,-1,1,1,-1,1,1,-1,1,1,-1,1,1,-1,1,1,1,1,1,1,-1,-1,-1,1,1,1,0
UCI327-06800,-1,-1,1,1,1,-1,-1,1,1,1,1,1,1,0,-1,-1,1,1,0,1,1,1,1,-1,1,1,-1,1,0,1,1
UCI327-08988,1,-1,1,1,1,-1,1,1,-1,1,1,1,-1,0,1,-1,1,1,0,1,1,1,1,1,1,1,-1,1,0,1,0
UCI327-06026,1,1,1,-1,1,-1,0,1,-1,-1,-1,1,1,0,0,0,-1,1,0,-1,1,-1,-1,1,1,1,1,1,1,1,0
UCI327-10014,1,-1,1,1,1,1,0,1,-1,1,1,1,-1,0,-1,-1,-1,1,0,1,1,1,1,1,1,1,-1,-1,0,1,0
UCI327-00277,1,-1,1,1,1,-1,0,-1,-1,1,1,1,1,0,1,-1,1,1,0,1,1,1,1,-1,1,1,-1,1,0,1,0
UCI327-10495,-1,-1,1,-1,1,-1,1,-1,1,-1,-1,1,-1,0,-1,-1,-1,1,0,-1,1,-1,-1,1,1,1,-1,1,1,1,1
UCI327-05568,-1,-1,1,1,1,-1,0,-1,1,1,1,1,-1,-1,0,0,1,1,0,1,1,1,1,-1,1,-1,1,1,1,1,1
UCI327-05535,-1,0,1,1,1,-1,0,-1,-1,-1,1,-1,-1,0,-1,-1,1,1,0,-1,1,-1,-1,-1,1,0,1,1,0,1,1
UCI327-00245,1,-1,1,1,1,-1,0,-1,1,1,1,1,1,0,-1,-1,1,1,0,1,1,1,1,-1,1,0,-1,1,0,1,1
UCI327-08756,-1,-1,1,-1,1,-1,-1,0,1,-1,-1,1,-1,-1,1,-1,-1,1,0,1,1,-1,1,1,1,0,-1,-1,0,1,1
UCI327-07934,-1,-1,1,1,1,-1,1,0,-1,1,1,1,-1,-1,-1,0,-1,1,0,1,1,1,1,-1,1,-1,-1,1,0,1,1
UCI327-09311,-1,-1,1,-1,1,-1,0,-1,1,-1,-1,1,1,-1,0,-1,-1,1,0,1,1,-1,1,1,1,1,-1,1,0,-1,1
UCI327-05680,-1,1,1,-1,1,-1,0,0,-1,-1,-1,1,-1,-1,0,-1,-1,1,0,1,1,-1,1,1,1,-1,-1,1,0,1,1
UCI327-01781,1,-1,1,1,1,-1,-1,1,1,-1,-1,1,-1,1,1,-1,-1,1,0,1,1,-1,1,1,-1,1,1,-1,1,-1,0
UCI327-00254,1,-1,1,1,1,-1,-1,-1,1,1,1,1,-1,0,0,-1,1,1,0,1,1,1,1,-1,1,1,-1,-1,0,1,1
UCI327-05762,1,1,1,-1,1,-1,-1,1,-1,-1,-1,1,1,0,0,0,-1,1,0,1,1,-1,1,1,1,1,1,1,0,1,0
UCI327-01198,1,-1,1,1,1,1,-1,1,-1,1,1,1,1,0,-1,-1,1,1,0,1,1,1,1,1,-1,1,1,1,1,1,0
UCI327-09338,-1,-1,1,-1,1,-1,0,-1,-1,-1,-1,1,1,0,-1,-1,-1,1,0,1,1,-1,1,1,1,1,-1,1,0,-1,1
UCI327-09166,-1,-1,1,-1,1,-1,1,1,1,-1,-1,1,-1,0,1,-1,-1,1,0,-1,1,-1,-1,1,1,1,-1,-1,1,1,1
UCI327-05873,1,-1,1,1,1,1,1,1,-1,1,1,1,1,0,1,-1,1,1,0,1,1,1,1,-1,1,1,1,1,0,-1,0
UCI327-01702,1,-1,1,1,1,-1,-1,-1,-1,1,1,1,1,-1,-1,-1,1,1,0,1,1,1,1,-1,-1,-1,-1,-1,1,1,1
UCI327-10497,-1,-1,1,1,1,-1,0,-1,-1,1,1,1,1,-1,-1,-1,1,1,0,1,1,1,1,1,1,0,-1,1,0,1,1
UCI327-02171,1,-1,1,1,1,-1,0,0,-1,1,1,1,-1,-1,0,-1,1,1,0,1,1,1,1,1,1,-1,-1,1,0,1,1
UCI327-10154,-1,-1,1,1,1,-1,1,0,1,1,1,1,1,0,-1,-1,1,1,0,1,1,1,1,1,1,1,-1,-1,0,1,1
UCI327-10778,1,-1,-1,-1,-1,-1,-1,0,-1,1,1,-1,-1,-1,1,0,1,-1,1,1,1,1,1,1,-1,1,-1,1,0,1,1
UCI327-05536,-1,-1,1,1,1,-1,0,-1,1,1,1,1,1,0,-1,-1,1,1,0,1,1,1,1,-1,1,-1,-1,1,0,-1,1
UCI327-11054,-1,-1,1,1,1,-1,-1,-1,1,1,1,1,-1,-1,0,-1,1,1,0,1,1,1,1,-1,1,-1,-1,-1,1,-1,1
UCI327-00693,1,-1,1,1,1,-1,-1,-1,-1,1,1,1,-1,0,-1,-1,1,1,0,1,1,1,1,-1,-1,1,-1,1,0,1,1
UCI327-01845,1,-1,1,1,1,-1,0,-1,-1,1,1,1,1,-1,0,-1,1,1,0,1,1,1,1,-1,-1,1,-1,-1,0,1,1
UCI327-07040,-1,1,1,1,1,-1,-1,-1,-1,1,1,1,1,-1,0,-1,1,1,1,1,1,1,1,1,1,-1,-1,1,1,-1,1
UCI327-00785,1,-1,1,1,1,-1,0,-1,1,1,1,1,-1,0,-1,-1,1,1,0,1,1,1,1,-1,-1,1,-1,1,1,1,0
UCI327-00437,1,1,1,1,1,1,-1,1,-1,1,1,1,1,1,0,1,1,1,0,1,1,1,1,1,-1,1,-1,1,1,1,0
UCI327-06575,1,-1,1,1,1,-1,1,1,-1,1,1,1,1,0,1,1,1,1,0,1,1,1,1,-1,1,1,-1,1,0,1,0
UCI327-00407,1,-1,1,1,1,-1,-1,1,-1,-1,1,1,1,0,0,-1,1,1,0,1,1,-1,1,1,-1,1,1,1,1,1,0
UCI327-08238,-1,-1,1,-1,1,-1,0,-1,1,1,1,1,1,-1,-1,-1,1,1,1,1,1,1,1,1,-1,1,-1,-1,1,1,1
UCI327-02746,1,-1,1,1,1,-1,1,1,-1,1,1,1,1,1,0,-1,1,1,0,1,1,1,1,1,1,1,-1,1,0,-1,0
UCI327-01205,1,-1,1,1,1,-1,0,0,-1,-1,-1,1,1,-1,-1,-1,-1,1,0,-1,-1,-1,-1,1,1,1,-1,1,1,-1,1
UCI327-01111,1,-1,1,1,1,-1,0,0,-1,1,1,1,1,-1,0,-1,1,1,0,1,1,1,1,1,-1,-1,-1,1,0,1,1
UCI327-02668,1,-1,1,1,1,-1,1,1,-1,1,1,1,-1,-1,0,-1,1,1,0,1,1,1,1,-1,-1,0,-1,1,0,1,1
UCI327-04688,1,-1,1,1,-1,-1,1,-1,-1,1,1,1,1,0,0,-1,-1,1,1,1,1,1,1,-1,-1,0,-1,-1,0,1,1
UCI327-05254,-1,-1,1,-1,1,-1,0,-1,-1,1,1,1,-1,-1,-1,-1,1,1,1,1,1,1,1,-1,1,1,1,1,0,-1,1
UCI327-00487,1,-1,1,1,1,-1,0,1,-1,1,1,1,1,0,0,-1,1,1,0,1,1,1,1,-1,-1,0,-1,1,1,1,1
UCI327-08435,-1,1,-1,-1,-1,-1,0,1,-1,1,1,-1,1,-1,1,-1,1,1,1,1,1,1,1,1,-1,1,1,-1,1,1,1
UCI327-06653,-1,-1,1,-1,1,-1,1,1,-1,-1,-1,1,1,1,1,-1,-1,1,0,-1,1,-1,-1,-1,1,1,1,1,1,1,0
UCI327-08761,1,-1,1,1,1,-1,1,1,1,1,1,1,1,0,1,1,1,1,0,1,1,1,1,-1,1,-1,-1,1,0,-1,0
UCI327-00393,1,-1,1,1,1,-1,-1,-1,1,1,1,1,-1,-1,0,-1,1,1,0,1,1,1,1,-1,-1,0,-1,1,0,1,1
UCI327-09003,-1,-1,-1,1,-1,-1,0,-1,1,-1,-1,-1,-1,-1,-1,-1,-1,-1,1,1,1,-1,-1,1,-1,1,-1,1,1,1,1
UCI327-00023,1,1,1,1,1,-1,1,0,-1,1,1,1,1,0,0,-1,1,1,0,1,1,1,1,1,1,1,-1,1,-1,1,0
UCI327-09717,-1,-1,1,-1,1,-1,-1,-1,-1,-1,-1,1,-1,-1,0,-1,-1,1,0,1,1,-1,1,1,1,1,-1,1,0,1,1
UCI327-08961,1,-1,1,1,1,1,1,1,1,1,1,1,-1,0,-1,1,1,1,0,1,1,1,1,1,1,0,-1,1,1,1,0
UCI327-08404,-1,-1,1,1,1,-1,-1,0,-1,1,1,1,-1,1,1,-1,1,1,0,1,1,1,1,1,1,1,-1,1,1,1,1
UCI327-09918,-1,-1,1,1,-1,-1,-1,-1,1,1,1,1,-1,-1,0,-1,1,1,0,1,1,1,1,1,1,1,-1,1,0,1,1
UCI327-07681,-1,1,1,1,1,-1,-1,-1,-1,1,1,1,1,-1,-1,-1,1,1,0,1,1,1,1,1,1,-1,1,1,0,1,1
UCI327-05723,-1,-1,1,1,1,-1,-1,-1,-1,1,1,1,-1,1,1,-1,1,1,0,1,1,1,1,-1,1,-1,-1,1,1,1,0
UCI327-06168,-1,-1,1,1,1,-1,0,1,-1,1,1,1,1,0,1,-1,1,1,0,1,1,1,1,-1,1,1,-1,1,1,1,0
UCI327-00711,1,-1,1,1,1,-1,1,-1,1,1,1,1,-1,-1,-1,-1,1,1,0,1,1,1,1,-1,-1,-1,-1,1,0,1,1
UCI327-02092,1,-1,1,1,1,-1,-1,-1,1,1,1,1,-1,1,-1,-1,1,1,0,1,1,1,1,1,1,-1,-1,-1,0,1,1
UCI327-08479,-1,-1,1,1,1,-1,-1,1,1,1,1,1,-1,1,-1,-1,1,1,0,1,1,1,1,1,1,1,-1,1,1,1,1
UCI327-05258,-1,-1,1,1,1,-1,0,-1,1,1,1,1,-1,-1,-1,-1,1,1,1,1,1,1,1,-1,1,0,1,1,0,1,1
UCI327-01027,1,1,1,1,1,1,-1,1,-1,1,1,1,1,1,0,1,1,1,0,1,1,1,1,1,-1,-1,-1,1,1,1,0
UCI327-08968,-1,-1,1,1,1,-1,-1,-1,1,1,1,1,-1,-1,0,-1,1,1,0,1,1,1,1,1,1,1,-1,-1,1,1,1
UCI327-10225,-1,-1,1,1,1,1,-1,1,-1,1,1,1,1,1,1,1,1,1,0,1,1,1,1,1,1,1,-1,1,1,1,0
UCI327-11019,-1,-1,1,1,1,-1,-1,0,-1,1,1,1,1,0,-1,0,1,1,0,1,1,1,1,1,1,0,-1,1,1,1,1
UCI327-09700,1,-1,1,1,1,-1,1,0,-1,1,1,1,-1,0,-1,-1,1,1,0,1,1,1,1,1,1,-1,-1,-1,0,1,1
UCI327-00794,1,-1,1,1,1,-1,1,1,1,1,1,1,-1,-1,-1,-1,1,1,0,1,1,1,1,1,-1,-1,-1,1,1,1,1
UCI327-00189,1,-1,1,1,1,-1,0,1,-1,1,1,1,1,0,0,-1,1,1,0,1,1,1,1,1,-1,1,-1,1,1,1,0
UCI327-08482,-1,-1,1,-1,1,1,1,1,-1,-1,-1,1,-1,1,1,-1,-1,1,0,-1,1,-1,-1,-1,1,1,-1,1,1,1,0
UCI327-10049,1,-1,1,1,1,-1,0,1,-1,1,1,1,1,1,-1,-1,1,1,0,1,1,1,1,1,1,1,-1,1,0,1,0
UCI327-02361,1,1,1,1,1,1,-1,1,-1,1,1,1,1,-1,0,1,1,1,0,1,1,1,1,1,-1,1,-1,1,1,1,0
UCI327-00139,1,-1,1,1,-1,-1,-1,1,-1,1,1,-1,-1,0,-1,-1,1,1,1,1,1,1,1,-1,-1,1,-1,1,0,1,1
UCI327-09252,-1,-1,1,1,1,-1,-1,-1,-1,1,1,1,1,-1,1,0,1,1,0,1,1,1,1,1,1,0,-1,1,1,1,1
UCI327-09071,-1,1,-1,1,-1,-1,1,1,-1,1,1,-1,1,1,-1,-1,1,-1,1,1,1,1,1,-1,-1,-1,1,1,1,1,0
UCI327-00138,1,-1,1,1,1,-1,0,0,1,1,1,1,-1,-1,-1,-1,-1,1,0,1,1,1,1,1,-1,-1,-1,1,1,1,1
UCI327-05549,1,-1,-1,1,-1,1,1,1,-1,1,1,-1,1,1,0,1,1,-1,0,1,1,1,1,-1,-1,1,1,-1,1,1,0
UCI327-05981,1,-1,1,-1,1,-1,0,-1,1,1,1,1,1,-1,1,-1,-1,-1,0,1,1,1,1,-1,1,1,1,1,1,1,1
UCI327-01727,1,-1,1,1,1,-1,0,1,1,1,1,1,-1,0,0,-1,1,1,0,1,1,1,1,1,-1,1,-1,1,1,1,0
UCI327-00231,1,-1,1,1,1,1,1,1,-1,1,1,1,1,1,0,-1,1,1,0,1,1,1,1,1,1,1,-1,1,0,1,0
UCI327-01624,1,-1,1,1,1,1,0,1,-1,1,1,1,-1,1,0,-1,1,1,0,1,1,1,1,1,-1,1,-1,1,1,1,0
UCI327-06098,-1,-1,-1,-1,-1,-1,-1,1,-1,1,1,-1,1,1,0,-1,-1,-1,0,1,1,1,1,-1,-1,1,-1,-1,-1,1,0
UCI327-08539,-1,-1,1,1,1,-1,-1,0,-1,1,1,1,-1,-1,1,-1,1,1,0,1,1,1,1,1,1,0,-1,1,1,1,1
UCI327-05424,1,-1,1,1,1,-1,1,1,-1,1,1,1,-1,1,1,1,1,1,0,1,1,1,1,-1,1,1,-1,1,0,-1,0
UCI327-05771,1,-1,1,-1,1,1,1,1,-1,1,1,1,1,1,1,-1,-1,-1,0,1,1,1,1,1,1,-1,1,1,-1,1,0
UCI327-08773,-1,1,1,1,1,-1,-1,0,-1,1,1,1,1,-1,1,-1,1,1,0,1,1,1,1,1,1,0,1,1,0,1,1
UCI327-06412,-1,1,1,1,1,-1,0,1,-1,-1,1,1,1,0,0,-1,1,1,0,-1,1,-1,-1,1,1,1,-1,1,1,1,0
UCI327-05557,1,1,1,1,1,-1,1,1,-1,1,1,1,1,0,1,0,1,1,0,1,1,1,1,1,1,1,1,1,0,-1,0
UCI327-06632,1,-1,1,1,1,-1,0,-1,-1,1,1,1,1,-1,-1,0,1,1,1,1,1,1,1,-1,1,0,-1,1,0,1,1
UCI327-09673,1,-1,1,1,1,-1,0,1,-1,1,1,1,-1,0,0,-1,1,1,0,1,1,1,1,1,1,-1,-1,1,0,1,0
UCI327-09781,1,-1,1,1,1,-1,0,-1,1,1,1,-1,-1,0,-1,-1,1,1,0,1,1,1,1,1,1,-1,-1,-1,1,1,0
UCI327-08029,1,-1,1,1,1,-1,0,-1,1,1,1,1,1,0,0,0,1,1,1,1,1,1,1,-1,1,-1,1,1,0,1,1
UCI327-02739,1,-1,1,-1,1,-1,-1,-1,1,1,1,1,-1,-1,0,-1,1,1,0,1,1,1,1,1,-1,-1,-1,1,0,1,1
UCI327-00303,1,-1,1,1,1,-1,-1,-1,-1,1,1,1,1,-1,-1,-1,1,1,0,1,1,1,1,-1,-1,-1,-1,1,0,1,1
UCI327-05511,-1,-1,1,1,1,-1,1,1,1,1,1,1,1,0,-1,-1,1,1,0,1,1,1,1,-1,1,0,1,1,1,1,0
UCI327-09152,1,-1,1,1,1,-1,-1,0,-1,1,1,1,1,-1,0,-1,1,1,0,1,1,1,1,1,1,0,-1,-1,-1,-1,1
UCI327-00843,1,-1,1,1,1,1,1,1,-1,1,1,1,1,1,1,-1,1,1,0,1,1,1,1,1,-1,-1,1,1,1,1,0
UCI327-09052,-1,-1,1,1,1,-1,0,1,-1,1,1,1,1,-1,-1,-1,1,1,0,1,1,1,1,1,1,1,-1,1,0,1,1
UCI327-01403,1,-1,1,1,1,1,-1,1,-1,-1,1,-1,1,1,1,-1,1,-1,0,-1,1,-1,1,1,1,1,-1,-1,-1,-1,0
UCI327-05862,-1,-1,1,1,1,-1,0,-1,1,-1,1,1,-1,-1,1,-1,1,1,0,-1,1,-1,1,-1,1,-1,1,1,1,1,1
UCI327-00445,1,-1,1,1,1,-1,-1,1,-1,1,1,1,1,0,0,-1,1,1,0,1,1,1,1,1,1,1,-1,1,0,1,0
UCI327-00296,1,1,1,1,1,-1,-1,1,-1,1,1,1,1,0,1,1,1,1,0,1,1,1,1,1,1,1,-1,1,1,1,0
UCI327-00397,1,1,1,1,1,-1,1,1,-1,-1,1,1,1,0,-1,1,1,1,0,1,1,-1,1,1,1,1,-1,1,1,1,0
UCI327-08267,-1,-1,1,1,1,1,0,1,-1,1,1,1,-1,1,0,0,1,1,0,1,1,1,1,1,1,1,-1,1,1,1,0
UCI327-11001,1,-1,1,1,1,-1,1,-1,1,1,1,1,1,0,0,1,1,1,0,1,1,1,1,1,1,0,-1,1,1,1,0
UCI327-02596,1,-1,1,1,1,-1,1,1,1,1,1,1,-1,0,-1,-1,1,1,0,-1,1,1,1,-1,1,0,-1,1,0,1,1
UCI327-02170,1,-1,1,1,1,-1,0,0,1,1,1,1,-1,0,0,-1,1,1,0,1,1,1,1,1,-1,-1,1,1,1,1,1
UCI327-05889,1,-1,1,1,1,-1,1,1,-1,1,1,1,-1,1,-1,1,1,1,1,1,1,1,1,-1,1,0,1,1,0,1,0
UCI327-06801,1,1,1,-1,1,1,0,1,-1,-1,-1,1,1,1,-1,-1,-1,1,0,1,1,-1,-1,1,1,1,-1,1,0,1,0
UCI327-09340,-1,-1,-1,1,-1,-1,1,-1,-1,-1,1,-1,1,-1,-1,-1,1,1,1,-1,1,-1,1,1,-1,1,-1,1,-1,1,1
UCI327-05197,-1,-1,1,-1,1,-1,0,-1,1,1,1,1,1,-1,-1,-1,1,1,0,1,1,1,1,-1,-1,0,1,1,1,1,1
UCI327-05260,-1,-1,1,1,1,-1,0,-1,-1,1,1,1,-1,-1,0,-1,1,1,1,1,1,1,1,-1,1,-1,1,1,1,1,1
UCI327-06173,1,-1,1,-1,1,-1,0,-1,1,1,1,1,-1,-1,-1,-1,1,1,1,1,1,1,1,-1,1,-1,1,1,0,1,1
UCI327-09243,-1,-1,1,1,1,-1,1,-1,-1,1,1,1,-1,0,0,0,1,1,0,1,1,1,1,1,1,0,-1,1,1,1,0
UCI327-06363,1,-1,-1,1,-1,-1,1,1,-1,1,1,-1,1,0,1,-1,1,-1,0,1,1,1,1,-1,-1,1,-1,-1,1,1,0
UCI327-08279,-1,-1,1,1,1,1,1,1,-1,1,1,1,1,1,0,-1,1,1,0,1,1,1,1,1,1,1,-1,1,1,1,0
UCI327-02677,1,1,-1,1,1,1,-1,1,-1,1,1,-1,1,0,1,1,1,1,0,1,1,1,1,1,1,1,-1,1,-1,-1,0
UCI327-00958,1,-1,1,1,1,1,-1,1,-1,1,1,1,1,0,0,-1,1,1,0,1,1,1,1,1,1,1,-1,1,0,1,0
UCI327-02679,1,-1,1,1,1,-1,1,1,-1,1,1,1,1,1,-1,-1,1,1,0,1,1,1,1,1,1,0,1,1,0,-1,0
UCI327-02367,1,-1,1,1,1,-1,-1,-1,-1,1,1,1,1,0,-1,-1,1,1,0,1,1,1,1,-1,1,0,-1,-1,0,1,0
UCI327-09198,-1,-1,-1,1,-1,1,1,1,-1,1,1,-1,1,1,1,-1,1,-1,1,1,1,1,1,1,-1,0,-1,1,1,1,0
UCI327-00682,1,1,1,1,1,1,-1,1,-1,1,1,1,1,1,0,1,1,1,0,1,1,1,1,-1,1,1,-1,1,0,1,0
UCI327-00194,1,-1,1,1,1,-1,-1,-1,-1,1,1,1,-1,-1,0,-1,1,1,0,1,1,1,1,-1,-1,0,-1,1,0,1,1
UCI327-01818,-1,-1,-1,1,-1,-1,1,1,-1,1,1,-1,-1,0,-1,-1,1,-1,1,1,1,1,1,1,-1,1,-1,1,1,1,0
UCI327-05736,-1,1,1,1,1,-1,1,0,-1,1,1,1,1,-1,-1,-1,1,1,0,1,1,1,1,1,1,-1,-1,1,1,1,1
UCI327-09629,-1,-1,1,1,1,-1,0,-1,-1,1,1,1,-1,1,-1,-1,1,1,0,1,1,1,1,1,1,1,-1,1,0,1,1
UCI327-01061,1,-1,1,1,1,1,-1,1,1,1,1,1,-1,0,1,-1,1,1,0,1,1,1,1,1,1,1,-1,1,0,1,0
UCI327-06831,1,-1,1,1,1,-1,1,1,1,1,1,1,-1,0,0,-1,1,1,0,1,1,1,1,-1,1,1,1,1,0,1,0
UCI327-02431,1,-1,1,1,1,-1,-1,1,1,1,1,1,-1,-1,0,-1,1,1,0,1,1,1,1,-1,1,0,-1,1,0,1,1
UCI327-06093,-1,-1,1,1,1,-1,0,-1,-1,1,1,1,1,-1,-1,-1,1,1,0,1,1,1,1,-1,1,-1,1,1,1,1,1
UCI327-07984,-1,-1,1,1,1,-1,-1,1,-1,1,1,1,1,0,0,-1,1,1,0,1,1,1,1,-1,1,0,-1,1,0,1,1
UCI327-08309,1,-1,1,1,1,-1,1,1,-1,1,1,1,-1,1,0,0,1,1,0,-1,1,1,1,-1,1,1,-1,1,0,1,0
UCI327-06097,-1,-1,1,-1,1,-1,0,-1,1,1,1,1,-1,0,-1,-1,1,1,1,1,1,1,1,-1,1,1,1,1,1,1,1
UCI327-05984,-1,-1,-1,1,-1,-1,0,-1,1,-1,-1,-1,-1,-1,-1,-1,-1,-1,0,1,1,-1,-1,-1,-1,0,1,-1,1,1,1
UCI327-00973,1,1,1,1,1,-1,-1,-1,-1,1,1,1,1,0,0,1,1,1,0,1,1,1,1,-1,1,0,-1,-1,0,1,1
UCI327-00113,1,-1,1,1,1,1,-1,1,-1,1,1,1,1,1,1,-1,1,1,0,1,1,1,1,1,1,1,-1,1,-1,1,0
UCI327-00370,1,-1,1,1,1,1,1,1,1,1,1,1,-1,1,0,-1,1,1,0,1,1,1,1,1,-1,1,-1,-1,1,1,0
UCI327-01197,1,-1,1,1,1,-1,-1,-1,1,-1,-1,1,-1,-1,0,-1,-1,1,0,-1,-1,-1,-1,-1,-1,0,-1,1,1,-1,1
UCI327-09138,1,-1,1,1,1,-1,-1,1,-1,1,1,1,-1,0,0,1,1,1,0,1,1,1,1,-1,1,0,-1,1,0,1,0
UCI327-05844,1,-1,1,1,1,-1,1,1,-1,1,1,1,1,0,-1,1,1,1,1,1,1,1,1,-1,1,1,1,1,0,1,0
UCI327-05655,-1,-1,1,1,1,-1,1,1,-1,1,1,1,1,0,1,0,1,1,0,1,1,1,1,-1,1,-1,1,1,1,1,0
UCI327-00354,1,-1,1,1,1,-1,-1,1,-1,1,1,1,1,1,0,-1,1,1,0,1,1,1,1,-1,1,0,-1,1,0,1,0
UCI327-05674,-1,1,-1,-1,-1,1,-1,-1,-1,-1,-1,-1,1,1,1,-1,-1,-1,0,1,-1,-1,-1,1,-1,0,1,-1,1,1,0
UCI327-05520,1,-1,1,-1,1,-1,0,-1,-1,-1,-1,1,1,-1,0,0,-1,1,0,-1,1,-1,-1,-1,1,0,1,1,1,-1,1
UCI327-06308,1,-1,1,1,1,-1,-1,-1,-1,1,1,1,1,1,0,-1,1,1,0,1,1,1,1,-1,1,1,-1,1,0,1,0
UCI327-09496,1,1,1,1,1,-1,1,1,-1,1,1,1,1,0,-1,0,1,1,0,1,1,1,1,-1,1,0,1,1,0,1,0
UCI327-00680,1,1,1,1,1,-1,1,1,-1,1,1,1,1,1,0,1,1,1,0,1,1,1,1,1,1,1,-1,1,0,1,0
UCI327-05794,-1,1,1,1,1,-1,1,1,-1,1,1,1,1,0,1,-1,1,1,1,1,1,1,1,1,1,0,-1,1,1,-1,1
UCI327-03553,1,-1,1,-1,1,-1,-1,-1,-1,1,1,1,-1,-1,0,-1,1,1,0,1,1,1,1,-1,1,-1,-1,1,0,1,1
UCI327-06256,1,0,1,1,1,-1,0,-1,1,1,1,-1,-1,0,-1,-1,1,1,1,1,1,1,1,-1,1,0,1,1,0,-1,1
UCI327-10221,1,-1,1,-1,1,-1,0,-1,-1,-1,-1,1,1,1,0,-1,-1,1,0,-1,-1,-1,-1,-1,1,1,-1,-1,0,1,1
UCI327-00413,1,-1,1,1,1,1,-1,1,1,1,1,1,-1,1,0,-1,1,1,0,1,1,1,1,1,1,1,-1,1,0,1,0
UCI327-01397,1,-1,1,1,1,1,0,1,-1,1,1,1,1,0,0,-1,1,1,0,1,1,1,1,1,-1,1,1,1,0,1,0
UCI327-02965,1,-1,1,1,1,-1,-1,1,-1,1,1,1,-1,0,0,-1,1,1,0,1,1,1,1,-1,1,1,-1,1,0,-1,0
UCI327-08498,-1,-1,-1,-1,-1,-1,1,-1,-1,1,1,-1,1,0,0,0,1,-1,0,1,1,1,1,1,-1,1,-1,1,1,1,0
UCI327-09459,1,-1,1,1,1,-1,0,-1,-1,1,1,1,1,-1,0,-1,1,1,0,1,1,1,1,1,1,-1,-1,-1,1,1,1
UCI327-09495,-1,-1,1,1,1,-1,1,1,1,1,1,-1,-1,0,1,0,-1,1,0,1,1,1,1,1,1,-1,-1,1,0,1,0
UCI327-07841,-1,-1,-1,1,-1,-1,1,0,1,1,1,-1,-1,-1,1,-1,1,1,0,-1,1,-1,1,-1,-1,-1,1,-1,0,1,1
UCI327-07491,-1,-1,1,1,1,-1,1,1,-1,-1,-1,1,1,1,0,-1,-1,1,0,1,1,-1,-1,-1,1,1,1,1,1,1,0
UCI327-00336,1,-1,1,1,1,-1,1,0,-1,1,1,1,1,0,-1,-1,1,1,0,1,1,1,1,1,1,1,-1,1,0,1,0
UCI327-05630,-1,1,-1,-1,-1,-1,-1,1,-1,1,1,-1,1,0,0,0,1,-1,0,1,1,1,1,1,-1,1,-1,-1,1,1,0
UCI327-07231,1,-1,-1,1,-1,-1,0,0,1,1,1,-1,-1,-1,-1,-1,1,-1,0,1,1,1,1,-1,-1,-1,-1,-1,0,1,1
UCI327-06997,1,-1,1,1,1,-1,0,0,1,1,1,1,-1,-1,0,0,1,1,0,1,1,1,1,-1,1,-1,1,1,0,1,1
UCI327-05594,-1,-1,1,1,1,1,1,1,1,1,1,1,-1,0,-1,-1,1,1,0,1,1,1,1,-1,1,-1,-1,1,1,1,0
UCI327-02505,1,-1,-1,1,1,-1,-1,1,1,-1,-1,1,-1,1,1,-1,1,1,0,-1,-1,-1,-1,1,-1,1,-1,1,1,-1,0
UCI327-06089,-1,-1,1,1,1,-1,1,0,1,1,1,1,-1,-1,0,-1,1,1,1,1,1,1,1,-1,1,-1,1,1,0,1,1
UCI327-09109,1,-1,-1,1,-1,1,1,1,-1,1,1,-1,1,1,-1,-1,1,-1,1,1,1,1,1,1,-1,-1,-1,1,1,1,0
UCI327-10845,1,-1,1,-1,1,-1,1,0,1,1,-1,1,1,0,-1,-1,-1,-1,0,1,1,1,1,1,1,0,-1,1,1,1,1
UCI327-03211,1,-1,1,1,1,-1,0,0,-1,1,1,1,-1,-1,0,-1,1,1,0,1,1,1,1,1,-1,0,-1,1,1,1,1
UCI327-05653,-1,1,-1,-1,-1,-1,-1,-1,-1,-1,-1,-1,1,-1,1,-1,-1,-1,0,-1,-1,-1,-1,1,-1,-1,-1,-1,1,-1,1
UCI327-01306,1,-1,1,1,1,-1,-1,-1,-1,1,1,1,1,-1,0,-1,1,1,0,1,1,1,1,-1,1,-1,-1,1,-1,1,1
UCI327-09374,-1,-1,1,1,1,-1,0,-1,1,1,1,1,-1,-1,-1,-1,1,1,0,1,1,1,1,1,1,1,-1,1,1,-1,1
UCI327-08594,-1,-1,1,-1,1,1,1,1,-1,1,1,1,1,-1,-1,-1,1,1,0,1,1,1,1,1,1,-1,-1,1,1,1,0
UCI327-10035,1,-1,1,1,1,-1,0,-1,-1,1,1,1,1,0,-1,-1,1,1,0,1,1,1,1,1,1,1,-1,1,0,1,1
UCI327-00340,1,-1,1,1,1,-1,-1,1,-1,-1,1,1,1,0,0,-1,1,1,0,1,1,-1,1,1,1,0,-1,1,0,1,0
UCI327-01053,-1,-1,-1,1,-1,-1,-1,1,-1,1,1,-1,1,0,-1,-1,1,-1,1,1,1,1,1,1,-1,1,1,1,1,1,0
UCI327-01017,1,-1,1,1,1,-1,0,1,1,1,1,1,-1,0,1,-1,1,1,0,1,1,1,1,-1,1,1,-1,1,0,1,0
UCI327-06822,1,-1,1,1,1,-1,1,-1,-1,1,1,1,-1,-1,-1,0,1,1,0,1,1,1,1,-1,1,-1,1,1,0,1,1
UCI327-01020,1,-1,1,1,1,-1,0,1,1,-1,-1,1,-1,1,0,-1,-1,1,0,-1,1,-1,-1,-1,-1,1,-1,-1,1,-1,0
UCI327-05658,-1,1,1,-1,1,-1,1,1,-1,1,1,1,1,0,0,-1,-1,-1,0,-1,-1,-1,-1,-1,1,0,-1,1,0,1,0
UCI327-10362,-1,1,1,1,1,-1,0,0,-1,1,1,1,1,-1,0,-1,1,1,0,1,1,1,1,1,1,0,1,1,0,1,1
UCI327-00486,1,-1,1,1,1,-1,0,1,-1,1,1,1,-1,0,0,-1,1,1,0,1,1,1,1,-1,1,1,1,1,0,1,0
UCI327-06760,-1,-1,1,-1,1,-1,0,1,-1,-1,-1,1,1,0,0,1,-1,1,1,1,1,-1,-1,-1,1,1,1,1,1,1,0
UCI327-10262,-1,-1,1,1,1,-1,0,-1,-1,1,1,1,-1,-1,0,-1,1,1,0,1,1,-1,1,1,1,0,-1,1,1,1,1
UCI327-00729,1,-1,1,1,1,-1,0,1,1,1,1,1,-1,1,-1,-1,1,1,0,1,1,1,1,-1,-1,1,-1,1,1,1,0
UCI327-10905,-1,-1,-1,-1,-1,-1,-1,-1,1,-1,-1,-1,-1,-1,1,-1,-1,-1,1,-1,1,-1,-1,-1,-1,0,-1,1,1,1,1
UCI327-06124,-1,-1,1,1,-1,-1,0,0,-1,1,1,-1,-1,0,-1,-1,1,1,0,1,1,1,1,-1,1,1,1,-1,0,1,1
UCI327-02043,1,-1,1,1,1,-1,1,1,-1,1,1,1,-1,1,-1,-1,1,1,0,1,1,1,1,1,1,1,-1,1,0,1,0
UCI327-06721,-1,-1,1,1,1,-1,0,1,-1,1,1,1,1,0,1,0,1,1,0,1,1,1,1,-1,1,1,-1,1,1,1,0
UCI327-05777,-1,-1,-1,1,-1,-1,-1,1,1,1,1,-1,-1,1,0,-1,1,-1,0,1,1,1,1,-1,-1,1,-1,-1,1,1,0
UCI327-07711,-1,-1,1,1,1,-1,1,0,-1,1,1,1,1,-1,-1,0,1,1,0,1,1,1,1,-1,1,0,-1,1,0,-1,1
UCI327-07731,-1,-1,1,-1,1,-1,0,-1,-1,1,1,1,-1,-1,-1,-1,1,1,1,1,1,1,1,-1,1,-1,-1,1,0,1,1
UCI327-09986,-1,-1,1,-1,1,-1,1,1,-1,-1,-1,1,1,1,0,-1,-1,1,0,-1,-1,-1,-1,1,1,0,-1,1,1,1,0
UCI327-08606,-1,-1,1,1,1,-1,1,1,-1,-1,1,1,1,1,0,-1,1,1,0,1,1,-1,1,1,1,1,-1,1,1,1,0
UCI327-01059,1,-1,1,1,1,-1,0,1,-1,-1,-1,1,1,0,0,-1,-1,1,0,-1,1,-1,-1,-1,-1,1,1,-1,1,-1,0
UCI327-07048,-1,-1,1,1,1,-1,1,-1,1,1,1,1,-1,0,1,-1,1,1,1,1,1,1,1,-1,1,1,-1,1,1,1,1
UCI327-08172,-1,1,-1,-1,-1,-1,-1,1,-1,1,1,1,-1,-1,1,-1,1,1,1,1,-1,1,-1,1,1,1,-1,-1,-1,1,1
UCI327-05245,-1,-1,1,1,1,1,1,1,-1,1,1,1,1,-1,-1,-1,1,1,0,1,1,1,1,-1,-1,1,-1,1,1,1,0
UCI327-01373,1,-1,1,1,1,-1,-1,1,1,1,1,1,1,0,-1,-1,-1,1,0,1,1,1,1,-1,1,0,-1,1,1,1,1
UCI327-08206,1,1,1,1,1,-1,-1,0,1,1,1,1,-1,1,1,-1,-1,1,0,1,1,1,1,1,1,0,-1,-1,1,1,1
UCI327-08173,-1,-1,1,-1,1,-1,-1,-1,1,1,1,1,-1,1,-1,-1,1,1,1,1,-1,1,-1,1,1,1,-1,-1,1,1,1
UCI327-06824,1,-1,1,1,1,-1,0,-1,1,1,1,1,-1,0,-1,-1,1,1,0,1,1,1,1,-1,1,0,1,1,1,1,1
UCI327-02548,1,-1,1,1,1,-1,1,1,1,-1,-1,1,-1,0,1,-1,1,1,0,1,1,-1,1,1,-1,1,-1,1,1,1,0
UCI327-02578,1,-1,1,1,1,-1,1,-1,1,-1,-1,-1,-1,0,-1,-1,-1,1,0,-1,1,-1,-1,1,-1,1,-1,1,1,-1,1
UCI327-08690,-1,-1,-1,-1,-1,1,1,1,-1,1,1,-1,1,1,1,-1,-1,-1,0,1,1,1,1,1,-1,-1,-1,-1,0,1,0
UCI327-05545,-1,-1,1,1,1,-1,0,-1,1,1,1,1,-1,0,-1,1,1,1,0,1,1,1,1,-1,1,-1,1,1,1,-1,1
UCI327-08369,-1,-1,1,-1,1,-1,0,1,-1,-1,-1,1,1,-1,1,-1,-1,1,0,1,1,1,1,1,1,1,-1,1,1,-1,1
UCI327-00268,1,-1,1,-1,1,1,1,1,-1,1,1,1,1,1,1,-1,1,1,0,1,1,1,1,1,1,1,-1,1,0,1,0
UCI327-05744,-1,-1,1,-1,1,-1,1,-1,-1,-1,1,1,1,0,-1,-1,1,1,0,-1,1,-1,1,-1,1,0,1,1,-1,1,1
UCI327-00004,1,0,-1,1,1,-1,1,1,-1,1,1,1,1,0,0,-1,1,1,0,-1,1,-1,1,-1,-1,0,-1,1,1,1,0
UCI327-09316,1,-1,1,1,1,1,1,1,-1,1,1,1,1,1,1,-1,1,1,0,1,1,1,1,1,1,0,-1,1,0,1,0
UCI327-09248,-1,1,-1,-1,-1,-1,1,1,-1,1,1,-1,1,0,-1,-1,1,-1,1,1,1,1,1,1,-1,1,1,1,1,1,0
UCI327-02470,1,1,1,1,1,-1,1,1,-1,1,1,1,1,0,0,-1,1,-1,0,1,1,1,1,-1,1,0,-1,1,0,-1,0
UCI327-09926,-1,-1,1,1,1,-1,0,-1,-1,1,1,1,1,-1,-1,0,1,1,0,1,1,1,1,1,1,0,-1,1,1,1,1
UCI327-07025,1,-1,1,-1,1,-1,0,-1,-1,-1,-1,1,1,-1,1,-1,-1,1,0,-1,-1,-1,-1,-1,1,-1,-1,1,0,1,1
UCI327-00920,1,-1,1,1,1,-1,0,-1,1,1,1,1,-1,-1,0,-1,1,1,0,1,1,1,1,-1,1,0,-1,1,1,1,1
UCI327-05513,-1,-1,-1,-1,-1,1,1,1,1,1,1,-1,-1,1,0,1,-1,-1,0,1,1,1,1,-1,-1,1,1,1,1,1,0
UCI327-06434,-1,1,1,1,1,-1,1,1,-1,-1,-1,1,1,0,1,0,-1,1,0,1,1,-1,-1,1,1,1,-1,1,1,1,0
UCI327-10676,-1,-1,1,1,1,-1,-1,-1,-1,1,1,1,-1,-1,0,1,1,1,0,1,1,1,1,1,1,1,-1,1,1,1,1
UCI327-07523,-1,-1,-1,1,-1,-1,0,1,1,1,1,-1,-1,1,1,-1,1,-1,0,1,1,1,1,-1,-1,1,-1,-1,1,1,0
UCI327-05916,-1,-1,1,1,1,-1,1,-1,-1,1,1,1,1,0,-1,-1,1,1,1,1,1,1,1,-1,1,0,1,1,0,1,1
UCI327-07611,-1,-1,1,-1,1,-1,1,1,-1,-1,-1,1,1,-1,1,-1,-1,1,1,1,1,-1,1,-1,1,0,1,1,1,1,1
UCI327-10772,1,-1,1,1,1,-1,-1,0,1,1,1,1,-1,-1,0,-1,1,1,0,1,1,1,1,1,1,1,-1,-1,0,1,1
UCI327-02570,1,-1,1,1,1,1,-1,1,-1,-1,-1,-1,1,0,1,-1,-1,1,0,1,1,-1,-1,1,-1,1,-1,1,1,-1,0
UCI327-09086,1,-1,1,1,1,-1,1,1,-1,1,1,1,1,1,1,1,1,1,0,1,1,1,1,1,1,-1,-1,-1,0,1,0
UCI327-06790,1,1,1,-1,1,-1,0,1,1,1,1,1,-1,0,0,1,-1,-1,0,1,1,1,1,-1,1,1,-1,1,-1,1,0
UCI327-07153,1,-1,1,1,1,-1,0,-1,-1,-1,-1,1,1,0,-1,0,-1,1,1,1,1,-1,1,-1,1,1,-1,1,0,1,0
UCI327-08425,-1,-1,1,1,1,-1,0,-1,1,1,1,1,-1,-1,1,-1,1,1,0,1,1,1,1,1,1,1,-1,-1,1,1,1
UCI327-00088,1,-1,1,1,1,1,1,1,-1,1,1,1,1,1,1,-1,1,1,0,1,1,1,1,1,1,1,-1,1,0,1,0
UCI327-05589,1,-1,1,-1,1,-1,1,1,-1,1,1,1,1,1,0,1,-1,-1,0,1,1,1,1,-1,1,1,1,1,0,1,0
UCI327-00641,1,-1,1,1,1,-1,-1,1,1,1,1,1,-1,-1,-1,-1,1,1,0,1,1,1,1,-1,1,1,-1,1,0,1,1
UCI327-09390,-1,-1,1,1,1,-1,1,-1,-1,1,1,1,1,0,0,-1,-1,1,0,1,1,1,1,1,1,1,-1,1,0,1,1
UCI327-00087,1,1,1,1,-1,-1,-1,1,-1,-1,1,-1,1,0,1,1,1,1,0,-1,1,-1,1,1,1,1,-1,1,0,1,0
UCI327-08748,-1,1,1,1,1,-1,-1,-1,-1,1,1,1,1,-1,-1,-1,1,1,0,1,1,1,1,1,1,1,1,-1,1,1,1
UCI327-08342,-1,-1,1,1,1,-1,1,-1,-1,1,1,1,-1,0,-1,-1,1,1,0,1,1,1,1,-1,1,0,-1,1,1,1,0
UCI327-08339,-1,-1,1,-1,1,-1,1,1,-1,-1,-1,-1,1,0,-1,1,-1,1,0,-1,1,-1,-1,-1,1,1,-1,1,1,1,0
UCI327-02833,1,-1,1,1,1,-1,1,-1,-1,1,1,1,1,-1,0,-1,1,1,0,1,1,1,1,-1,-1,-1,-1,1,0,-1,1
UCI327-02143,1,-1,1,1,1,-1,-1,-1,1,1,1,1,-1,0,-1,-1,1,1,0,1,1,1,1,1,1,0,-1,1,0,1,1
UCI327-01097,1,-1,1,1,1,-1,-1,-1,-1,1,1,1,-1,0,-1,-1,1,1,0,1,1,1,1,-1,-1,1,-1,-1,0,1,1
UCI327-02323,1,1,1,1,1,-1,-1,-1,1,1,1,1,-1,-1,0,1,1,1,0,1,1,1,1,-1,1,-1,-1,1,0,1,1
UCI327-10646,-1,-1,1,-1,1,-1,-1,-1,1,-1,-1,1,-1,-1,0,0,-1,1,0,-1,-1,-1,-1,1,1,1,-1,1,0,1,1
UCI327-07816,-1,1,1,1,1,-1,-1,-1,1,1,1,1,-1,-1,0,-1,1,1,0,1,1,1,1,1,1,0,1,1,1,1,1
UCI327-05170,-1,1,-1,-1,-1,-1,1,-1,-1,-1,-1,1,-1,0,-1,-1,-1,1,0,1,1,1,1,-1,1,0,1,1,-1,1,1
UCI327-05756,1,-1,1,1,1,-1,0,-1,1,1,1,1,1,-1,0,-1,1,1,0,1,1,1,1,-1,1,-1,1,1,1,-1,1
UCI327-05939,-1,-1,1,1,1,-1,0,1,1,1,1,1,-1,0,1,-1,-1,1,0,1,1,1,1,-1,1,-1,-1,1,1,1,0
UCI327-07488,1,1,1,1,1,-1,1,1,-1,1,1,1,1,0,0,-1,1,1,0,1,1,1,1,1,1,1,-1,1,0,1,0
UCI327-02026,-1,-1,-1,1,-1,-1,1,-1,-1,1,1,-1,1,0,0,-1,1,-1,1,1,1,1,1,1,-1,1,1,1,1,1,0
UCI327-00273,1,-1,1,1,1,-1,-1,-1,-1,-1,-1,1,1,0,-1,-1,-1,1,0,1,1,-1,1,1,1,1,-1,1,0,1,0
UCI327-07593,1,-1,-1,-1,1,-1,1,1,1,1,1,1,1,0,0,0,1,1,0,1,1,1,1,-1,1,1,-1,1,0,1,0
UCI327-02458,1,-1,1,1,1,-1,-1,1,-1,1,1,1,1,1,0,-1,1,1,0,1,1,1,1,1,-1,1,1,1,1,-1,0
UCI327-06910,-1,-1,1,1,1,-1,1,1,-1,1,1,1,1,1,-1,-1,1,1,1,1,1,1,1,-1,1,1,1,1,1,1,0
UCI327-09514,1,-1,1,1,1,-1,1,1,-1,1,1,1,1,1,0,-1,1,1,0,1,1,1,1,1,1,0,-1,1,-1,1,0
UCI327-09599,1,-1,1,1,1,-1,-1,-1,1,1,1,1,-1,-1,0,-1,1,1,0,1,1,1,1,1,1,1,-1,1,0,1,1
UCI327-06099,-1,-1,1,1,1,-1,0,-1,-1,1,1,1,-1,-1,0,-1,1,1,0,1,1,1,1,-1,1,0,1,1,0,1,1
UCI327-06651,-1,-1,1,1,1,-1,0,-1,-1,1,1,1,1,0,0,-1,-1,1,0,1,1,1,1,-1,1,1,-1,1,0,1,1
UCI327-07674,1,-1,1,1,-1,-1,1,-1,1,1,1,1,-1,-1,0,0,1,1,0,1,1,1,1,-1,1,-1,1,1,0,1,1
UCI327-05319,-1,-1,1,-1,-1,-1,1,-1,1,1,1,1,-1,0,0,-1,1,1,0,1,1,1,1,-1,1,1,1,1,0,1,1
UCI327-00708,1,-1,1,1,1,-1,-1,-1,-1,1,1,1,1,-1,0,-1,1,1,0,1,1,1,1,-1,1,0,-1,1,0,1,1
UCI327-10055,-1,-1,1,1,1,1,1,1,1,1,1,1,-1,0,-1,1,1,1,0,1,1,1,1,1,1,1,-1,1,1,1,0
UCI327-09004,1,-1,1,1,1,-1,-1,0,-1,1,1,1,1,-1,-1,-1,1,1,0,1,1,1,1,1,1,0,-1,1,0,1,1
UCI327-01132,1,-1,1,1,1,-1,0,0,1,1,1,1,-1,-1,0,-1,1,1,0,1,1,1,1,1,-1,0,-1,1,1,1,1
UCI327-03530,1,1,1,-1,1,-1,0,0,-1,1,1,1,1,-1,0,1,1,1,0,1,1,1,1,1,-1,1,-1,1,1,1,1
UCI327-01573,1,1,1,1,1,-1,-1,1,-1,1,1,1,1,1,1,1,1,1,0,1,1,1,1,1,-1,1,1,1,0,1,0
UCI327-05199,1,-1,1,-1,1,-1,0,-1,-1,1,1,1,-1,1,-1,-1,1,1,1,1,1,1,1,-1,1,-1,1,1,0,-1,1
UCI327-08547,1,-1,1,-1,-1,-1,1,1,1,1,1,1,-1,1,1,1,1,1,0,1,1,1,1,1,1,1,-1,-1,0,1,0
UCI327-10722,1,-1,1,1,1,-1,1,0,1,1,1,1,-1,-1,-1,-1,1,1,0,1,1,1,1,1,1,1,-1,1,1,1,1
UCI327-05742,1,-1,1,1,1,-1,-1,1,1,1,1,1,1,0,1,1,1,1,0,1,1,1,1,-1,1,1,-1,1,0,-1,0
UCI327-00956,1,-1,1,1,1,-1,0,1,1,1,1,1,-1,1,1,-1,1,1,0,1,1,1,1,-1,1,1,-1,1,0,1,0
UCI327-01009,1,-1,1,1,1,-1,-1,1,-1,1,1,1,1,0,-1,-1,1,1,0,1,1,1,1,1,1,1,-1,-1,0,1,1
UCI327-10650,-1,-1,1,1,1,-1,1,1,1,1,1,1,-1,0,0,0,1,1,0,1,1,1,1,-1,1,0,-1,1,0,1,0
UCI327-00082,1,-1,1,1,1,1,-1,1,-1,1,1,1,1,0,0,-1,1,1,0,1,1,1,1,-1,-1,1,-1,1,-1,1,0
UCI327-05874,-1,-1,1,1,1,-1,-1,1,1,1,1,1,-1,1,-1,-1,1,1,0,1,1,1,1,-1,1,1,-1,1,1,1,0
UCI327-01069,-1,-1,-1,1,-1,-1,-1,-1,-1,-1,-1,-1,1,-1,1,-1,-1,-1,1,-1,-1,-1,-1,-1,-1,1,-1,1,1,-1,1
UCI327-00991,1,-1,1,1,1,-1,-1,-1,-1,1,1,1,-1,-1,1,-1,1,1,0,1,1,1,1,-1,-1,-1,-1,1,1,1,1
UCI327-05716,-1,-1,-1,-1,-1,-1,0,0,1,-1,-1,-1,-1,-1,1,-1,-1,-1,0,1,1,-1,1,-1,-1,-1,-1,-1,1,1,1
UCI327-03116,1,-1,1,1,1,-1,-1,-1,1,1,1,1,-1,-1,0,-1,1,1,0,1,1,1,1,-1,-1,1,-1,-1,0,1,1
UCI327-09665,-1,-1,1,-1,-1,-1,0,-1,-1,-1,-1,-1,1,0,-1,-1,-1,-1,0,-1,1,-1,1,1,1,1,-1,-1,-1,1,1
UCI327-02560,1,-1,1,1,1,-1,1,1,1,1,1,1,-1,1,1,-1,1,1,0,1,1,1,1,1,1,1,1,-1,0,-1,0
UCI327-06108,-1,-1,-1,1,1,-1,0,0,1,1,1,1,-1,-1,0,-1,1,1,0,1,1,1,1,-1,1,-1,-1,1,0,-1,1
UCI327-10372,1,-1,1,1,1,-1,-1,-1,-1,1,1,1,-1,-1,-1,-1,1,1,0,1,1,1,1,1,1,1,-1,1,0,1,1
UCI327-08560,-1,1,1,-1,1,-1,1,1,-1,-1,-1,1,1,0,-1,0,-1,1,0,-1,-1,-1,-1,1,1,-1,1,1,1,1,0
UCI327-01174,1,-1,1,1,1,-1,0,-1,-1,-1,-1,1,1,-1,1,-1,-1,1,0,-1,-1,-1,-1,-1,-1,-1,-1,1,0,-1,1
UCI327-06451,-1,-1,1,1,1,-1,0,1,-1,1,1,1,1,0,-1,-1,1,1,0,1,1,1,1,-1,1,0,1,1,-1,1,1
UCI327-06614,1,-1,1,-1,1,-1,0,-1,-1,-1,-1,1,-1,-1,1,-1,-1,1,0,-1,-1,-1,-1,-1,1,-1,1,1,0,1,1
UCI327-01405,1,-1,1,1,1,-1,0,-1,1,1,1,1,1,0,-1,-1,1,1,0,1,1,1,1,-1,-1,1,-1,1,1,1,1
UCI327-09516,-1,-1,1,-1,1,-1,1,0,1,-1,-1,1,-1,-1,-1,-1,-1,1,0,-1,-1,-1,-1,1,1,0,-1,-1,1,1,1
UCI327-01444,1,-1,1,1,1,-1,1,1,-1,1,1,1,1,1,-1,-1,1,1,0,1,1,1,1,1,-1,1,-1,-1,1,1,0
UCI327-06576,-1,-1,-1,-1,-1,-1,0,-1,-1,-1,-1,-1,1,-1,1,-1,-1,-1,0,-1,-1,-1,-1,-1,-1,-1,1,-1,1,1,1
UCI327-09733,1,0,1,-1,1,-1,-1,1,1,1,1,-1,-1,0,-1,0,-1,-1,0,1,1,1,1,1,1,0,-1,1,0,1,0
UCI327-10540,1,1,1,1,1,-1,1,1,1,1,1,1,-1,1,1,0,1,1,0,1,1,1,1,1,1,1,-1,1,0,-1,0
UCI327-00943,1,-1,1,1,1,-1,0,0,-1,1,1,1,-1,-1,0,-1,1,1,0,1,1,1,1,1,-1,-1,-1,-1,0,1,1
UCI327-04621,1,1,1,1,1,-1,-1,-1,-1,-1,-1,1,1,-1,0,1,-1,1,0,1,1,-1,1,-1,-1,1,-1,-1,1,-1,1
UCI327-00808,1,-1,1,1,1,-1,0,-1,1,1,1,1,-1,-1,-1,-1,1,1,0,1,1,1,1,-1,-1,0,-1,-1,0,1,1
UCI327-05391,1,-1,1,-1,1,1,0,1,1,-1,-1,1,-1,1,1,-1,-1,1,0,-1,1,-1,-1,-1,1,1,-1,1,1,1,0
UCI327-05856,-1,1,1,-1,1,-1,0,1,-1,1,1,1,1,-1,-1,-1,1,1,1,1,1,1,1,1,1,0,1,1,0,1,1
UCI327-00411,1,-1,1,1,1,-1,-1,1,-1,1,1,1,1,1,0,-1,1,1,0,1,1,1,1,1,-1,-1,-1,1,1,1,0
UCI327-01506,1,-1,1,1,1,-1,-1,-1,1,1,1,1,-1,1,-1,-1,1,1,0,1,1,1,1,-1,-1,-1,-1,-1,1,1,1
UCI327-05823,-1,-1,1,1,1,-1,0,-1,-1,1,1,1,1,-1,-1,-1,1,1,0,1,1,1,1,-1,1,0,1,1,1,-1,1
UCI327-08909,-1,-1,1,1,1,-1,0,-1,1,1,1,1,-1,-1,0,-1,1,1,0,1,1,1,1,1,1,1,-1,1,0,1,1
UCI327-09399,-1,-1,1,-1,1,-1,0,-1,1,-1,-1,-1,-1,-1,0,-1,-1,-1,0,-1,1,-1,1,-1,1,0,-1,1,0,1,1
UCI327-07486,-1,-1,1,1,1,1,0,-1,1,1,1,1,-1,0,0,-1,1,1,1,1,1,1,1,-1,1,1,-1,1,1,1,0
UCI327-09455,1,1,1,1,1,-1,1,1,-1,1,1,1,1,0,1,-1,1,1,0,1,1,1,1,-1,1,-1,1,1,0,-1,0
UCI327-00662,1,-1,1,1,1,-1,0,-1,-1,1,1,1,1,-1,0,-1,1,1,0,1,1,-1,1,-1,-1,-1,-1,1,0,1,1
UCI327-08844,-1,-1,1,1,1,-1,-1,-1,1,1,1,1,-1,-1,-1,-1,1,1,0,1,1,1,1,1,1,0,-1,1,1,-1,1
UCI327-02268,-1,-1,-1,1,-1,1,1,1,-1,1,1,-1,1,1,1,-1,1,-1,1,1,1,1,1,1,-1,1,-1,1,1,1,0
UCI327-05997,-1,-1,1,1,-1,-1,1,-1,1,1,1,1,-1,0,-1,-1,1,1,0,1,1,1,1,-1,1,1,-1,1,0,1,1
UCI327-05834,1,-1,1,1,1,-1,1,1,-1,1,1,1,1,1,0,-1,1,1,0,1,1,1,1,-1,1,1,-1,1,1,1,0
UCI327-01785,1,-1,1,1,1,-1,0,0,-1,1,1,1,1,-1,0,-1,1,1,0,1,1,1,1,1,-1,-1,-1,1,1,1,1
UCI327-08003,-1,-1,1,-1,1,-1,-1,-1,1,-1,-1,-1,-1,-1,0,-1,-1,-1,0,-1,1,-1,1,-1,1,0,1,1,0,1,1
UCI327-10480,-1,-1,1,1,1,-1,1,-1,1,1,1,1,-1,0,-1,-1,1,1,0,1,1,1,1,1,1,1,-1,-1,0,1,1
UCI327-08570,1,-1,1,-1,1,-1,1,1,-1,1,1,1,1,0,1,-1,-1,-1,0,1,1,1,1,1,1,1,-1,-1,-1,1,0
UCI327-07015,-1,-1,1,-1,1,-1,0,-1,-1,-1,-1,1,1,-1,-1,-1,-1,1,0,-1,-1,-1,-1,-1,1,1,-1,1,0,1,1
UCI327-00118,1,-1,1,1,1,1,1,1,-1,1,1,1,-1,0,-1,-1,-1,1,0,1,1,1,1,1,1,0,-1,1,0,1,0
UCI327-07120,-1,-1,1,1,1,-1,-1,1,1,1,1,1,1,0,1,-1,1,1,1,1,1,1,1,-1,1,-1,-1,1,1,1,0
UCI327-08616,-1,-1,1,1,1,-1,1,1,-1,1,1,1,1,0,0,-1,1,1,0,1,1,1,1,1,1,-1,-1,-1,1,1,0
UCI327-06246,-1,1,1,1,1,-1,0,-1,1,1,1,1,-1,0,-1,-1,1,1,0,1,1,1,1,1,1,0,-1,1,0,1,1
UCI327-06635,1,1,1,1,1,-1,1,1,-1,1,1,1,1,1,0,-1,1,1,0,1,1,1,1,1,1,1,-1,1,0,1,0
UCI327-09269,-1,-1,1,1,1,-1,-1,0,-1,1,1,1,1,-1,-1,-1,1,1,0,1,1,1,1,1,1,0,-1,1,0,1,1
UCI327-06441,1,1,1,-1,1,-1,1,1,-1,-1,-1,1,1,0,1,-1,-1,1,0,-1,-1,-1,-1,1,1,0,1,1,1,1,0
UCI327-07763,1,-1,1,1,1,-1,0,0,1,1,1,1,-1,-1,0,-1,1,1,1,1,1,1,1,-1,1,-1,-1,1,0,1,1
UCI327-05678,-1,-1,1,-1,1,-1,1,1,-1,-1,-1,1,1,0,-1,1,-1,1,0,1,-1,-1,-1,-1,1,1,-1,1,1,1,0
UCI327-02535,1,1,-1,1,-1,1,-1,1,-1,1,1,-1,1,0,0,1,-1,-1,0,1,1,1,1,1,1,1,-1,1,1,-1,0
UCI327-06772,-1,-1,1,1,1,-1,1,1,-1,1,1,1,1,0,-1,-1,1,1,0,1,1,1,1,-1,1,1,-1,1,1,1,0
UCI327-02670,1,-1,1,1,1,-1,0,0,-1,1,1,1,-1,-1,0,-1,1,-1,0,1,1,1,1,1,-1,-1,-1,-1,0,1,1
UCI327-05694,1,-1,1,-1,1,-1,1,0,1,1,1,1,-1,-1,-1,-1,1,1,1,1,1,1,1,-1,1,1,-1,1,0,1,1
UCI327-09241,1,-1,1,-1,1,-1,0,-1,-1,-1,-1,1,-1,-1,-1,-1,-1,1,0,-1,-1,-1,-1,-1,1,1,-1,1,0,1,1
UCI327-10715,-1,-1,-1,1,-1,-1,-1,0,-1,1,1,-1,-1,-1,1,-1,1,1,1,-1,1,-1,1,1,-1,0,-1,1,0,1,1
UCI327-00937,1,1,1,1,1,-1,0,-1,-1,1,1,1,1,0,0,1,1,1,0,1,1,1,1,-1,1,1,-1,1,0,1,0
UCI327-05612,1,-1,1,1,1,-1,1,1,1,1,1,-1,-1,1,1,0,1,1,0,1,1,1,1,-1,1,1,-1,1,1,1,0
UCI327-10906,1,1,1,1,1,1,1,1,-1,1,1,-1,1,0,0,1,1,1,0,1,1,1,1,-1,1,-1,1,1,-1,1,0
UCI327-00834,1,-1,1,1,1,-1,-1,-1,1,1,1,1,-1,-1,0,-1,1,1,0,1,1,1,1,1,-1,-1,-1,-1,1,1,1
UCI327-05441,-1,-1,1,-1,1,1,-1,1,-1,-1,-1,1,-1,1,1,-1,-1,1,0,-1,1,-1,-1,-1,1,1,1,1,1,1,0
UCI327-02656,1,-1,1,1,1,-1,-1,1,-1,1,1,1,1,1,0,-1,1,-1,0,1,1,1,1,1,-1,-1,-1,1,1,1,0
UCI327-10478,-1,-1,1,1,1,-1,1,1,-1,1,1,1,1,1,0,1,1,1,0,1,1,1,1,1,1,1,-1,1,0,1,0
UCI327-09508,1,-1,1,1,1,-1,1,-1,-1,1,1,1,1,0,0,1,1,1,0,1,1,1,1,1,1,0,-1,1,1,1,0
UCI327-07743,-1,-1,1,1,1,-1,-1,1,1,1,1,1,-1,0,0,0,1,1,0,1,1,1,1,-1,1,1,-1,1,0,1,0
UCI327-07044,-1,-1,1,1,1,1,0,1,1,1,1,1,-1,0,-1,1,1,1,0,1,1,1,1,-1,1,1,1,1,1,1,0
UCI327-01531,1,-1,1,1,1,-1,-1,-1,-1,1,1,1,1,-1,-1,-1,1,1,0,1,1,1,1,-1,-1,-1,-1,-1,0,1,1
UCI327-08187,1,-1,1,1,1,-1,1,1,-1,1,1,1,-1,0,0,1,1,1,0,1,1,1,1,1,1,1,-1,-1,0,1,0
UCI327-05841,-1,-1,1,-1,1,1,1,1,-1,-1,1,-1,1,1,1,-1,1,-1,0,-1,1,-1,1,-1,1,1,-1,1,-1,1,0
UCI327-01861,-1,1,-1,1,-1,-1,0,0,-1,1,1,-1,-1,-1,1,1,1,-1,1,1,1,1,1,1,-1,-1,-1,1,0,1,1
UCI327-00571,1,1,1,1,1,-1,0,1,-1,1,1,1,1,0,-1,1,1,1,0,1,1,1,1,-1,1,1,-1,1,0,1,0
UCI327-07339,-1,-1,1,-1,1,-1,0,1,-1,-1,-1,1,1,0,1,0,-1,1,0,-1,-1,-1,-1,-1,1,1,1,1,1,1,0
UCI327-08228,-1,-1,1,1,1,-1,0,-1,-1,1,1,1,-1,-1,-1,-1,-1,1,1,1,1,1,1,1,1,1,-1,-1,1,1,1
UCI327-09027,-1,-1,-1,-1,-1,-1,-1,-1,-1,1,1,-1,1,-1,-1,0,1,-1,1,1,1,-1,1,1,-1,0,-1,1,1,1,1
UCI327-06423,-1,-1,1,1,1,-1,1,1,1,1,1,1,-1,0,0,-1,1,1,0,1,1,1,1,-1,1,0,-1,1,1,1,1
UCI327-05788,-1,-1,1,1,1,-1,-1,-1,-1,1,1,1,1,-1,-1,-1,1,1,0,1,1,1,1,-1,1,-1,1,1,0,1,1
UCI327-01210,1,-1,1,1,1,-1,0,1,1,1,1,1,-1,0,0,-1,1,1,0,1,1,1,1,-1,1,-1,-1,1,0,1,0
UCI327-01072,1,-1,1,1,1,-1,1,1,-1,1,1,1,1,1,1,-1,1,1,0,1,1,1,1,1,1,1,1,1,0,1,0
UCI327-10770,-1,-1,1,-1,1,-1,-1,0,1,-1,-1,1,-1,-1,1,-1,-1,1,0,1,1,-1,1,1,1,0,-1,1,0,-1,1
UCI327-07033,-1,-1,1,1,1,-1,0,-1,1,1,1,1,1,0,-1,-1,1,1,0,1,1,1,1,-1,1,1,1,1,0,1,1
UCI327-09771,-1,-1,1,1,1,-1,-1,1,1,1,1,1,1,0,0,-1,1,1,0,1,1,1,1,1,1,-1,-1,1,1,1,0
UCI327-08958,-1,-1,1,1,1,-1,-1,1,1,1,1,1,-1,0,1,-1,-1,1,0,1,1,1,1,1,1,0,-1,1,1,1,0
UCI327-09397,1,-1,1,-1,1,-1,0,0,1,-1,-1,1,-1,-1,0,-1,-1,1,0,-1,1,-1,-1,1,1,0,-1,1,0,1,1
UCI327-06159,1,-1,1,1,1,-1,1,0,-1,-1,1,1,1,-1,0,-1,1,1,0,-1,1,-1,1,-1,1,0,1,1,0,1,1
UCI327-05797,-1,-1,-1,1,-1,-1,0,1,1,1,1,-1,-1,0,1,1,1,-1,0,1,1,1,1,-1,-1,1,1,-1,1,1,0
UCI327-05399,1,-1,1,1,1,-1,1,1,1,1,1,1,-1,1,1,1,1,1,0,1,1,1,1,-1,1,1,-1,1,0,1,0
UCI327-06047,1,-1,1,1,1,-1,1,1,-1,1,1,1,-1,0,-1,1,1,1,0,1,1,1,1,-1,1,1,-1,1,0,1,0
UCI327-05830,1,-1,1,1,1,-1,0,-1,-1,-1,-1,1,1,-1,-1,-1,-1,1,0,1,1,-1,1,-1,1,-1,-1,1,0,1,1
UCI327-05369,1,-1,1,1,1,1,-1,1,-1,1,1,1,1,1,1,1,1,-1,0,1,1,1,1,-1,1,1,1,1,0,1,0
UCI327-00108,1,-1,1,1,1,-1,0,1,-1,1,1,1,1,0,1,-1,-1,1,0,1,1,1,1,-1,1,1,-1,1,-1,1,0
UCI327-02459,1,-1,1,-1,1,-1,1,-1,-1,1,1,-1,-1,-1,1,-1,1,-1,0,1,1,1,1,1,-1,0,-1,-1,-1,-1,1
UCI327-07572,-1,-1,1,1,1,-1,0,-1,-1,1,1,1,1,-1,-1,-1,1,1,0,1,1,1,1,-1,1,0,-1,1,0,1,1
UCI327-09625,1,-1,1,1,1,-1,1,1,-1,1,1,1,1,0,1,1,1,1,0,1,1,1,1,1,1,1,-1,1,0,-1,0
UCI327-09327,1,-1,1,1,1,-1,1,-1,-1,1,1,1,1,1,0,-1,1,1,0,1,1,1,1,-1,1,0,-1,1,0,1,0
UCI327-06615,1,-1,1,-1,1,-1,-1,1,-1,-1,-1,1,1,1,0,-1,-1,1,0,-1,-1,-1,-1,-1,1,1,-1,1,1,1,0
UCI327-01517,1,-1,1,1,1,-1,0,-1,-1,-1,1,1,1,-1,1,-1,1,1,0,1,1,-1,1,-1,1,-1,-1,1,0,1,1
UCI327-06305,-1,1,1,1,1,-1,0,0,-1,1,1,1,1,-1,0,-1,1,1,0,1,1,1,1,1,1,-1,1,1,0,1,1
UCI327-10256,-1,-1,1,1,1,-1,-1,1,1,1,1,1,1,0,0,0,1,1,0,1,1,1,1,1,1,-1,-1,1,1,1,0
UCI327-08817,-1,-1,1,1,1,-1,-1,0,1,1,1,1,-1,-1,-1,0,1,1,0,1,1,1,1,1,1,0,-1,1,1,-1,1
UCI327-06178,1,-1,1,1,1,-1,-1,1,-1,1,1,1,-1,0,-1,1,1,1,0,1,1,1,1,-1,1,1,-1,1,0,1,0
UCI327-08818,1,-1,1,1,1,-1,1,1,-1,1,1,1,1,1,1,1,1,1,0,1,1,1,1,1,1,-1,-1,1,0,1,0
UCI327-09300,1,-1,1,-1,1,-1,1,-1,-1,-1,-1,1,1,-1,0,-1,-1,1,0,1,1,1,1,1,1,1,-1,-1,0,1,1
UCI327-00434,1,-1,1,-1,1,-1,-1,-1,-1,1,1,1,1,-1,0,-1,1,1,0,1,1,1,1,-1,-1,-1,-1,1,0,1,1
UCI327-00716,1,-1,1,1,1,-1,-1,-1,1,1,1,1,-1,0,0,-1,1,1,0,1,1,1,1,1,-1,1,-1,-1,1,1,1
UCI327-05776,-1,-1,1,1,1,-1,0,-1,1,1,1,1,-1,-1,0,-1,1,1,0,1,1,1,1,-1,1,0,-1,1,0,1,1
UCI327-09137,-1,-1,1,1,1,-1,1,1,-1,1,1,1,-1,0,-1,0,1,1,0,1,1,1,1,1,1,0,-1,1,1,1,0
UCI327-01407,1,-1,1,1,1,-1,0,1,-1,1,1,1,-1,1,-1,-1,1,1,0,1,1,1,1,-1,1,0,1,-1,0,1,0
UCI327-08496,-1,-1,1,-1,1,-1,-1,-1,1,1,1,1,-1,1,-1,-1,1,1,0,1,1,1,1,1,1,-1,-1,1,0,-1,1
UCI327-02680,1,-1,1,1,1,1,1,1,1,1,1,1,-1,1,0,-1,1,1,0,1,1,1,1,1,-1,1,-1,-1,1,-1,0
UCI327-08370,-1,-1,1,-1,1,1,-1,1,-1,1,1,1,-1,0,1,-1,1,1,0,1,1,1,1,1,1,-1,-1,1,1,1,0
UCI327-10283,-1,-1,1,1,-1,-1,0,-1,-1,1,1,1,1,0,0,-1,-1,1,1,1,1,1,1,1,1,1,-1,-1,0,1,1
UCI327-05627,-1,-1,1,-1,1,1,0,1,1,-1,-1,1,-1,1,-1,-1,-1,1,0,-1,-1,-1,-1,-1,1,1,-1,1,1,1,0
UCI327-08997,1,-1,1,-1,1,-1,-1,-1,-1,1,1,1,1,-1,-1,-1,1,1,0,1,1,1,1,1,1,1,-1,1,0,1,1
UCI327-02166,1,-1,1,1,1,-1,0,-1,1,-1,-1,1,-1,-1,0,-1,-1,1,0,-1,1,-1,-1,-1,1,-1,-1,1,0,-1,1
UCI327-05279,-1,-1,-1,-1,-1,1,1,1,-1,1,1,1,-1,0,0,-1,1,-1,0,1,1,1,1,-1,-1,1,-1,1,0,1,0
UCI327-00171,1,-1,1,1,1,-1,1,1,-1,1,1,1,1,1,-1,-1,1,1,0,1,1,1,1,1,1,0,1,1,0,1,0
UCI327-00244,1,-1,1,1,1,-1,-1,-1,-1,1,1,1,1,-1,-1,-1,1,1,0,1,1,1,1,-1,1,-1,-1,1,0,1,1
UCI327-09002,-1,1,1,1,1,-1,1,1,-1,1,1,1,1,0,0,1,1,1,0,1,1,1,1,1,1,0,1,1,0,1,0
UCI327-06084,-1,-1,1,1,1,-1,0,-1,1,1,1,1,-1,0,-1,-1,1,1,1,1,1,1,1,-1,1,1,-1,1,0,1,1
UCI327-00382,1,-1,1,1,1,-1,-1,-1,-1,-1,1,1,-1,-1,-1,-1,1,1,0,1,1,-1,1,-1,-1,1,-1,1,1,1,1
UCI327-05266,1,-1,1,1,1,-1,0,1,1,1,1,1,-1,0,-1,-1,1,1,0,-1,1,1,1,-1,1,0,1,1,0,1,1
UCI327-01391,1,1,1,1,1,1,-1,1,-1,1,1,-1,1,0,0,1,1,1,0,1,1,1,1,-1,-1,1,1,1,-1,1,0
UCI327-05543,-1,1,1,1,1,-1,1,1,-1,1,1,1,1,0,-1,-1,-1,1,0,1,1,1,1,1,1,0,1,1,0,1,0
UCI327-08388,1,1,-1,-1,1,1,1,1,-1,1,1,-1,1,0,1,-1,1,1,0,1,1,1,1,1,1,-1,1,1,-1,1,0
UCI327-05712,-1,-1,1,1,1,-1,0,1,-1,1,1,1,1,0,-1,-1,1,1,1,1,1,1,1,-1,1,0,1,1,0,-1,1
UCI327-02960,-1,1,-1,1,-1,-1,-1,1,-1,1,1,-1,1,0,0,1,1,-1,1,1,1,1,1,-1,-1,1,-1,1,1,-1,0
UCI327-09037,-1,-1,1,-1,1,-1,1,1,-1,-1,-1,1,1,0,1,-1,-1,1,0,-1,-1,-1,-1,1,1,0,-1,1,1,1,0
UCI327-06823,-1,-1,1,-1,1,-1,1,1,-1,-1,-1,1,1,0,0,-1,-1,1,0,-1,1,-1,-1,-1,1,1,-1,1,1,1,0
UCI327-07126,1,-1,1,1,1,-1,0,-1,1,1,1,1,-1,0,-1,-1,1,1,0,1,1,1,1,-1,1,0,1,1,0,1,1
UCI327-07123,-1,-1,1,1,1,-1,0,0,-1,-1,-1,1,-1,-1,-1,-1,-1,1,0,1,1,-1,1,-1,1,1,-1,1,1,1,1
UCI327-06123,1,1,1,1,1,-1,-1,1,-1,1,1,1,1,1,0,1,1,1,1,1,1,1,1,1,1,1,-1,1,0,1,0
UCI327-09800,-1,-1,1,1,1,1,1,1,-1,1,1,1,1,0,0,-1,1,1,0,1,1,-1,1,1,1,0,-1,1,1,1,0
UCI327-10057,1,-1,1,1,1,-1,1,-1,-1,1,1,1,-1,0,0,-1,1,1,0,1,1,1,1,-1,1,1,-1,1,0,1,1
UCI327-06671,-1,1,1,1,1,-1,1,1,-1,1,1,1,1,0,-1,-1,1,1,0,1,1,1,1,1,1,0,-1,1,1,1,1
UCI327-00026,1,-1,1,1,1,-1,0,-1,1,1,1,-1,-1,-1,-1,-1,-1,-1,0,1,1,1,1,1,1,0,-1,1,-1,-1,1
UCI327-02541,1,-1,1,1,1,-1,0,1,-1,1,1,1,-1,0,0,-1,1,1,0,1,1,1,1,-1,1,1,-1,1,0,-1,0
UCI327-05439,-1,1,1,1,1,-1,0,-1,1,1,1,1,-1,-1,-1,-1,1,1,1,1,1,1,1,1,1,-1,1,1,0,1,1
UCI327-06422,-1,-1,1,1,1,-1,1,1,-1,-1,1,1,1,0,-1,0,1,1,0,-1,1,-1,1,-1,1,1,1,1,1,1,0
UCI327-09412,-1,-1,-1,-1,-1,-1,-1,-1,1,-1,-1,-1,-1,-1,-1,-1,-1,-1,1,-1,1,-1,-1,1,-1,0,-1,1,1,1,1
UCI327-06471,1,-1,1,1,1,-1,0,-1,-1,1,1,1,1,-1,0,0,-1,1,0,1,1,1,1,-1,1,1,1,1,-1,1,1
UCI327-09744,1,-1,1,1,1,-1,-1,-1,-1,1,1,1,1,-1,-1,-1,1,1,0,1,1,1,1,1,1,1,-1,1,0,1,1
UCI327-06117,1,-1,1,1,1,-1,1,0,-1,1,1,1,1,-1,1,-1,1,1,0,1,1,1,1,-1,1,1,-1,1,0,1,1
UCI327-08243,-1,-1,1,1,-1,1,1,1,-1,1,1,1,1,1,0,0,1,-1,0,1,1,1,1,1,1,-1,-1,1,0,1,0
UCI327-06301,1,-1,1,1,1,-1,0,-1,-1,1,1,1,1,0,-1,1,1,1,0,1,1,1,1,-1,1,0,1,1,0,1,1
UCI327-09446,-1,-1,1,1,1,-1,1,1,-1,-1,1,1,1,1,1,-1,1,1,0,1,1,-1,1,1,1,1,-1,1,1,1,0
UCI327-06531,1,-1,1,1,1,-1,1,0,-1,1,1,1,1,-1,0,-1,1,1,0,1,1,1,1,-1,1,-1,-1,1,0,1,1
UCI327-00892,1,-1,1,1,1,-1,1,1,-1,-1,-1,1,1,1,1,-1,-1,1,0,-1,1,-1,-1,1,-1,1,-1,1,1,-1,0
UCI327-06628,1,-1,1,-1,1,-1,1,1,-1,1,1,1,1,1,0,1,-1,-1,1,1,1,1,1,-1,1,1,1,1,0,1,0
UCI327-06667,1,-1,-1,1,-1,-1,0,-1,-1,1,1,-1,-1,-1,-1,-1,1,-1,0,1,1,1,1,-1,-1,-1,-1,-1,0,1,1
UCI327-06608,1,1,1,1,1,-1,0,-1,1,1,1,1,-1,-1,0,-1,1,1,0,1,1,1,1,1,1,-1,1,1,0,1,1
UCI327-05397,-1,-1,1,1,1,-1,1,1,-1,-1,1,1,1,0,0,1,1,1,0,1,1,-1,1,-1,1,1,-1,1,1,1,0
UCI327-09189,-1,1,-1,-1,-1,-1,1,-1,-1,1,1,-1,1,-1,1,-1,1,-1,1,-1,1,-1,1,1,-1,1,1,1,0,-1,1
UCI327-06598,-1,-1,1,1,1,-1,0,-1,-1,1,1,1,1,-1,-1,-1,1,1,0,1,1,1,1,-1,1,-1,1,1,0,1,1
UCI327-06211,-1,-1,1,1,1,-1,0,-1,1,1,1,1,-1,-1,-1,-1,1,1,0,1,1,1,1,-1,1,-1,1,1,0,1,1
UCI327-01302,1,-1,1,1,-1,-1,0,0,-1,1,1,-1,-1,-1,1,-1,1,1,0,1,1,1,1,1,-1,-1,-1,1,0,1,1
UCI327-07567,1,-1,1,1,1,-1,1,-1,1,1,1,1,-1,-1,-1,0,1,1,1,1,1,1,1,-1,1,-1,1,1,0,1,1
UCI327-06279,-1,1,1,-1,1,1,1,1,1,-1,-1,1,-1,0,-1,1,-1,1,0,-1,-1,-1,-1,1,1,1,1,1,1,1,0
UCI327-00232,1,-1,1,1,1,-1,0,1,-1,-1,1,1,1,0,-1,-1,1,1,0,1,1,-1,1,-1,-1,1,-1,1,1,1,0
UCI327-08998,1,-1,1,1,1,-1,1,1,1,1,1,1,-1,1,1,-1,1,1,0,1,1,1,1,1,1,0,-1,1,0,1,0
UCI327-10026,-1,-1,1,-1,1,-1,1,-1,-1,-1,-1,1,1,-1,-1,-1,-1,1,0,-1,-1,-1,-1,1,1,0,-1,1,0,1,1
UCI327-06001,-1,-1,-1,-1,-1,-1,1,1,-1,1,1,-1,1,0,-1,0,1,-1,0,1,1,1,1,-1,-1,1,-1,-1,1,1,0
UCI327-00524,1,-1,1,1,1,-1,-1,1,-1,1,1,1,1,1,0,-1,1,1,0,1,1,1,1,1,1,1,1,1,0,1,0
UCI327-06568,-1,-1,1,1,1,-1,1,-1,1,1,1,1,-1,-1,-1,-1,1,1,0,1,1,1,1,-1,1,-1,1,1,0,1,1
UCI327-09731,-1,-1,1,1,1,-1,-1,-1,-1,1,1,1,-1,0,-1,1,1,1,0,1,1,1,1,1,1,1,-1,1,0,1,1
UCI327-08924,1,-1,1,-1,1,-1,0,1,-1,1,1,1,1,0,1,-1,1,1,0,1,1,1,1,1,1,1,-1,1,-1,1,1
UCI327-00284,1,-1,1,1,1,-1,-1,-1,1,1,1,1,-1,0,-1,-1,1,1,0,1,1,1,1,-1,1,-1,-1,1,1,1,1
UCI327-06014,-1,-1,-1,-1,-1,-1,1,0,1,-1,-1,-1,-1,-1,-1,-1,-1,-1,0,1,1,-1,1,-1,-1,-1,-1,-1,1,1,1
UCI327-05448,1,-1,1,1,1,-1,1,-1,-1,1,1,1,1,-1,1,-1,1,1,0,1,1,1,1,-1,1,0,1,1,0,-1,1
UCI327-02468,1,1,-1,1,1,-1,1,1,-1,1,1,1,1,0,1,-1,1,1,0,1,1,1,1,1,1,-1,-1,1,1,-1,0
UCI327-01520,1,-1,1,1,1,-1,1,1,-1,-1,-1,1,1,1,0,-1,-1,1,0,1,1,-1,-1,1,-1,1,-1,1,1,1,0
UCI327-09346,-1,1,-1,-1,-1,1,1,1,-1,1,1,-1,-1,0,1,-1,1,-1,1,1,1,1,1,1,-1,1,1,1,1,1,0
UCI327-10431,-1,-1,1,1,1,-1,1,-1,-1,1,1,1,-1,0,-1,-1,1,1,0,1,1,1,1,1,1,0,-1,-1,1,1,1
UCI327-05166,-1,-1,-1,1,1,-1,0,-1,1,1,1,1,-1,0,-1,-1,-1,1,1,1,1,1,1,-1,1,1,1,1,1,1,1
UCI327-00414,1,-1,1,1,1,-1,-1,-1,1,1,1,1,-1,0,-1,-1,1,1,0,1,1,1,1,-1,1,0,-1,1,0,1,1
UCI327-05141,1,0,1,1,1,-1,0,-1,1,1,1,1,-1,-1,-1,1,-1,1,0,1,1,1,1,-1,1,0,1,1,0,1,1
UCI327-07345,1,1,1,1,1,-1,1,-1,-1,1,1,-1,1,0,0,-1,1,1,0,1,1,1,1,-1,1,0,-1,1,-1,1,0
UCI327-00125,1,1,1,1,1,-1,0,1,-1,-1,-1,1,1,0,-1,1,-1,1,0,-1,1,-1,-1,-1,-1,1,-1,1,-1,1,0
UCI327-05435,-1,1,-1,-1,-1,-1,0,-1,-1,1,1,-1,1,-1,-1,0,1,-1,0,1,1,1,1,1,-1,-1,1,-1,0,-1,1
UCI327-08723,-1,-1,-1,1,-1,-1,1,1,1,1,1,-1,1,0,1,1,1,-1,1,1,1,1,1,1,-1,-1,-1,1,1,1,0
UCI327-00140,1,-1,1,1,1,-1,-1,1,-1,1,1,1,1,0,0,-1,1,1,0,1,1,1,1,-1,-1,0,-1,1,-1,1,1
UCI327-08940,1,-1,1,1,1,-1,1,1,1,1,1,1,-1,0,-1,1,1,1,0,1,1,1,1,1,1,1,-1,-1,0,1,0
UCI327-05739,-1,1,1,1,1,-1,0,-1,-1,-1,1,1,1,-1,1,-1,1,1,0,1,1,-1,1,1,1,-1,1,1,0,-1,1
UCI327-10039,-1,-1,1,1,1,-1,-1,1,1,1,1,1,-1,-1,-1,-1,1,1,0,1,1,1,1,1,1,1,-1,1,0,1,1
UCI327-02749,1,-1,1,1,1,-1,-1,-1,-1,1,1,1,1,0,-1,-1,-1,-1,0,1,1,1,1,-1,-1,-1,1,-1,0,-1,1
UCI327-07035,1,-1,1,1,1,1,-1,1,-1,1,1,1,1,0,0,1,1,1,0,1,1,1,1,-1,1,1,-1,1,0,1,0
UCI327-10007,1,-1,1,1,1,1,1,1,1,1,1,1,-1,0,1,-1,1,1,0,1,1,1,1,1,1,-1,-1,1,0,1,0
UCI327-08447,-1,-1,1,1,1,-1,-1,-1,1,1,1,1,-1,-1,0,1,1,1,0,1,1,1,-1,1,1,1,-1,-1,1,1,1
UCI327-10394,1,-1,1,-1,1,-1,-1,-1,-1,1,1,1,1,0,-1,0,-1,-1,0,1,1,1,1,1,1,1,-1,1,0,1,1
UCI327-08828,1,1,-1,1,-1,-1,-1,0,-1,1,1,-1,-1,-1,1,-1,1,-1,1,1,1,1,1,1,-1,0,1,1,0,1,1
UCI327-09770,-1,-1,-1,1,-1,-1,-1,0,1,1,1,-1,-1,-1,-1,-1,1,-1,1,1,1,1,1,1,-1,-1,-1,1,0,1,1
UCI327-08420,-1,1,1,-1,1,1,1,1,-1,-1,-1,1,1,0,-1,-1,-1,1,0,-1,-1,-1,-1,1,1,-1,1,1,1,1,0
UCI327-00433,1,-1,1,1,1,-1,-1,1,-1,-1,1,1,1,0,1,-1,1,1,0,1,1,-1,1,1,-1,0,-1,1,0,1,0
UCI327-07055,1,1,1,1,1,-1,-1,-1,-1,1,1,1,-1,-1,0,-1,1,1,0,1,1,1,1,1,1,-1,1,1,0,-1,1
UCI327-08664,-1,-1,1,1,1,-1,1,1,1,-1,1,1,-1,0,-1,0,-1,1,0,-1,1,-1,1,1,1,0,-1,1,1,1,0
UCI327-00630,1,-1,1,1,1,-1,1,1,1,1,1,1,1,1,0,-1,1,1,0,1,1,1,1,1,1,1,-1,1,0,1,0
UCI327-05672,-1,1,-1,1,-1,-1,1,1,-1,1,1,-1,1,1,0,0,1,-1,0,1,1,1,1,1,-1,1,-1,-1,1,1,0
UCI327-08185,1,-1,1,1,1,-1,0,1,-1,1,1,1,1,1,0,0,1,1,0,1,1,1,1,1,1,1,-1,1,0,1,0
UCI327-09649,-1,-1,1,-1,1,-1,1,1,-1,-1,-1,1,1,1,-1,-1,-1,1,0,-1,1,-1,1,-1,1,1,-1,1,1,1,0
UCI327-06980,1,-1,1,1,1,-1,-1,1,1,1,1,1,-1,0,0,0,1,1,0,1,1,1,1,-1,1,1,1,1,0,1,0
UCI327-00887,1,-1,1,1,1,-1,0,-1,1,1,1,1,-1,-1,0,-1,1,1,0,1,1,1,1,-1,1,-1,-1,1,0,1,1
UCI327-09656,-1,-1,1,1,1,-1,1,1,-1,1,1,1,1,1,1,0,1,1,0,1,1,1,1,1,1,1,-1,1,0,1,0
UCI327-05269,1,-1,1,1,1,-1,-1,1,-1,1,1,1,1,0,-1,1,1,1,0,1,1,1,1,-1,1,1,1,1,0,1,0
UCI327-00578,1,-1,1,1,1,-1,-1,-1,1,1,1,1,-1,0,-1,-1,1,1,0,1,1,1,1,-1,-1,0,-1,1,0,1,1
UCI327-03024,1,-1,1,1,1,-1,0,0,1,1,1,1,-1,-1,-1,-1,1,1,0,1,1,1,1,1,1,1,-1,-1,0,-1,1
UCI327-05724,-1,-1,1,-1,1,-1,0,0,1,1,1,1,-1,-1,0,-1,1,1,0,1,1,1,1,-1,1,0,1,1,0,1,1
UCI327-00959,1,-1,1,1,1,-1,0,1,-1,1,1,1,1,0,0,-1,1,1,0,1,1,1,1,-1,1,1,-1,1,0,1,0
UCI327-07291,-1,1,1,-1,1,-1,-1,-1,-1,-1,-1,1,1,-1,0,-1,-1,1,1,1,1,-1,1,1,1,1,1,1,1,1,1
UCI327-05458,1,-1,1,-1,1,-1,0,-1,1,1,1,1,-1,0,-1,-1,1,1,1,1,1,1,1,-1,1,0,-1,1,0,1,1
UCI327-05454,-1,-1,1,-1,1,1,1,1,-1,1,1,1,1,1,1,-1,-1,-1,0,1,1,1,1,1,1,-1,1,1,-1,1,0
UCI327-05936,1,-1,1,-1,1,-1,1,-1,-1,-1,-1,1,-1,-1,1,-1,-1,1,0,-1,1,-1,-1,-1,1,0,1,1,0,1,1
UCI327-02577,1,-1,1,1,1,-1,1,-1,1,1,1,1,1,-1,0,-1,1,1,0,1,1,1,1,-1,-1,-1,-1,1,0,-1,1
UCI327-05613,-1,-1,1,1,1,-1,0,-1,-1,1,1,1,1,-1,-1,-1,1,1,0,1,1,1,1,-1,1,0,-1,1,1,1,1
UCI327-05222,-1,1,1,1,1,-1,1,1,-1,1,1,1,1,0,0,-1,1,1,0,1,1,1,1,1,1,1,-1,1,0,1,0
UCI327-01729,1,1,1,1,1,1,0,1,-1,1,1,1,1,1,-1,1,1,1,0,1,1,1,1,-1,-1,1,1,1,1,1,0
UCI327-00190,1,-1,1,1,1,-1,-1,1,-1,1,1,1,1,0,0,-1,1,1,0,1,1,1,1,-1,1,1,-1,1,0,1,0
UCI327-05187,-1,-1,1,1,1,-1,0,-1,-1,1,1,1,-1,-1,-1,-1,-1,1,1,1,1,1,1,-1,1,0,1,1,1,1,1
UCI327-00329,1,1,1,-1,1,-1,-1,1,-1,1,1,1,1,0,1,1,1,1,0,1,1,1,1,-1,1,1,-1,1,0,1,0
UCI327-00043,1,-1,1,1,1,-1,0,0,1,-1,1,-1,-1,-1,0,-1,-1,-1,0,-1,1,-1,1,1,-1,-1,-1,1,0,-1,1
UCI327-06880,-1,-1,1,1,1,-1,0,-1,-1,1,1,1,-1,0,0,0,1,1,0,1,1,1,1,-1,1,0,-1,1,0,1,1
UCI327-00962,1,1,1,1,1,-1,0,-1,-1,1,1,1,1,0,1,1,1,1,0,1,1,1,1,1,1,1,-1,1,0,1,0
UCI327-09174,-1,0,1,1,1,-1,0,1,-1,-1,1,-1,-1,-1,-1,-1,1,1,0,-1,1,-1,-1,1,1,1,-1,1,0,-1,1
UCI327-06496,-1,-1,1,1,1,-1,0,-1,1,1,1,1,1,0,-1,-1,1,1,0,1,1,1,1,-1,1,1,1,1,1,1,1
UCI327-10614,1,-1,1,1,1,-1,-1,-1,1,1,1,1,-1,1,-1,-1,1,1,0,1,1,1,1,1,1,0,-1,-1,1,1,1
UCI327-01836,1,-1,1,1,1,-1,-1,-1,-1,1,1,1,1,0,0,-1,1,1,0,1,1,1,1,-1,1,1,-1,-1,0,1,1
UCI327-08344,-1,-1,1,1,1,-1,1,1,-1,1,1,1,1,0,0,0,1,1,0,1,1,1,1,1,1,0,-1,1,1,1,0
UCI327-10222,1,-1,1,1,1,-1,1,-1,-1,1,1,1,-1,0,0,-1,1,1,0,1,1,1,1,1,1,1,-1,-1,0,1,1
UCI327-10341,-1,-1,-1,-1,-1,-1,0,-1,-1,-1,1,-1,1,-1,1,-1,1,-1,1,-1,1,-1,1,1,-1,1,-1,1,1,1,1
UCI327-00827,1,1,1,1,1,-1,-1,1,-1,1,1,1,1,0,1,1,1,1,0,1,1,1,1,1,1,1,1,1,0,1,0
UCI327-10520,-1,1,1,-1,1,-1,0,1,1,-1,-1,1,-1,-1,-1,-1,1,1,0,-1,-1,-1,-1,1,1,0,-1,1,0,-1,1
UCI327-00544,1,-1,1,1,1,-1,-1,1,-1,1,1,1,1,1,-1,-1,1,1,0,1,1,1,1,-1,1,0,-1,1,0,1,0
UCI327-00007,1,0,1,1,1,-1,-1,-1,1,1,1,-1,-1,0,-1,-1,1,1,0,1,1,1,1,-1,-1,0,-1,1,0,1,1
UCI327-06003,-1,1,1,1,1,-1,1,1,1,1,1,1,1,0,0,-1,1,1,0,1,1,1,1,1,1,0,-1,1,1,1,0
UCI327-06709,1,-1,1,1,1,-1,0,0,1,1,1,1,-1,-1,-1,-1,-1,1,0,1,1,1,1,-1,1,-1,1,1,1,1,1
UCI327-03548,-1,-1,-1,1,-1,-1,0,0,1,1,1,-1,-1,-1,1,-1,1,1,1,-1,1,-1,1,1,-1,-1,-1,1,0,1,1
UCI327-10411,-1,-1,1,1,1,1,1,-1,1,1,1,1,-1,0,0,-1,1,1,0,1,1,1,1,1,1,0,-1,-1,1,1,0
UCI327-00241,1,-1,1,1,1,-1,0,-1,1,-1,1,1,-1,-1,0,-1,1,-1,0,1,1,-1,1,-1,-1,0,-1,1,1,-1,1
UCI327-06875,-1,1,1,1,1,-1,0,-1,-1,1,1,-1,1,-1,-1,0,1,1,0,1,1,1,1,1,1,-1,-1,1,-1,1,1
UCI327-05966,-1,-1,1,1,1,1,0,1,-1,1,1,1,1,0,-1,-1,1,1,0,1,1,1,1,-1,1,1,-1,1,1,1,0
UCI327-05290,-1,-1,1,1,1,-1,0,-1,-1,-1,1,1,-1,-1,1,-1,1,1,1,1,1,-1,1,-1,1,-1,1,1,0,1,1
UCI327-08551,1,1,1,1,1,-1,1,-1,-1,1,1,1,1,0,0,0,1,1,0,1,1,1,1,1,1,1,1,1,0,1,0
UCI327-07709,1,1,1,1,1,-1,0,1,-1,1,1,1,1,-1,-1,-1,1,1,0,1,1,1,1,1,1,0,-1,1,0,1,1
UCI327-08306,-1,-1,1,1,1,-1,1,1,-1,1,1,1,-1,1,-1,-1,1,1,0,-1,1,1,1,-1,1,1,-1,1,1,1,0
UCI327-08129,-1,-1,1,1,1,-1,0,1,1,1,1,1,-1,-1,0,-1,1,1,0,1,1,1,1,-1,1,0,1,1,0,1,1
UCI327-02160,1,-1,1,1,1,-1,-1,1,1,-1,-1,1,-1,0,-1,-1,-1,1,0,-1,1,-1,-1,-1,1,0,-1,1,0,-1,1
UCI327-00133,-1,-1,-1,1,1,-1,-1,1,1,1,1,-1,-1,0,-1,-1,-1,1,0,1,1,1,1,1,-1,1,-1,1,1,1,0
UCI327-07096,1,-1,1,1,1,-1,1,1,1,1,1,1,1,0,0,1,1,1,0,1,1,1,1,-1,1,1,1,1,0,1,0
UCI327-05816,-1,-1,-1,-1,-1,-1,1,0,-1,-1,-1,-1,-1,-1,1,0,-1,-1,0,-1,1,-1,1,-1,-1,0,-1,1,-1,1,1
UCI327-08241,1,-1,1,-1,1,-1,0,1,-1,-1,-1,1,1,0,0,-1,1,1,0,1,1,-1,1,1,1,1,-1,-1,0,1,0
UCI327-09322,1,-1,1,1,1,-1,0,-1,-1,1,1,1,1,-1,-1,-1,1,1,0,1,1,1,1,1,1,0,-1,1,0,1,1
UCI327-01086,-1,-1,-1,1,-1,-1,0,0,1,1,1,-1,-1,-1,1,-1,1,-1,1,1,1,1,1,1,1,-1,-1,1,0,1,1
UCI327-08765,-1,1,1,-1,1,-1,0,0,-1,1,1,1,1,-1,-1,-1,1,1,0,1,1,1,1,1,1,0,1,1,0,1,1
UCI327-00206,1,-1,1,1,1,-1,1,1,1,1,1,1,-1,0,0,-1,1,1,0,1,1,1,1,1,-1,1,-1,1,0,1,0
UCI327-05255,-1,-1,1,-1,1,-1,1,1,-1,-1,-1,-1,-1,0,0,0,-1,1,0,1,1,-1,1,-1,1,1,-1,1,1,1,0
UCI327-07976,1,-1,1,1,1,-1,1,-1,1,1,1,1,-1,-1,-1,-1,1,1,0,1,1,1,1,-1,1,-1,-1,1,0,1,1
UCI327-05174,1,-1,-1,-1,1,-1,-1,1,-1,1,1,1,1,0,-1,-1,1,1,0,1,1,1,1,-1,1,0,-1,1,0,1,0
UCI327-07165,1,-1,1,1,1,-1,0,-1,1,1,1,1,-1,0,-1,1,1,1,0,1,1,1,1,-1,1,-1,1,1,0,1,1
UCI327-09784,-1,-1,1,1,1,-1,-1,-1,1,1,1,1,-1,-1,-1,0,1,1,0,1,1,1,1,1,1,0,-1,-1,1,1,1
UCI327-02649,1,-1,1,1,-1,-1,0,-1,1,1,1,1,-1,-1,0,-1,1,1,0,1,1,1,1,1,-1,1,-1,1,0,-1,1
UCI327-10223,1,-1,1,-1,1,-1,1,1,-1,-1,-1,1,1,0,-1,1,-1,1,0,-1,1,-1,-1,1,1,1,-1,1,1,1,0
UCI327-02660,1,-1,1,1,1,-1,0,-1,1,1,1,1,-1,0,-1,-1,1,1,0,1,1,1,1,-1,-1,0,-1,1,0,1,1
UCI327-00540,1,-1,1,1,1,-1,0,0,1,-1,-1,1,1,-1,0,-1,-1,1,0,1,1,-1,1,1,-1,0,-1,1,0,-1,1
UCI327-01686,1,-1,1,1,1,-1,-1,-1,-1,-1,-1,1,1,-1,0,-1,-1,1,0,1,1,-1,1,-1,-1,-1,-1,-1,0,1,1
UCI327-05884,1,-1,1,1,1,-1,1,1,-1,1,1,1,1,1,0,-1,1,1,0,1,1,1,1,-1,1,0,1,1,0,1,0
UCI327-07221,1,-1,1,1,1,-1,-1,1,-1,1,1,1,1,1,1,-1,1,1,0,1,1,1,1,-1,1,1,-1,1,0,1,0
UCI327-02205,1,-1,1,1,1,-1,-1,-1,-1,-1,-1,1,-1,-1,1,-1,-1,1,0,-1,-1,-1,-1,-1,1,-1,-1,1,0,-1,1
UCI327-10019,1,-1,1,-1,1,1,1,1,-1,-1,-1,1,-1,1,1,-1,-1,1,0,-1,-1,-1,-1,1,1,-1,-1,1,1,1,0
UCI327-09128,-1,-1,1,1,1,-1,1,0,-1,-1,1,1,1,-1,1,-1,1,1,0,1,1,-1,1,1,1,0,-1,1,1,1,1
UCI327-08197,1,1,1,1,1,-1,-1,0,-1,1,-1,1,1,1,-1,-1,1,1,0,1,1,1,1,1,1,1,-1,1,0,1,1
UCI327-02518,1,1,1,1,1,-1,-1,1,-1,-1,-1,1,1,1,0,1,1,-1,0,-1,1,-1,1,1,1,1,1,1,1,1,0
UCI327-08978,-1,-1,1,1,1,-1,0,1,-1,-1,1,1,1,0,1,-1,1,1,0,1,1,-1,-1,1,1,1,-1,1,1,1,0
UCI327-05132,1,-1,1,-1,1,-1,0,-1,1,1,1,1,-1,1,-1,-1,1,1,1,1,-1,1,-1,-1,1,-1,1,1,1,-1,1
UCI327-05252,1,1,1,1,1,1,-1,1,-1,1,1,1,1,1,-1,1,1,1,0,1,1,1,1,1,1,1,-1,1,1,1,0
UCI327-06896,-1,1,1,1,1,-1,-1,1,-1,-1,-1,1,1,0,-1,-1,-1,1,0,-1,1,-1,-1,1,1,1,-1,1,-1,1,0
UCI327-09050,-1,-1,1,1,1,-1,1,1,-1,1,1,1,1,0,0,-1,-1,1,0,1,1,1,1,1,1,-1,-1,1,-1,1,0
UCI327-10123,1,-1,1,1,1,-1,1,1,-1,1,1,1,-1,0,0,1,1,1,0,1,1,1,1,-1,1,0,-1,1,0,1,0
UCI327-08623,1,-1,1,-1,1,-1,0,1,1,-1,-1,1,1,1,-1,-1,-1,1,0,-1,1,-1,-1,1,1,1,-1,-1,0,1,1
UCI327-00541,1,-1,1,1,1,-1,-1,-1,-1,1,1,1,1,-1,0,-1,1,1,0,1,1,1,1,-1,-1,0,-1,1,1,1,1
UCI327-08224,-1,-1,-1,1,-1,1,-1,1,-1,1,1,-1,1,0,0,-1,1,1,0,1,1,1,1,1,-1,1,-1,1,1,1,0
UCI327-07469,1,-1,1,-1,1,-1,0,-1,-1,1,1,1,1,0,-1,0,-1,-1,0,1,1,1,1,-1,1,-1,1,1,0,1,1
UCI327-08303,-1,-1,1,1,1,-1,-1,1,1,1,1,1,-1,1,-1,-1,1,1,0,1,1,1,1,1,1,1,-1,-1,0,1,1
UCI327-05758,-1,-1,1,1,1,-1,0,-1,1,1,1,1,-1,-1,1,-1,1,1,0,1,1,1,1,-1,1,-1,-1,1,1,-1,1
UCI327-05973,-1,-1,-1,-1,1,1,1,1,1,1,1,1,-1,1,0,-1,-1,-1,0,1,1,1,1,-1,1,0,-1,1,0,1,0
UCI327-05176,1,-1,-1,-1,1,-1,-1,1,-1,1,1,1,-1,0,1,1,1,1,1,1,1,1,1,-1,1,1,1,1,0,1,0
UCI327-05956,-1,-1,-1,-1,-1,-1,0,0,1,-1,-1,-1,-1,-1,1,-1,-1,-1,0,-1,1,-1,1,-1,-1,-1,-1,-1,1,1,1
UCI327-06874,-1,-1,1,1,-1,-1,0,-1,1,1,1,1,-1,-1,0,-1,1,1,0,1,1,1,1,-1,1,-1,-1,1,0,1,1
UCI327-07931,1,-1,1,1,1,-1,-1,-1,-1,1,1,1,1,1,0,-1,1,1,0,1,1,1,1,-1,1,1,1,1,0,1,0
UCI327-10047,1,1,1,-1,1,-1,1,1,-1,-1,-1,1,1,0,0,0,-1,1,0,1,1,-1,1,1,1,1,1,1,0,1,0
UCI327-10274,-1,-1,-1,-1,-1,-1,-1,-1,1,-1,-1,-1,-1,-1,1,-1,-1,-1,1,-1,1,-1,-1,1,-1,0,-1,-1,1,1,1
UCI327-02663,1,-1,1,1,1,-1,1,-1,-1,-1,1,1,-1,-1,-1,-1,1,1,0,1,1,-1,1,-1,-1,0,-1,-1,1,1,1
UCI327-06518,-1,-1,1,1,1,-1,1,0,1,1,1,1,-1,-1,-1,-1,1,1,0,1,1,1,1,-1,1,-1,-1,1,1,1,1
UCI327-00862,-1,1,-1,1,-1,-1,-1,1,-1,1,1,-1,1,0,0,1,1,-1,1,1,1,1,1,-1,-1,1,-1,1,1,1,0
UCI327-06797,-1,1,1,1,1,-1,-1,-1,-1,1,1,1,1,-1,0,-1,1,1,1,1,1,1,1,1,1,-1,-1,1,0,-1,1
UCI327-01366,1,-1,1,1,1,-1,0,0,1,1,1,1,-1,-1,-1,-1,-1,1,0,1,1,1,1,1,1,-1,-1,1,1,1,1
UCI327-06700,-1,-1,1,-1,-1,1,1,1,-1,-1,-1,1,1,1,-1,1,-1,-1,0,-1,1,-1,1,-1,1,1,1,-1,1,1,0
UCI327-10269,-1,1,1,1,1,-1,-1,-1,-1,1,1,1,1,-1,0,0,1,1,0,1,1,1,1,1,1,1,1,1,1,1,1
UCI327-00060,1,-1,1,1,1,-1,1,-1,1,1,1,1,1,0,-1,-1,1,1,0,1,1,1,1,-1,-1,0,-1,1,1,1,1
UCI327-01031,1,-1,1,-1,1,-1,0,0,1,1,1,1,-1,-1,0,-1,1,1,0,1,1,1,1,1,1,-1,-1,1,0,1,1
UCI327-02471,1,-1,1,-1,1,-1,0,-1,1,1,1,1,-1,-1,-1,-1,1,-1,0,1,1,1,1,-1,1,0,1,1,0,1,1
UCI327-09572,1,-1,1,1,1,-1,0,1,-1,1,1,1,1,0,0,-1,1,1,0,1,1,1,1,1,1,1,-1,1,-1,1,0
UCI327-08561,1,-1,1,-1,1,-1,0,1,-1,-1,-1,1,1,-1,0,0,-1,1,0,-1,1,-1,-1,1,1,1,-1,1,1,1,1
UCI327-00373,1,-1,1,1,1,-1,1,1,1,1,1,1,1,1,-1,-1,1,1,0,1,1,1,1,1,1,1,-1,1,0,1,0
UCI327-05276,-1,-1,1,1,1,-1,0,-1,1,1,1,1,-1,0,-1,-1,1,1,1,1,1,1,1,-1,1,1,1,1,1,-1,1
UCI327-02866,1,-1,1,-1,1,-1,0,-1,1,1,1,1,1,-1,0,-1,1,1,0,1,1,1,1,-1,-1,-1,-1,1,0,1,1
UCI327-00179,1,-1,1,1,1,-1,0,1,-1,1,1,1,-1,1,-1,-1,1,1,0,1,1,1,1,-1,1,0,1,1,0,1,0
UCI327-10210,1,-1,1,-1,1,-1,0,0,1,-1,-1,1,1,-1,0,-1,-1,1,0,1,1,-1,1,1,1,0,-1,-1,0,1,1
UCI327-06763,-1,-1,1,1,1,-1,0,-1,-1,1,1,1,-1,0,-1,0,1,1,0,1,1,1,1,-1,1,-1,1,1,1,1,1
UCI327-01151,1,-1,1,1,1,-1,1,1,1,1,1,1,-1,0,0,-1,1,1,0,1,1,1,1,1,-1,0,1,-1,0,1,0
UCI327-08298,1,-1,1,1,1,-1,-1,1,1,1,1,1,-1,-1,0,-1,1,1,0,1,1,1,1,1,1,1,-1,-1,0,1,1
UCI327-06430,1,1,1,1,1,-1,1,1,-1,1,1,1,1,0,-1,-1,-1,1,1,1,1,1,1,1,1,0,1,1,0,1,0
UCI327-05370,1,-1,1,1,1,-1,1,1,-1,1,1,1,1,0,1,1,1,1,0,1,1,1,1,-1,1,1,1,1,0,1,0
UCI327-06894,-1,-1,1,1,1,-1,-1,1,-1,-1,1,1,1,0,-1,-1,1,1,0,1,1,-1,1,-1,1,1,1,1,1,1,0
UCI327-01728,-1,1,-1,1,-1,1,-1,1,-1,1,1,-1,1,1,0,1,1,-1,1,1,1,1,1,1,-1,1,-1,1,1,1,0
UCI327-06074,1,-1,1,-1,1,-1,0,1,1,1,1,-1,-1,0,-1,-1,1,-1,0,1,1,1,1,-1,1,0,1,1,1,1,1
UCI327-02944,1,-1,1,1,1,-1,-1,1,-1,1,1,1,1,0,0,-1,1,1,0,1,1,1,1,1,1,1,1,1,0,-1,0
UCI327-00556,1,-1,1,1,1,-1,-1,1,1,1,1,1,-1,0,-1,-1,1,1,0,1,1,1,1,-1,1,1,-1,1,0,1,1
UCI327-05633,-1,-1,1,1,1,-1,0,0,-1,1,1,1,1,0,-1,-1,1,1,0,1,1,1,1,-1,1,0,1,1,0,-1,1
UCI327-09184,-1,-1,1,-1,1,-1,-1,-1,1,-1,-1,1,-1,-1,0,-1,-1,1,0,1,1,-1,1,1,1,1,-1,1,0,1,1
UCI327-00049,1,-1,1,1,1,-1,1,1,-1,1,1,1,1,0,1,-1,-1,-1,0,1,1,1,1,1,1,1,-1,-1,-1,-1,0
UCI327-10918,1,-1,1,1,1,-1,-1,-1,1,1,1,1,1,0,0,0,1,1,0,1,1,1,1,1,1,1,-1,-1,0,1,1
UCI327-09405,-1,-1,1,1,1,-1,1,1,1,1,1,1,1,0,-1,0,1,1,0,1,1,1,1,1,1,-1,-1,1,1,1,0
UCI327-01690,1,-1,1,1,1,-1,1,1,-1,-1,-1,1,-1,1,0,-1,-1,1,0,1,1,-1,-1,1,1,1,-1,1,0,1,0
UCI327-00417,1,-1,1,1,1,-1,-1,0,-1,1,1,1,-1,0,-1,-1,1,1,0,1,1,1,1,-1,1,0,-1,1,0,1,1
UCI327-05718,1,-1,1,-1,1,-1,0,0,1,-1,-1,1,1,-1,-1,-1,-1,1,1,-1,1,-1,-1,-1,1,0,1,1,0,1,1
UCI327-10287,1,-1,1,1,1,-1,0,-1,-1,1,1,1,1,-1,0,-1,1,1,0,1,1,1,1,1,1,1,-1,1,0,1,1
UCI327-00167,1,-1,1,1,1,-1,1,1,-1,1,1,1,1,1,0,-1,1,1,0,1,1,1,1,1,1,1,-1,1,0,1,0
UCI327-00205,-1,1,-1,1,-1,-1,0,-1,-1,-1,1,-1,1,-1,1,1,1,-1,0,-1,1,-1,1,-1,-1,1,-1,1,1,-1,1
UCI327-06788,-1,1,1,1,1,-1,0,1,-1,-1,-1,1,1,0,-1,-1,-1,1,0,-1,1,-1,-1,1,1,1,-1,1,-1,1,0
UCI327-00390,1,-1,1,1,1,-1,0,0,-1,-1,1,1,1,-1,1,-1,1,1,0,1,1,-1,1,1,-1,1,-1,1,1,1,1
UCI327-05382,-1,-1,1,-1,1,-1,0,-1,1,-1,1,1,-1,-1,-1,-1,1,-1,0,1,1,-1,1,-1,1,-1,1,1,1,-1,1
UCI327-10333,-1,-1,1,1,1,-1,1,-1,1,1,1,1,-1,-1,-1,-1,1,1,0,1,1,1,1,1,1,1,-1,1,0,1,1
UCI327-09769,1,-1,1,1,1,-1,-1,-1,1,1,1,1,1,0,-1,-1,1,1,0,1,1,1,1,1,1,-1,-1,1,1,1,1
UCI327-10524,1,-1,-1,1,1,-1,1,1,-1,1,1,1,1,1,0,-1,1,-1,0,1,1,1,1,-1,1,0,-1,1,0,1,0
UCI327-00538,1,1,1,1,1,1,1,1,-1,1,1,1,1,1,0,1,1,1,0,1,1,1,1,1,1,1,-1,1,0,1,0
UCI327-00835,1,-1,1,1,1,-1,-1,1,-1,1,1,1,1,0,0,-1,1,1,0,1,1,1,1,-1,1,1,1,-1,0,1,0
UCI327-01192,1,-1,1,1,1,-1,-1,1,-1,1,1,1,1,0,-1,-1,1,1,0,1,1,1,1,-1,1,0,-1,-1,0,1,1
UCI327-08423,-1,-1,1,-1,1,-1,-1,1,1,-1,1,1,-1,-1,-1,-1,1,-1,0,1,1,-1,1,1,1,1,-1,1,1,1,1
UCI327-02933,1,-1,1,1,1,-1,1,-1,-1,1,1,1,1,-1,1,-1,1,1,0,1,1,1,1,-1,-1,-1,-1,1,1,1,1
UCI327-09753,1,1,1,1,1,1,0,1,-1,1,1,1,1,0,-1,-1,1,1,0,1,1,1,1,1,1,0,1,-1,0,1,0
UCI327-00366,1,1,1,1,1,-1,1,1,-1,-1,1,1,1,0,0,1,1,1,0,1,1,-1,1,1,-1,1,-1,1,1,1,0
UCI327-06291,1,-1,1,1,1,-1,1,0,1,1,1,1,-1,-1,0,-1,1,1,0,1,1,1,1,-1,1,1,-1,1,0,1,1
UCI327-05915,1,-1,1,1,1,-1,1,1,-1,-1,1,1,1,0,0,-1,1,1,1,1,1,-1,1,-1,1,0,-1,1,0,1,0
UCI327-06383,-1,-1,1,-1,1,-1,1,1,1,-1,-1,1,-1,1,1,1,-1,1,1,1,1,-1,1,-1,1,1,-1,1,1,1,0
UCI327-09778,1,-1,1,1,1,-1,-1,0,-1,1,1,1,-1,-1,1,-1,1,1,0,1,1,1,1,1,1,0,-1,1,0,-1,1
UCI327-01277,1,-1,1,1,1,-1,1,1,-1,1,1,1,1,0,1,-1,-1,-1,0,1,1,1,1,1,1,1,-1,1,-1,-1,0
UCI327-07167,1,-1,1,1,1,-1,1,1,-1,1,1,1,1,1,-1,1,1,1,0,1,1,1,1,-1,1,0,1,1,0,1,0
UCI327-01815,1,-1,1,1,1,-1,0,-1,-1,1,1,1,-1,-1,-1,-1,1,1,0,1,1,1,1,-1,1,0,-1,-1,0,1,1
UCI327-09351,-1,-1,1,1,1,-1,0,1,1,1,1,1,1,-1,-1,-1,1,1,0,1,1,1,1,1,1,0,-1,1,0,1,1
UCI327-07337,-1,-1,1,1,1,-1,0,-1,-1,1,1,1,-1,-1,0,-1,1,1,0,1,1,-1,1,-1,1,0,-1,1,1,1,1
UCI327-07278,-1,-1,1,-1,1,-1,1,0,1,-1,-1,1,-1,-1,0,-1,-1,1,0,-1,1,-1,-1,-1,1,0,-1,1,0,1,1
UCI327-10144,-1,1,-1,1,-1,-1,0,-1,-1,1,1,-1,1,0,-1,-1,1,-1,1,1,1,1,1,1,-1,1,1,1,1,1,1
UCI327-10382,1,-1,1,-1,1,-1,-1,-1,1,-1,-1,1,-1,-1,-1,-1,-1,1,0,-1,1,-1,-1,-1,1,0,-1,1,0,1,1
UCI327-05898,1,-1,1,-1,1,-1,0,-1,1,1,1,1,-1,-1,0,-1,1,1,0,1,1,1,1,-1,1,0,-1,1,0,1,1
UCI327-00724,1,-1,1,1,1,-1,-1,-1,1,1,1,1,-1,-1,-1,-1,1,1,0,1,1,1,1,-1,-1,0,-1,-1,0,1,1
UCI327-07422,-1,-1,1,1,1,-1,0,1,-1,1,1,1,1,0,-1,-1,1,1,1,1,1,1,1,-1,1,0,1,1,0,1,1
UCI327-05358,-1,1,1,1,1,1,0,1,-1,1,1,1,1,1,0,-1,1,1,0,1,1,1,1,1,1,1,-1,1,1,1,0
UCI327-05262,-1,-1,1,1,1,-1,0,-1,1,1,1,1,-1,1,-1,-1,1,1,0,1,1,1,1,-1,1,-1,1,1,0,-1,1
UCI327-09095,1,-1,1,-1,1,-1,1,1,-1,-1,-1,1,1,0,-1,-1,-1,1,0,-1,-1,-1,-1,1,1,0,-1,1,0,1,0
UCI327-06062,-1,-1,1,-1,1,-1,0,0,-1,-1,-1,1,1,-1,-1,-1,-1,1,0,-1,-1,-1,-1,-1,1,1,-1,1,1,1,1
UCI327-05291,1,1,1,1,1,-1,0,0,-1,1,1,1,1,-1,-1,-1,1,1,1,1,1,1,1,1,1,-1,1,1,0,-1,1
UCI327-07680,-1,-1,1,-1,1,-1,-1,-1,-1,1,1,1,1,-1,0,-1,1,1,0,1,1,1,1,-1,1,-1,1,1,0,1,1
UCI327-02892,1,-1,1,1,1,-1,0,0,-1,1,1,1,-1,0,-1,-1,1,1,0,1,1,1,1,1,-1,0,-1,1,1,1,1
UCI327-05517,-1,-1,-1,-1,-1,-1,0,-1,-1,-1,-1,-1,1,-1,1,-1,-1,-1,0,-1,1,-1,-1,-1,-1,-1,1,-1,1,-1,1
UCI327-00053,1,-1,1,1,1,-1,1,-1,1,1,1,1,-1,0,0,-1,1,1,0,1,1,1,1,-1,1,1,-1,1,0,1,1
UCI327-00153,1,-1,1,1,1,-1,-1,1,-1,1,1,1,1,-1,0,-1,1,1,0,1,1,1,1,1,1,1,-1,1,-1,1,0
UCI327-10535,1,-1,1,-1,1,-1,1,1,1,1,1,1,-1,0,0,-1,1,1,0,1,1,1,1,1,1,-1,-1,1,0,1,0
UCI327-10716,1,1,1,1,1,-1,1,-1,-1,1,1,1,1,0,0,-1,1,1,0,1,1,1,1,1,1,1,1,1,0,1,0
UCI327-10058,1,-1,1,1,1,1,1,1,-1,1,1,1,1,1,0,1,1,1,0,1,1,1,1,-1,1,1,-1,1,0,1,0
UCI327-08768,1,-1,1,-1,1,-1,1,-1,-1,1,1,1,1,0,-1,0,1,1,0,1,1,1,1,-1,1,0,-1,1,0,1,1
UCI327-10503,-1,-1,1,-1,1,-1,-1,-1,1,1,1,-1,-1,-1,0,-1,1,-1,0,1,1,1,1,1,1,0,-1,1,1,1,1
UCI327-00302,1,-1,1,1,1,-1,1,1,-1,-1,1,1,1,0,1,-1,1,1,0,1,1,-1,-1,1,-1,0,-1,1,1,1,0
UCI327-05486,-1,1,1,1,1,-1,1,-1,-1,1,1,1,1,0,-1,-1,1,1,0,1,1,1,1,1,1,-1,-1,1,0,-1,1
UCI327-05667,-1,-1,-1,-1,-1,1,1,1,-1,1,1,-1,1,1,1,-1,-1,-1,1,1,1,1,1,-1,-1,1,-1,1,0,1,0
UCI327-08511,-1,-1,1,1,1,-1,-1,0,1,1,1,1,-1,-1,-1,-1,1,1,0,1,1,1,1,-1,1,0,-1,-1,1,1,1
UCI327-08485,1,-1,1,1,1,-1,1,-1,1,1,1,1,-1,-1,1,-1,1,1,0,1,1,1,1,1,1,-1,-1,1,1,1,1
UCI327-08593,1,-1,1,1,1,-1,0,-1,1,1,1,1,-1,0,-1,-1,1,1,0,1,1,1,1,1,1,1,-1,-1,0,-1,1
UCI327-08733,1,-1,1,1,1,-1,-1,0,1,1,1,1,-1,-1,-1,-1,1,1,0,1,1,1,1,1,1,0,-1,1,0,1,1
UCI327-05407,1,-1,1,-1,1,-1,1,1,1,-1,-1,1,-1,0,0,0,-1,1,0,-1,1,-1,-1,-1,1,-1,1,1,0,1,0
UCI327-09739,-1,-1,1,-1,1,-1,1,1,-1,-1,-1,1,1,0,0,-1,-1,1,0,-1,-1,-1,-1,1,1,-1,-1,1,1,1,0
UCI327-08601,1,-1,1,-1,1,-1,0,-1,1,1,1,-1,-1,-1,1,-1,-1,-1,0,1,1,1,1,1,1,1,-1,1,-1,1,1
UCI327-09396,1,1,1,1,1,-1,1,1,-1,1,1,1,1,0,1,-1,1,1,0,1,1,1,1,1,1,-1,1,1,0,1,0
UCI327-00856,1,-1,1,1,1,-1,-1,-1,-1,1,1,1,-1,-1,0,-1,1,1,0,1,1,1,1,-1,-1,-1,-1,1,0,1,1
UCI327-00805,1,-1,1,-1,1,1,-1,1,1,1,1,1,-1,1,1,-1,1,1,0,1,1,1,1,1,1,1,1,1,0,1,0
UCI327-07644,1,-1,1,1,1,-1,0,1,1,1,1,1,-1,-1,1,-1,1,1,0,1,1,1,1,-1,1,0,-1,1,0,1,1
UCI327-09073,-1,-1,1,-1,1,-1,0,-1,-1,-1,-1,1,1,-1,0,-1,-1,1,0,-1,1,-1,-1,1,1,1,-1,1,1,1,1
UCI327-08649,-1,-1,1,1,1,-1,1,1,-1,1,1,1,1,0,1,0,1,1,0,1,1,1,1,1,1,1,-1,1,0,1,0
UCI327-06660,-1,-1,1,-1,1,-1,0,1,-1,-1,-1,1,1,0,-1,1,-1,1,0,-1,1,-1,1,-1,1,1,-1,1,1,1,0
UCI327-07845,1,-1,1,-1,1,-1,-1,-1,-1,-1,-1,1,-1,-1,0,-1,-1,1,0,-1,-1,-1,-1,-1,1,0,1,1,0,1,1
UCI327-06659,-1,-1,1,1,1,-1,0,0,1,1,1,1,-1,0,0,1,1,1,0,1,1,1,1,-1,1,-1,-1,1,0,1,1
UCI327-05317,1,1,1,1,1,-1,0,0,-1,1,1,1,1,-1,-1,-1,1,1,0,1,1,1,1,1,1,-1,1,1,0,1,1
UCI327-00154,1,-1,1,-1,1,-1,-1,-1,1,1,1,1,-1,-1,0,-1,1,1,0,1,1,1,1,1,-1,-1,-1,1,1,1,1
UCI327-01152,1,-1,1,-1,1,-1,-1,1,-1,1,1,1,1,1,1,-1,1,1,0,1,1,1,1,-1,-1,1,1,1,0,1,0
UCI327-06563,1,-1,1,1,1,-1,1,1,-1,-1,1,1,1,0,-1,-1,1,1,0,1,1,-1,1,-1,1,1,1,1,0,1,0
UCI327-07444,-1,-1,1,1,1,-1,1,1,-1,1,1,1,1,0,-1,-1,1,1,1,1,1,1,1,-1,1,0,1,1,0,1,1
UCI327-08743,-1,-1,1,-1,1,-1,0,0,1,1,1,1,-1,-1,0,-1,1,1,0,1,1,1,1,1,1,1,-1,1,0,1,1
UCI327-06296,-1,-1,-1,-1,-1,-1,0,1,-1,1,1,-1,1,0,-1,1,-1,-1,0,1,1,1,1,-1,-1,1,1,1,-1,1,0
UCI327-09268,1,-1,1,1,1,-1,1,1,-1,1,1,1,1,1,0,0,1,1,0,1,1,1,1,-1,1,0,-1,1,0,1,0
UCI327-00847,1,-1,1,1,1,-1,1,1,1,1,1,1,1,0,0,-1,1,1,0,1,1,1,1,1,1,1,1,1,0,1,0
UCI327-08454,1,-1,1,-1,1,-1,1,1,-1,1,1,1,1,0,-1,-1,1,1,0,1,1,1,1,1,1,-1,-1,1,0,1,0
UCI327-09313,-1,1,1,1,1,-1,1,-1,1,1,1,1,1,0,0,-1,1,1,0,1,1,1,1,1,1,1,1,-1,1,1,1
UCI327-09457,-1,-1,1,1,1,-1,1,-1,1,1,1,1,-1,0,0,-1,1,1,0,1,1,1,1,1,1,1,-1,1,1,1,1
UCI327-08954,1,1,-1,1,-1,-1,1,1,-1,1,1,-1,1,0,-1,1,1,-1,1,1,1,1,1,1,-1,1,1,-1,1,1,0
UCI327-10048,1,-1,1,1,1,-1,0,-1,-1,1,1,1,-1,-1,-1,-1,1,1,0,1,1,1,1,1,1,1,-1,1,0,1,1
UCI327-08416,1,-1,1,1,1,-1,1,-1,-1,1,1,1,1,0,0,-1,1,1,0,1,1,1,1,1,1,1,-1,-1,0,1,1
UCI327-06610,-1,-1,1,1,1,-1,0,-1,-1,1,1,1,-1,1,-1,-1,1,1,0,1,1,1,1,-1,1,0,1,1,0,1,1
UCI327-01131,1,-1,1,1,1,-1,-1,1,1,-1,-1,1,-1,1,1,-1,-1,1,0,-1,-1,-1,-1,1,-1,1,-1,1,1,-1,0
UCI327-09837,-1,-1,-1,-1,-1,-1,1,-1,1,-1,-1,-1,-1,-1,-1,-1,-1,-1,1,-1,1,-1,-1,1,-1,1,-1,1,1,1,1
UCI327-10374,-1,-1,1,-1,1,-1,0,-1,1,-1,1,1,-1,-1,0,-1,1,-1,0,1,1,-1,1,1,1,1,-1,1,1,1,1
UCI327-01691,1,1,1,1,1,-1,-1,1,-1,1,1,1,1,0,0,1,1,1,0,1,1,1,1,1,1,1,1,1,0,1,0
UCI327-07097,1,-1,1,1,1,-1,1,-1,-1,1,1,1,1,-1,-1,-1,1,1,0,1,1,1,1,-1,1,0,1,1,0,1,1
UCI327-02627,1,-1,1,1,1,1,1,1,-1,-1,-1,-1,1,0,-1,-1,-1,1,0,-1,-1,-1,-1,1,1,1,-1,1,1,-1,0
UCI327-05732,1,-1,1,1,1,-1,0,-1,1,1,1,1,-1,0,-1,-1,1,1,1,1,1,1,1,-1,1,1,1,1,0,1,1
UCI327-08882,-1,-1,1,-1,1,-1,-1,-1,1,-1,-1,1,-1,-1,0,-1,-1,1,0,-1,-1,-1,-1,1,1,1,-1,1,0,1,1
UCI327-05373,-1,-1,1,-1,1,-1,0,-1,-1,-1,-1,1,-1,-1,-1,0,-1,1,1,1,1,-1,1,-1,1,-1,1,1,1,1,1
UCI327-09544,1,-1,-1,1,-1,-1,-1,-1,-1,1,1,-1,1,-1,1,-1,1,-1,1,1,1,1,1,1,-1,0,-1,-1,0,1,1
UCI327-10945,-1,-1,-1,1,-1,-1,1,1,1,1,1,-1,-1,0,1,-1,1,-1,1,1,1,1,1,1,-1,0,-1,1,1,1,0
UCI327-00648,1,-1,1,1,1,-1,0,0,-1,1,1,1,1,-1,-1,-1,1,1,0,1,1,1,1,1,-1,-1,-1,1,1,1,1
UCI327-00514,1,1,1,1,1,-1,0,-1,-1,1,1,1,1,-1,1,1,1,1,0,1,1,1,1,-1,-1,-1,-1,1,1,1,1
UCI327-05293,1,-1,1,-1,1,-1,-1,1,1,1,1,1,-1,1,0,-1,-1,-1,0,1,1,1,1,-1,1,1,1,1,0,1,0
UCI327-09545,-1,-1,1,1,1,-1,-1,-1,1,1,1,1,-1,-1,-1,0,1,1,0,1,1,1,1,1,1,1,-1,-1,0,1,1
UCI327-05205,1,1,-1,-1,-1,1,1,1,-1,1,1,-1,1,0,0,1,-1,-1,0,1,1,1,1,1,1,1,-1,1,1,1,0
UCI327-09161,-1,1,1,1,1,-1,1,1,-1,1,1,1,1,1,1,1,1,1,0,1,1,1,1,1,1,-1,1,1,0,1,0
UCI327-10523,1,-1,1,-1,1,-1,1,1,-1,-1,-1,1,1,1,1,-1,1,-1,0,-1,1,-1,1,1,1,0,-1,1,1,1,0
UCI327-01054,1,-1,1,1,1,-1,0,-1,1,1,1,1,1,-1,0,-1,1,1,0,1,1,1,1,-1,1,-1,-1,1,0,1,1
UCI327-06768,1,-1,1,1,1,1,1,1,-1,1,1,1,1,0,-1,-1,1,1,0,1,1,1,1,-1,1,1,1,1,0,1,0
UCI327-00291,-1,1,-1,1,-1,1,0,-1,-1,1,1,-1,1,1,1,1,1,-1,1,1,1,1,1,1,1,1,-1,-1,1,-1,0
UCI327-00901,1,-1,1,1,1,-1,1,-1,1,1,1,1,-1,-1,-1,-1,1,1,0,1,1,1,1,1,-1,0,-1,1,0,1,1
UCI327-06006,1,-1,1,-1,1,1,1,1,1,-1,-1,1,-1,1,0,-1,-1,1,0,-1,1,-1,-1,-1,1,1,1,1,0,1,0
UCI327-08286,-1,-1,1,1,1,1,1,1,-1,1,1,1,1,-1,-1,-1,1,1,0,1,1,1,1,1,-1,-1,-1,1,1,1,0
UCI327-03074,1,-1,1,1,1,-1,1,-1,-1,-1,1,1,1,0,0,-1,1,1,0,-1,1,-1,1,1,-1,0,-1,1,-1,-1,1
UCI327-01082,1,-1,1,1,1,-1,-1,-1,-1,-1,-1,1,-1,-1,0,-1,-1,1,0,-1,-1,-1,-1,-1,-1,0,-1,1,0,-1,1
UCI327-07608,1,-1,1,1,1,-1,0,-1,1,1,1,1,-1,-1,0,1,1,1,1,1,1,1,1,-1,1,-1,1,1,0,-1,1
UCI327-05473,-1,1,1,1,1,-1,0,0,-1,1,1,1,1,-1,-1,-1,1,1,0,1,1,1,1,1,1,-1,1,1,-1,-1,1
UCI327-10352,1,-1,1,1,1,1,1,1,1,1,1,1,-1,0,0,-1,1,1,0,1,1,1,1,-1,1,0,-1,1,0,1,0
UCI327-06897,1,-1,1,-1,-1,1,-1,1,1,-1,-1,-1,-1,0,1,1,-1,-1,0,-1,1,-1,1,-1,1,1,-1,-1,0,1,0
UCI327-10896,1,-1,1,1,1,-1,0,0,-1,1,1,1,-1,-1,0,-1,1,1,0,1,1,1,1,1,1,1,-1,1,0,1,1
UCI327-05928,-1,-1,1,1,1,-1,-1,1,-1,1,1,1,1,0,-1,1,1,1,0,1,1,1,1,-1,1,1,1,1,1,1,0
UCI327-09650,1,-1,1,1,1,-1,-1,0,1,1,1,1,-1,0,0,0,1,1,0,1,1,1,1,1,1,0,-1,1,0,1,1
UCI327-09281,-1,-1,1,1,1,-1,-1,1,1,1,1,1,-1,0,0,1,1,1,0,1,1,1,1,1,1,1,-1,1,0,-1,0
UCI327-05719,1,-1,1,1,1,1,1,1,-1,1,1,1,1,0,0,-1,1,1,0,1,1,1,1,-1,1,1,-1,1,1,1,0
UCI327-07447,1,-1,1,1,1,-1,0,-1,-1,1,1,1,-1,-1,-1,-1,1,1,0,1,1,1,1,-1,1,-1,1,1,0,1,1
UCI327-01473,1,-1,1,1,1,-1,0,-1,1,1,1,1,1,0,-1,-1,1,1,0,1,1,1,1,-1,-1,0,-1,-1,0,1,1
UCI327-07102,1,-1,1,1,1,1,-1,1,-1,1,1,1,1,1,1,1,1,1,0,1,1,1,1,-1,1,1,-1,1,0,1,0
UCI327-02536,-1,-1,-1,1,-1,-1,0,-1,-1,-1,-1,-1,-1,-1,1,-1,-1,-1,1,-1,1,-1,-1,-1,-1,-1,-1,1,1,-1,1
UCI327-07449,-1,-1,1,-1,1,-1,0,-1,1,-1,1,1,-1,-1,0,-1,1,-1,0,1,1,-1,1,-1,1,0,1,1,1,1,1
UCI327-10240,-1,-1,1,-1,1,-1,0,0,-1,-1,-1,1,-1,-1,0,-1,-1,1,0,1,1,-1,1,1,1,1,-1,1,0,1,1
UCI327-09395,-1,1,1,1,1,-1,0,-1,-1,1,1,1,1,-1,0,-1,1,1,0,1,1,1,1,-1,1,0,1,1,1,1,1
UCI327-05362,-1,-1,-1,-1,-1,-1,0,1,-1,1,1,-1,1,0,-1,-1,1,-1,0,1,1,1,1,-1,-1,1,-1,-1,1,1,0
UCI327-10334,1,-1,1,1,1,-1,1,-1,-1,-1,-1,1,1,0,-1,0,-1,1,0,1,1,-1,1,1,1,-1,-1,1,0,1,0
UCI327-09172,1,-1,1,-1,1,-1,1,1,-1,-1,-1,1,1,0,-1,0,-1,1,0,1,-1,-1,-1,1,1,1,-1,1,0,1,0
UCI327-00169,1,-1,1,1,1,1,0,1,-1,1,1,1,1,0,0,-1,1,1,0,1,1,1,1,1,1,1,1,1,0,1,0
UCI327-09136,1,-1,1,1,1,-1,1,0,-1,1,1,1,1,-1,1,-1,1,1,0,1,1,1,1,1,1,0,-1,1,0,1,1
UCI327-00620,1,-1,1,-1,1,1,1,1,-1,1,1,1,1,1,1,-1,1,1,0,1,1,1,1,1,1,1,1,1,0,1,0
UCI327-08930,1,-1,1,1,1,-1,-1,-1,1,1,1,1,-1,1,-1,-1,1,1,0,1,1,1,1,1,1,0,-1,1,0,1,1
UCI327-06668,-1,1,1,-1,1,-1,0,-1,-1,-1,-1,1,1,1,-1,-1,-1,1,0,-1,1,-1,-1,1,1,1,-1,1,1,1,0
UCI327-00488,1,1,1,1,1,-1,1,1,-1,1,1,1,1,1,-1,1,1,1,0,1,1,1,1,1,-1,1,-1,1,1,1,0
UCI327-02546,1,-1,1,-1,1,-1,0,1,1,-1,-1,-1,-1,-1,1,-1,-1,-1,0,-1,1,-1,1,1,-1,-1,-1,1,0,-1,1
UCI327-06196,-1,-1,1,1,1,-1,0,1,-1,1,1,1,1,0,-1,-1,1,1,1,1,1,1,1,-1,1,0,-1,1,1,1,0
UCI327-05440,-1,-1,1,1,1,-1,1,-1,-1,1,1,1,1,0,-1,-1,1,1,0,1,1,1,1,-1,1,0,-1,1,0,1,1
UCI327-02063,1,-1,1,1,1,-1,-1,1,-1,1,1,1,1,0,0,-1,1,1,0,1,1,1,1,-1,1,1,1,1,0,1,0
UCI327-08215,1,-1,-1,-1,1,-1,0,1,-1,1,1,1,1,0,-1,-1,1,1,0,1,1,1,1,-1,1,-1,-1,1,0,1,0
UCI327-05686,-1,-1,1,1,1,-1,0,-1,-1,1,1,1,1,-1,0,-1,1,1,0,1,1,1,1,-1,1,1,1,1,0,-1,1
UCI327-07038,1,-1,1,1,1,-1,0,1,-1,1,1,1,1,1,-1,-1,1,1,0,1,1,1,1,-1,1,0,1,1,0,1,0
UCI327-06085,-1,-1,1,1,1,-1,0,-1,-1,1,1,1,1,0,-1,1,1,1,0,1,1,1,1,-1,1,-1,1,1,1,1,1
UCI327-01034,1,-1,1,1,1,-1,0,-1,1,1,1,1,-1,0,1,-1,1,1,0,1,1,1,1,1,-1,1,-1,-1,1,1,1
UCI327-06728,-1,-1,1,1,1,1,0,1,-1,1,1,1,1,1,0,1,1,1,1,1,1,1,1,-1,1,1,-1,1,0,1,0
UCI327-01350,1,1,1,1,1,1,0,-1,-1,1,1,1,1,0,0,1,1,1,0,1,1,1,1,1,1,1,-1,-1,-1,1,0
UCI327-07717,-1,1,-1,-1,-1,-1,0,1,-1,1,1,-1,1,0,0,-1,1,-1,0,1,1,1,1,1,-1,1,1,-1,1,1,0
UCI327-06776,-1,-1,1,1,1,-1,0,0,-1,1,1,1,1,-1,0,-1,1,1,1,1,1,1,1,-1,1,-1,-1,1,0,1,1
UCI327-05248,-1,-1,1,-1,1,-1,1,-1,1,-1,-1,-1,-1,0,-1,-1,-1,1,0,-1,1,-1,-1,-1,1,1,1,1,1,1,1
UCI327-06170,-1,1,-1,-1,-1,-1,1,-1,-1,1,1,-1,1,-1,1,-1,1,-1,0,-1,1,-1,1,1,-1,1,1,-1,0,-1,1
UCI327-07188,-1,-1,1,1,1,-1,1,1,-1,1,1,1,1,1,-1,1,1,1,1,1,1,1,1,-1,1,0,1,1,1,1,0
UCI327-05182,-1,-1,-1,1,1,-1,1,-1,-1,1,1,1,1,0,-1,0,-1,1,0,1,1,1,1,-1,1,-1,1,1,1,1,1
UCI327-08913,1,-1,1,1,1,-1,0,1,-1,1,1,-1,1,-1,-1,-1,1,1,0,1,1,1,1,1,1,1,-1,1,0,1,1
UCI327-02926,1,-1,1,1,1,-1,-1,-1,-1,1,1,1,-1,0,-1,-1,1,1,0,1,1,1,1,-1,-1,-1,1,1,1,1,1
UCI327-02830,1,-1,1,1,1,-1,1,-1,1,1,1,1,-1,-1,0,-1,1,1,0,1,1,1,1,-1,-1,-1,-1,1,1,-1,1
UCI327-06037,1,-1,1,1,1,1,1,1,1,1,1,1,-1,1,1,1,1,1,0,1,1,1,1,-1,1,1,-1,1,0,-1,0
UCI327-09131,-1,-1,1,-1,1,-1,-1,-1,-1,-1,-1,1,-1,-1,0,-1,-1,1,0,1,1,-1,1,1,1,1,-1,-1,0,1,1
UCI327-05615,-1,-1,1,1,1,-1,0,0,1,1,1,1,-1,-1,-1,-1,1,1,0,1,1,1,1,-1,1,0,-1,1,0,1,1
UCI327-00003,1,0,1,1,1,-1,-1,-1,1,1,1,-1,-1,0,0,-1,1,1,0,1,1,1,1,-1,-1,1,-1,1,-1,1,1
UCI327-06669,-1,1,1,1,1,-1,0,-1,-1,1,1,1,1,-1,-1,-1,1,1,1,1,1,1,1,1,1,-1,-1,1,1,1,1
UCI327-08284,-1,-1,1,-1,1,-1,-1,0,1,1,1,1,1,1,-1,-1,1,1,0,1,1,1,1,1,1,1,-1,1,1,1,1
UCI327-09115,-1,1,-1,-1,-1,-1,1,0,-1,1,1,-1,1,-1,1,-1,1,-1,1,1,1,1,1,1,-1,0,1,1,1,1,1
UCI327-06463,1,-1,1,1,1,-1,0,-1,1,1,1,1,1,-1,-1,-1,1,1,0,1,1,1,1,-1,1,-1,1,1,0,1,1
UCI327-00982,1,-1,1,1,1,-1,1,-1,1,1,1,1,1,0,-1,-1,1,1,0,1,1,1,1,-1,-1,1,-1,-1,0,1,1
UCI327-08562,1,-1,1,1,1,1,1,1,-1,1,1,1,1,0,0,-1,1,1,0,1,1,1,1,1,1,-1,-1,1,0,1,0
UCI327-07564,-1,1,-1,1,-1,-1,1,0,-1,1,1,-1,1,-1,0,0,1,-1,0,1,1,1,1,1,-1,1,-1,-1,1,1,1
UCI327-07106,-1,-1,1,1,1,-1,1,1,-1,-1,1,1,1,1,1,1,1,1,1,1,1,-1,1,-1,1,1,-1,1,1,1,0
UCI327-08456,-1,-1,-1,1,-1,-1,1,1,-1,1,1,-1,1,-1,-1,-1,1,-1,1,1,1,1,1,1,-1,1,-1,-1,1,1,1
UCI327-09785,1,-1,1,1,1,-1,0,1,-1,1,1,1,-1,0,1,-1,1,1,0,1,1,1,1,1,1,0,-1,-1,0,1,1
UCI327-10723,-1,-1,1,1,1,-1,-1,-1,1,1,1,1,-1,-1,-1,-1,1,1,0,1,1,1,1,-1,1,1,-1,1,0,1,1
UCI327-02529,1,-1,1,1,1,-1,-1,-1,-1,1,1,1,-1,1,-1,-1,1,1,0,1,1,1,1,1,1,-1,-1,-1,0,-1,1
UCI327-08588,1,-1,1,1,1,1,1,-1,-1,1,1,1,1,1,1,-1,1,1,0,1,1,1,1,1,1,0,-1,1,0,1,0
UCI327-05375,1,-1,1,1,1,-1,0,-1,-1,1,1,1,1,0,0,-1,1,1,1,1,1,1,1,-1,1,1,1,1,0,1,1
UCI327-06332,-1,-1,1,1,1,-1,0,1,1,1,1,1,1,-1,-1,-1,1,1,0,1,1,1,1,-1,1,0,-1,1,0,1,1
UCI327-07487,-1,-1,1,-1,1,-1,0,1,-1,-1,-1,1,1,0,0,1,-1,1,0,1,1,-1,-1,-1,1,1,-1,1,1,1,0
UCI327-07515,-1,-1,1,-1,1,1,1,1,-1,-1,-1,1,1,1,1,-1,-1,1,0,-1,-1,-1,-1,-1,1,1,-1,1,1,1,0
UCI327-05853,-1,-1,-1,1,-1,-1,0,1,-1,1,1,-1,-1,0,-1,0,1,-1,0,1,1,1,1,-1,-1,1,1,-1,1,1,0
UCI327-08186,1,-1,1,1,1,-1,0,-1,1,1,-1,1,1,-1,1,-1,1,1,0,1,1,1,1,1,1,1,-1,1,1,1,1
UCI327-07390,-1,-1,1,1,1,-1,1,0,1,1,1,1,-1,-1,0,-1,1,1,0,1,1,1,1,-1,1,-1,-1,1,0,1,1
UCI327-01008,1,-1,1,1,1,-1,-1,-1,-1,-1,-1,1,1,-1,0,-1,-1,1,0,-1,1,-1,-1,-1,1,0,-1,1,1,-1,1
UCI327-00784,1,-1,1,1,1,-1,0,-1,-1,-1,-1,1,1,-1,0,-1,-1,1,0,-1,1,-1,-1,-1,-1,-1,-1,1,0,-1,1
UCI327-05775,-1,-1,1,1,1,1,1,1,1,1,1,1,-1,1,0,-1,-1,1,0,1,1,1,1,-1,1,-1,-1,1,1,1,0
UCI327-06883,1,1,1,1,1,-1,0,1,-1,1,1,1,1,1,1,-1,1,1,0,1,1,1,1,1,1,1,1,1,0,1,0
UCI327-09662,1,1,1,1,1,-1,-1,0,1,1,1,1,-1,-1,0,0,1,1,0,1,1,1,1,1,1,0,1,1,0,-1,1
UCI327-05331,1,-1,1,1,1,-1,1,1,-1,1,1,1,1,0,-1,1,1,1,0,1,1,1,1,-1,1,1,1,1,0,1,0
UCI327-05707,1,-1,1,1,1,-1,1,1,-1,1,1,1,-1,0,1,1,1,1,0,1,1,1,1,-1,1,1,1,1,0,1,0
UCI327-10259,-1,-1,-1,1,-1,-1,1,-1,-1,1,1,-1,1,-1,-1,-1,1,-1,1,1,1,1,1,1,-1,0,-1,1,1,1,1
UCI327-00979,1,-1,1,1,1,-1,-1,1,-1,1,1,1,1,1,0,-1,1,1,0,1,1,1,1,1,-1,1,1,1,1,1,0
UCI327-05201,1,-1,-1,-1,-1,1,1,1,1,1,1,-1,-1,1,0,1,-1,-1,0,1,1,1,1,-1,1,1,1,1,1,1,0
UCI327-05274,1,-1,1,1,1,-1,-1,1,-1,1,1,1,-1,1,1,-1,1,1,1,1,1,1,1,-1,1,1,-1,1,0,-1,0
UCI327-08639,1,-1,1,1,1,-1,-1,1,-1,1,1,1,1,0,1,1,1,1,0,1,1,1,1,1,1,1,-1,1,-1,1,0
UCI327-05181,1,-1,-1,-1,-1,-1,1,1,-1,-1,-1,-1,-1,0,1,1,1,-1,0,1,1,-1,1,-1,-1,0,1,-1,1,1,0
UCI327-08460,-1,-1,1,-1,1,-1,-1,-1,-1,1,1,1,1,0,-1,1,-1,-1,0,1,1,1,1,1,1,1,-1,-1,0,1,1
UCI327-03057,1,-1,1,1,1,-1,-1,1,1,-1,1,1,-1,-1,0,-1,1,1,0,1,1,-1,1,-1,-1,-1,-1,1,0,-1,1
UCI327-06135,1,-1,1,1,1,-1,1,1,-1,1,1,1,-1,0,-1,1,1,1,0,1,1,1,1,-1,1,1,1,1,0,1,0
UCI327-10185,-1,1,-1,1,-1,-1,1,0,-1,1,1,-1,1,-1,0,-1,1,1,0,1,1,1,1,1,-1,0,1,-1,-1,1,1
UCI327-10511,1,-1,-1,1,1,-1,0,1,-1,1,1,1,-1,0,0,-1,1,1,0,1,1,1,1,-1,1,-1,-1,1,0,1,0
UCI327-07346,1,1,1,-1,1,-1,0,1,1,1,1,1,-1,0,0,1,-1,-1,0,1,1,1,1,-1,1,1,1,1,-1,1,0
UCI327-08950,1,-1,1,1,1,-1,1,1,1,1,1,1,-1,1,1,-1,1,1,0,1,1,1,1,1,1,-1,-1,1,0,-1,0
UCI327-02380,1,-1,1,-1,1,-1,-1,1,-1,1,1,1,1,1,1,-1,1,1,0,1,1,1,1,-1,1,1,1,1,0,1,0
UCI327-10588,-1,1,1,1,1,-1,-1,-1,-1,1,1,1,1,-1,-1,-1,1,1,0,1,1,1,1,-1,1,1,1,1,0,1,1
UCI327-02134,1,-1,1,1,1,-1,0,-1,1,-1,-1,1,-1,-1,0,-1,-1,1,0,-1,1,-1,-1,1,-1,0,-1,1,1,-1,1
UCI327-08959,1,-1,1,1,1,-1,0,1,-1,1,1,1,-1,0,-1,-1,1,1,0,1,1,1,1,1,1,0,-1,-1,0,1,0
UCI327-05163,-1,1,1,1,1,-1,1,1,-1,1,1,1,1,1,-1,0,1,1,0,1,1,1,1,1,1,1,1,1,1,1,0
UCI327-10599,-1,-1,1,1,1,-1,1,-1,1,1,1,1,-1,0,-1,-1,1,1,0,1,1,1,1,1,1,1,-1,-1,1,1,1
UCI327-08401,-1,-1,1,1,1,-1,-1,0,1,1,1,1,1,1,0,-1,1,1,0,1,1,1,1,1,1,1,-1,1,1,-1,1
UCI327-00802,1,-1,1,1,1,-1,-1,-1,1,1,1,1,-1,-1,-1,-1,1,1,0,1,1,1,1,-1,1,0,-1,-1,0,1,1
UCI327-00101,1,-1,1,1,1,-1,-1,-1,1,1,1,-1,-1,-1,-1,-1,1,1,0,1,1,1,1,1,-1,-1,-1,1,1,1,1
UCI327-01123,1,-1,1,-1,1,-1,-1,1,-1,1,1,1,1,1,1,-1,1,1,0,1,1,1,1,1,1,1,1,-1,0,1,0
UCI327-07866,1,-1,1,1,1,-1,0,-1,1,1,1,1,-1,-1,0,-1,1,1,0,1,1,1,1,-1,1,0,1,1,0,1,1
UCI327-07161,1,-1,1,1,1,-1,0,-1,-1,1,1,1,1,-1,-1,0,1,1,0,1,1,1,1,-1,1,0,1,1,0,1,1
UCI327-09464,-1,-1,1,1,1,-1,1,1,-1,1,1,1,1,0,-1,-1,1,1,0,1,1,1,1,1,1,1,-1,1,0,1,0
UCI327-09372,1,-1,1,1,1,-1,-1,-1,1,1,1,1,-1,-1,-1,-1,1,1,0,1,1,1,1,1,1,-1,-1,1,0,-1,1
UCI327-06063,1,-1,1,1,1,-1,1,1,-1,1,1,1,-1,0,0,-1,1,1,0,1,1,1,1,-1,1,1,1,1,0,1,0
UCI327-09526,-1,-1,1,1,1,-1,-1,0,-1,1,1,1,1,0,-1,0,1,1,0,1,1,1,1,1,1,0,-1,-1,1,1,1
UCI327-01015,-1,-1,-1,1,-1,-1,0,-1,-1,1,1,-1,1,1,0,-1,1,-1,1,1,1,1,1,1,-1,1,-1,1,1,1,0
UCI327-06465,-1,1,1,1,1,-1,0,-1,-1,1,1,1,1,-1,-1,-1,1,1,0,1,1,1,1,1,1,-1,1,1,1,1,1
UCI327-09659,1,-1,1,-1,1,-1,0,-1,-1,-1,-1,1,-1,-1,0,-1,-1,1,0,1,1,-1,-1,1,1,0,-1,1,0,1,1
UCI327-00740,1,-1,1,1,1,-1,-1,-1,-1,1,1,1,1,0,-1,-1,1,1,0,1,1,1,1,-1,-1,-1,1,1,1,1,1
UCI327-09202,-1,-1,1,1,1,-1,1,-1,-1,1,1,1,1,-1,0,-1,1,1,0,1,1,1,1,1,1,1,-1,-1,0,1,1
UCI327-09720,1,-1,1,1,1,-1,1,-1,1,1,1,1,-1,0,1,-1,1,1,0,1,1,1,1,1,1,1,-1,1,1,1,1
UCI327-05169,-1,1,-1,1,-1,-1,0,0,-1,1,1,1,-1,1,-1,-1,-1,1,1,1,1,1,1,-1,1,-1,1,1,1,1,1
UCI327-09537,-1,-1,1,1,1,-1,-1,0,1,1,1,1,-1,-1,-1,-1,1,1,0,1,1,1,1,1,1,0,-1,-1,1,1,1
UCI327-01901,1,-1,1,1,1,-1,-1,-1,-1,-1,-1,1,1,0,-1,-1,-1,1,0,1,1,-1,1,-1,-1,0,-1,-1,0,-1,1
UCI327-05364,-1,1,-1,1,-1,-1,0,-1,-1,1,1,-1,1,1,-1,0,1,-1,1,1,1,1,1,1,-1,-1,1,-1,1,1,1
UCI327-10434,1,-1,1,-1,1,-1,-1,-1,-1,-1,-1,1,-1,-1,1,-1,-1,1,0,-1,-1,-1,-1,-1,1,0,-1,-1,0,1,1
UCI327-08207,-1,-1,-1,1,1,-1,1,1,1,1,1,1,-1,-1,-1,-1,-1,1,0,1,1,1,1,1,1,0,-1,-1,1,1,1
UCI327-05241,1,1,1,1,1,-1,0,1,-1,1,1,1,1,0,1,1,1,1,1,1,1,1,1,1,1,1,1,1,-1,1,0
UCI327-09165,1,-1,-1,1,-1,-1,-1,-1,1,1,1,-1,-1,-1,1,-1,1,-1,1,1,1,1,1,1,-1,0,-1,-1,0,1,1
UCI327-10136,1,-1,1,1,1,1,-1,-1,1,1,1,1,-1,0,-1,-1,1,1,0,1,1,1,1,1,1,0,-1,1,1,1,0
UCI327-10066,1,1,1,1,1,-1,-1,-1,-1,1,1,1,-1,-1,0,-1,1,1,0,1,1,1,1,-1,1,1,1,1,0,-1,1
UCI327-05211,1,-1,1,-1,1,-1,0,1,-1,1,1,1,-1,0,0,0,1,1,0,1,1,1,1,-1,1,1,-1,1,0,1,0
UCI327-08168,1,-1,1,-1,1,-1,-1,-1,-1,1,1,1,-1,0,-1,0,1,1,0,1,1,1,1,1,1,1,-1,1,1,1,0
UCI327-01360,1,-1,1,1,-1,-1,1,-1,-1,1,1,1,1,0,0,-1,-1,1,1,1,1,1,1,-1,1,0,-1,-1,0,1,1
UCI327-05423,-1,-1,1,1,1,1,0,-1,-1,1,1,1,-1,1,1,-1,1,1,0,1,1,1,1,-1,1,1,-1,1,1,1,0
UCI327-07224,-1,0,1,1,1,-1,0,-1,1,1,1,-1,-1,0,-1,-1,1,1,0,1,1,1,1,-1,1,0,1,1,0,1,1
UCI327-07293,-1,1,1,1,1,1,1,1,-1,1,1,1,1,0,1,-1,1,1,0,1,1,1,1,1,1,-1,1,1,1,1,0
UCI327-05626,-1,-1,1,1,1,-1,-1,-1,-1,1,1,1,-1,-1,0,-1,1,1,0,1,1,1,1,-1,1,-1,1,1,1,-1,1
UCI327-06641,-1,-1,1,1,1,1,1,1,1,-1,-1,1,-1,1,-1,-1,-1,1,0,1,1,-1,1,-1,1,1,-1,1,1,1,0
UCI327-01450,1,-1,1,1,1,-1,1,1,-1,1,1,1,1,1,0,-1,1,1,0,1,1,1,1,1,-1,1,1,1,0,1,0
UCI327-01335,1,-1,1,1,1,-1,1,-1,-1,1,1,1,-1,-1,0,-1,-1,1,0,1,1,1,1,-1,-1,-1,-1,1,0,1,1
UCI327-05803,1,-1,1,1,1,-1,1,1,-1,1,1,1,1,1,1,0,1,1,0,1,1,1,1,-1,1,1,1,1,0,1,0
UCI327-07646,-1,-1,1,1,-1,-1,-1,-1,1,1,1,1,-1,-1,-1,1,1,1,0,1,1,1,1,-1,1,-1,-1,1,-1,1,1
UCI327-05359,1,-1,1,-1,1,-1,0,1,-1,-1,-1,1,1,1,0,1,-1,1,0,-1,-1,-1,-1,-1,1,1,-1,1,0,1,0
UCI327-00080,1,-1,1,1,-1,-1,0,-1,1,1,1,1,-1,-1,0,-1,1,1,0,1,1,1,1,-1,-1,-1,-1,1,0,1,1
UCI327-07682,-1,-1,1,1,1,-1,0,0,-1,1,1,1,-1,-1,-1,-1,1,1,0,1,1,1,1,-1,1,-1,-1,1,0,-1,1
UCI327-07148,1,1,1,-1,1,-1,0,-1,-1,-1,-1,1,-1,-1,0,-1,-1,1,0,-1,1,-1,-1,1,1,-1,1,1,0,1,1
UCI327-00064,1,1,1,1,-1,1,1,1,-1,-1,1,1,1,1,1,1,1,1,1,-1,1,-1,1,1,-1,1,-1,1,0,1,0
UCI327-00628,1,-1,1,1,1,-1,0,-1,1,1,1,1,-1,-1,0,-1,1,1,0,1,1,1,1,-1,-1,0,-1,1,0,1,1
UCI327-06785,-1,-1,1,1,1,-1,0,0,1,-1,1,-1,-1,-1,0,-1,1,1,0,-1,1,-1,1,-1,1,-1,-1,1,1,1,1
UCI327-05432,-1,1,1,-1,1,-1,0,-1,-1,-1,1,1,1,-1,-1,-1,1,1,0,1,1,-1,1,1,1,-1,1,1,0,1,1
UCI327-02012,1,-1,1,1,1,-1,0,-1,-1,-1,-1,1,1,-1,0,-1,-1,1,0,-1,1,-1,-1,-1,-1,-1,-1,-1,0,-1,1
UCI327-09443,-1,-1,-1,-1,1,-1,-1,0,-1,1,1,-1,-1,-1,1,-1,-1,-1,0,1,1,1,1,1,-1,-1,-1,1,0,1,1
UCI327-05365,1,1,1,1,-1,-1,1,1,-1,-1,1,-1,1,0,1,-1,1,1,0,-1,1,-1,1,1,1,1,-1,1,0,1,0
UCI327-05985,1,-1,1,1,1,-1,1,0,-1,1,1,1,1,-1,-1,-1,1,1,0,1,1,1,1,-1,1,-1,-1,1,0,1,1
UCI327-08361,-1,0,-1,-1,1,-1,-1,1,1,1,1,1,-1,0,0,-1,-1,-1,0,1,1,1,1,1,1,1,-1,1,0,1,1
UCI327-00074,1,-1,1,1,-1,-1,0,0,-1,1,1,-1,-1,-1,1,-1,1,1,0,1,1,1,1,1,1,-1,-1,1,0,1,1
UCI327-05357,-1,-1,1,-1,1,-1,0,-1,-1,-1,-1,1,1,1,-1,-1,-1,1,1,-1,-1,-1,-1,-1,1,1,1,1,1,-1,1
UCI327-09278,-1,-1,1,1,1,-1,1,1,-1,1,1,1,-1,0,1,1,1,1,0,1,1,1,1,-1,1,0,-1,1,1,1,0
UCI327-05144,1,-1,1,1,1,-1,1,1,-1,1,1,1,1,1,0,0,1,1,0,1,1,1,1,-1,1,0,1,1,0,1,0
UCI327-06008,-1,-1,-1,-1,-1,-1,0,-1,-1,1,1,-1,1,-1,-1,0,1,-1,0,1,1,-1,1,-1,-1,-1,-1,-1,1,1,1
UCI327-01153,1,-1,1,1,1,1,1,1,1,1,1,1,-1,1,1,-1,1,1,0,1,1,1,1,1,-1,1,-1,1,0,1,0
UCI327-02394,1,-1,1,1,1,-1,0,1,-1,1,1,1,-1,0,0,-1,1,1,0,1,1,1,1,-1,1,1,-1,1,0,1,0
UCI327-05998,-1,-1,1,1,1,-1,0,0,1,1,1,1,-1,0,-1,0,1,1,0,1,1,1,1,-1,1,-1,-1,1,1,1,1
UCI327-05368,-1,-1,1,1,1,-1,0,-1,1,1,1,1,-1,1,-1,-1,1,-1,0,1,1,1,1,-1,1,-1,1,1,0,-1,1
UCI327-08258,1,1,1,1,1,1,-1,1,-1,1,1,1,1,0,0,1,1,1,0,1,1,1,1,1,1,1,-1,1,0,1,0
UCI327-06139,-1,-1,1,1,1,-1,0,1,-1,1,1,1,1,0,0,0,1,1,0,1,1,1,1,-1,1,1,1,1,0,1,0
UCI327-08432,1,-1,1,-1,1,1,1,1,1,-1,-1,1,-1,1,1,-1,-1,1,0,-1,1,-1,-1,1,1,0,-1,1,1,1,0
UCI327-07019,-1,-1,1,1,1,-1,1,1,-1,1,1,1,1,0,0,-1,1,1,0,1,1,1,1,-1,1,0,-1,1,1,1,0
UCI327-07846,1,-1,1,1,1,-1,-1,-1,-1,1,1,1,-1,-1,0,-1,1,1,0,1,1,1,1,-1,1,-1,1,1,0,-1,1
UCI327-08380,1,1,1,1,1,-1,-1,1,-1,1,1,1,-1,-1,-1,-1,1,1,0,1,1,1,1,1,1,1,1,1,0,-1,1
UCI327-00353,1,-1,1,1,1,-1,0,1,-1,1,1,1,-1,0,1,-1,1,1,0,1,1,1,1,-1,-1,1,1,1,0,1,0
UCI327-05226,-1,-1,1,1,1,1,0,1,-1,1,1,1,-1,1,0,0,1,1,0,1,1,1,1,-1,1,1,1,1,1,1,0
UCI327-07707,1,-1,1,1,1,-1,0,-1,1,1,1,1,-1,1,-1,-1,1,1,1,1,1,1,1,-1,1,-1,-1,1,1,1,1
UCI327-05881,-1,-1,1,1,1,-1,1,0,-1,1,1,1,-1,-1,0,0,1,1,0,1,1,1,1,-1,1,0,-1,1,1,-1,1
UCI327-08261,1,-1,1,1,1,-1,0,-1,-1,1,1,1,-1,-1,1,-1,-1,1,0,1,1,1,1,1,1,-1,-1,1,0,1,1
UCI327-08247,-1,-1,-1,-1,-1,-1,-1,-1,-1,-1,-1,-1,-1,0,1,-1,-1,-1,1,-1,1,1,-1,1,-1,1,-1,1,1,1,1
UCI327-02575,-1,-1,1,1,1,1,-1,1,-1,1,1,1,1,-1,-1,-1,1,1,0,1,1,1,1,1,-1,1,-1,1,1,1,0
UCI327-00263,1,-1,1,1,1,-1,-1,1,1,1,1,-1,-1,0,1,-1,-1,1,0,1,1,1,1,1,-1,1,-1,1,0,1,0
UCI327-08253,-1,1,1,-1,1,-1,1,1,-1,1,1,1,1,0,-1,-1,1,1,0,1,1,1,1,1,1,1,1,1,1,1,0
UCI327-00840,-1,-1,-1,1,-1,-1,-1,-1,1,-1,-1,-1,-1,-1,1,-1,-1,-1,1,-1,1,-1,-1,1,-1,1,-1,1,1,-1,1
UCI327-06106,1,1,1,1,1,-1,0,-1,-1,1,1,1,1,-1,-1,-1,1,1,0,1,1,1,1,1,1,0,-1,1,0,1,1
UCI327-06191,-1,-1,1,1,1,-1,0,1,1,1,1,1,-1,0,-1,-1,1,1,0,1,1,1,1,-1,1,1,-1,1,1,1,1
UCI327-09645,-1,-1,1,1,1,-1,1,-1,-1,1,1,-1,-1,1,0,0,1,1,0,1,1,1,1,-1,1,1,-1,1,0,1,0
UCI327-06511,-1,-1,1,1,1,1,0,1,-1,1,1,1,1,0,0,-1,-1,1,0,1,1,1,1,-1,1,1,1,1,0,1,0
UCI327-09042,1,1,1,-1,1,-1,0,0,-1,-1,-1,1,1,-1,0,-1,-1,1,0,1,1,-1,1,1,1,0,1,1,0,1,1
UCI327-00767,1,-1,1,1,1,-1,-1,-1,-1,1,1,1,-1,0,0,-1,1,1,0,1,1,1,1,-1,-1,-1,1,1,1,1,1
UCI327-07023,-1,-1,1,-1,1,-1,-1,1,1,-1,-1,1,-1,1,0,-1,-1,1,1,-1,1,-1,-1,-1,1,1,-1,1,1,1,0
UCI327-09710,-1,-1,1,1,1,-1,-1,0,1,1,1,1,-1,-1,1,1,1,1,0,1,1,1,1,1,1,0,-1,1,1,1,1
UCI327-06438,-1,-1,1,1,1,-1,1,-1,1,1,1,1,-1,0,0,-1,1,1,0,1,1,1,1,-1,1,1,1,1,1,1,1
UCI327-03077,1,-1,1,1,1,-1,-1,-1,-1,1,1,1,1,0,0,-1,1,1,0,1,1,1,1,-1,1,0,-1,1,0,-1,1
UCI327-05175,-1,-1,-1,-1,1,-1,1,1,1,-1,-1,1,-1,1,1,-1,1,1,0,-1,-1,-1,-1,-1,1,1,-1,1,1,1,0
UCI327-06855,1,1,1,1,1,-1,0,1,-1,1,1,1,1,0,0,1,1,1,0,1,1,1,1,1,1,1,-1,1,0,1,0
UCI327-06393,-1,-1,-1,-1,-1,-1,0,-1,1,-1,-1,-1,-1,-1,-1,-1,-1,-1,0,-1,1,-1,-1,-1,-1,-1,-1,-1,1,1,1
UCI327-00702,-1,1,-1,1,-1,1,0,-1,-1,-1,-1,-1,1,1,1,1,-1,-1,1,1,-1,-1,-1,-1,1,0,-1,-1,1,-1,0
UCI327-07587,-1,1,1,-1,1,-1,0,1,-1,1,1,1,-1,0,1,-1,1,-1,1,-1,1,-1,1,-1,1,0,1,1,-1,1,1
UCI327-09774,-1,1,1,1,1,-1,-1,0,-1,1,1,1,1,-1,-1,-1,1,1,0,1,1,1,1,1,1,0,1,-1,1,1,1
UCI327-04615,1,-1,1,1,1,-1,0,0,1,-1,-1,1,1,-1,0,-1,-1,1,0,1,1,-1,1,1,1,0,-1,-1,0,-1,1
UCI327-06088,-1,1,1,-1,1,-1,1,1,1,1,1,-1,-1,0,-1,1,-1,-1,0,1,1,1,1,-1,1,-1,-1,1,-1,1,0
UCI327-06384,1,-1,1,1,1,-1,1,0,-1,1,1,1,-1,-1,0,-1,1,1,0,1,1,1,1,-1,1,0,-1,1,0,1,1
UCI327-06376,-1,1,1,1,1,-1,-1,-1,-1,1,1,1,1,-1,0,-1,1,1,0,1,1,1,1,1,1,0,-1,1,1,1,1
UCI327-01598,1,-1,1,1,1,1,1,1,1,1,1,1,-1,1,0,-1,1,1,0,1,1,1,1,1,-1,1,-1,1,1,1,0
UCI327-02827,1,-1,1,1,-1,-1,1,-1,1,1,1,1,-1,-1,0,-1,1,1,0,1,1,1,1,1,1,-1,-1,1,0,1,1
UCI327-02503,1,0,-1,1,1,-1,-1,1,-1,1,1,1,1,0,1,-1,-1,-1,0,1,1,1,1,1,-1,1,-1,-1,0,-1,0
UCI327-02625,1,-1,1,1,1,-1,0,1,-1,-1,-1,-1,1,1,1,-1,-1,1,0,-1,1,-1,1,-1,-1,1,-1,1,1,-1,0
